27897
1
1
1
2
1
3
1
4
1
5
1
6
1
7
1
8
1
9
1
10
1
11
1
12
1
13
1
14
1
15
1
16
1
17
1
18
10
19
51
27
392
8114
304
5765
1009
1081
18
1
20
1
21
3
908
22
305
15
3097
3327
4725
4726
4734
7291
7295
70
4733
8102
4731
4718
143
7292
7293
7
691
24
3821
3825
5756
5752
5755
1
25
1
26
10
19
51
27
392
8114
304
5765
1009
1081
18
1
28
1
29
1
30
8
922
31
2098
920
2100
5801
1700
386
1
32
1
33
1
34
1
35
1
36
1
37
1
38
1
39
1
40
1
41
1
42
1
43
1
44
1
45
5
46
8119
77
90
148
1
47
1
48
1
49
1
50
5
51
27
392
152
309
1
52
1
53
1
54
1
55
1
56
1
57
1
58
2
59
445
3
217
60
439
1
61
1
62
1
63
1
64
1
65
1
66
1
67
1
68
1
69
2
16540
19731
1
71
1
72
1
73
1
74
1
75
1
76
5
46
8119
77
90
148
1
78
1
79
1
80
1
81
1
82
1
83
1
84
4
85
2744
7062
7059
5
86
224
462
8204
8202
1
87
1
88
5
89
241
146
388
384
5
46
8119
77
90
148
1
91
1
92
1
93
1
94
1
95
1
96
1
97
1
98
2
99
140
1
100
1
101
1
102
1
103
1
104
1
105
1
106
1
107
1
108
1
109
1
110
1
111
1
112
1
113
1
114
2
115
684
1
116
1
117
1
118
1
119
1
120
1
121
1
122
1
123
1
124
1
125
1
126
1
127
1
128
1
129
1
130
1
131
1
132
1
133
1
134
1
135
1
136
1
137
6
3886
138
218
369
5259
5261
1
139
2
99
140
1
141
1
142
1
143
7
144
300
323
386
2100
5801
1700
1
145
5
89
241
146
388
384
1
147
5
46
8119
77
90
148
4
16549
16540
19731
16274
1
150
1
151
5
51
27
392
152
309
1
153
1
154
1
155
1
156
1
157
1
158
1
159
1
160
1
161
1
162
1
163
1
164
1
165
1
166
1
167
1
168
1
169
1
170
1
171
1
172
1
173
1
174
1
175
1
176
3
2731
3755
177
1
178
8
9073
12542
11670
16812
9033
19592
13924
17441
1
180
1
181
1
182
1
183
1
184
4
185
337
4299
4300
1
186
1
187
1
188
1
189
1
190
1
191
1
192
1
193
1
194
1
195
1
196
1
197
1
198
1
199
1
200
1
201
1
202
1
203
1
204
4
16549
16540
19731
16274
1
206
1
207
1
208
1
209
1
210
1
211
1
212
1
213
1
214
1
215
1
216
3
217
60
439
1
218
1
219
1
220
1
221
1
222
1
223
5
86
224
462
8204
8202
1
225
1
226
1
227
1
228
1
229
1
230
1
231
1
232
1
233
1
234
1
235
1
236
1
237
1
238
1
239
1
240
3
241
146
89
1
242
1
243
1
244
1
245
1
246
1
247
1
248
1
249
1
250
1
251
1
252
1
253
1
254
1
255
1
256
1
257
1
258
3
1006
259
352
3
260
6642
1497
1
261
1
262
1
263
7
264
286
954
465
2343
5710
5711
1
265
1
266
5
267
268
144
300
323
5
267
268
144
300
323
1
269
1
270
1
271
1
272
1
273
1
274
1
275
1
276
11
16549
16540
19731
17164
8580
8582
19729
19730
8584
8587
16768
1
278
1
279
1
280
1
281
1
282
1
283
1
284
1
285
7
264
286
954
465
2343
5710
5711
1
287
1
288
1
289
1
290
1
291
1
292
1
293
1
294
1
295
1
296
1
297
1
298
1
299
5
267
268
144
300
323
1
301
1
302
1
303
5
8114
304
5765
1009
1081
13
3097
3327
4725
4726
4734
7291
7295
70
4733
8102
4731
4718
143
1
306
2
307
319
1
308
5
51
27
392
152
309
1
310
4
311
2712
5295
5297
1
312
1
313
1
314
1
315
1
316
1
317
1
318
1
319
1
320
1
321
1
322
3
144
300
323
1
324
1
325
1
326
1
327
1
328
1
329
1
330
1
331
1
332
1
333
1
334
1
335
3
2987
336
2007
4
185
337
4299
4300
10
7104
338
2345
451
5571
1725
3472
7100
7103
7107
1
339
1
340
1
341
1
342
1
343
1
344
1
345
1
346
1
347
2
2528
4290
1
349
1
350
1
351
1
352
1
353
1
354
1
355
1
356
1
357
1
358
1
359
1
360
1
361
1
362
1
363
1
364
1
365
1
366
1
367
1
368
7
3864
3886
138
218
369
5259
5261
2
370
385
1
371
1
372
1
373
1
374
1
375
1
376
1
377
1
378
1
379
1
380
1
381
1
382
1
383
1
384
1
385
7
144
300
323
386
2100
5801
1700
1
387
5
89
241
146
388
384
1
389
1
390
1
391
1
392
1
393
1
394
1
395
1
396
1
397
1
398
1
399
1
400
2
2528
4290
1
402
1
403
1
404
1
405
1
406
1
407
1
408
1
409
1
410
1
411
1
412
1
413
1
414
1
415
1
416
1
417
1
418
5
419
993
1152
3401
3402
2
2528
4290
1
421
1
422
1
423
1
424
1
425
1
426
1
427
1
428
1
429
1
430
1
431
1
432
1
433
1
434
1
435
1
436
1
437
1
438
1
439
7
440
5485
5196
5258
1165
2106
5264
1
441
1
442
1
443
1
444
2
59
445
1
446
1
447
1
448
1
449
2
2528
4290
10
7104
338
2345
451
5571
1725
3472
7100
7103
7107
1
452
1
453
8
2528
4290
7415
7419
7422
3858
3863
7418
1
455
1
456
1
457
1
458
1
459
1
460
1
461
5
86
224
462
8204
8202
1
463
1
464
4
465
2343
5710
5711
1
466
1
467
1
468
5
469
465
2343
5710
5711
1
470
1
471
1
472
1
473
6
474
491
2077
512
673
8243
1
475
1
476
1
477
1
478
1
479
1
480
1
481
1
482
1
483
1
484
1
485
1
486
1
487
1
488
1
489
1
490
3
474
491
2077
1
492
1
493
1
494
1
495
1
496
1
497
8
9073
12542
11670
16812
9033
19592
13924
17441
1
499
4
500
1344
3822
5147
1
501
1
502
1
503
1
504
1
505
1
506
1
507
1
508
1
509
1
510
1
511
6
474
491
2077
512
673
8243
1
513
1
514
6
515
581
1459
1469
1466
1304
1
516
1
517
1
518
1
519
1
520
4
521
801
1454
2255
2
522
541
13
3097
3327
4725
4726
4734
7291
7295
70
4733
8102
4731
4718
143
1
524
1
525
1
526
1
527
1
528
1
529
1
530
1
531
8
9073
12542
11670
16812
9033
19592
13924
17441
8
9073
12542
11670
16812
9033
19592
13924
17441
1
534
1
535
1
536
1
537
2
2528
4290
1
539
8
540
586
602
532
533
8152
564
8234
2
522
541
1
542
1
543
1
544
1
545
1
546
1
547
1
548
1
549
8
9073
12542
11670
16812
9033
19592
13924
17441
1
551
1
552
1
553
1
554
1
555
1
556
1
557
8
9073
12542
11670
16812
9033
19592
13924
17441
1
559
1
560
1
561
9
4795
4038
5284
5285
6085
3490
4046
6443
7083
1
563
9
4795
4038
5284
5285
6085
3490
4046
6443
7083
1
565
1
566
1
567
1
568
1
569
1
570
1
571
1
572
1
573
1
574
1
575
11
576
1471
2125
1506
1483
718
777
1332
778
1481
1482
1
577
1
578
1
579
1
580
6
515
581
1459
1469
1466
1304
1
582
2
583
620
1
584
1
585
15
588
8264
540
586
602
532
533
8152
564
8234
8266
622
655
674
2737
9
587
624
8234
564
602
622
655
674
2737
15
588
8264
540
586
602
532
533
8152
564
8234
8266
622
655
674
2737
1
589
1
590
1
591
1
592
1
593
1
594
1
595
1
596
4
597
3083
7751
8251
1
598
1
599
17
600
625
588
8264
540
586
602
532
533
8152
564
8234
8266
622
655
674
2737
1
601
9
4795
4038
5284
5285
6085
3490
4046
6443
7083
1
603
1
604
1
605
1
606
1
607
1
608
1
609
1
610
1
611
1
612
1
613
1
614
1
615
1
616
9
4795
4038
5284
5285
6085
3490
4046
6443
7083
1
618
1
619
2
583
620
1
621
9
4795
4038
5284
5285
6085
3490
4046
6443
7083
1
623
9
587
624
8234
564
602
622
655
674
2737
17
600
625
588
8264
540
586
602
532
533
8152
564
8234
8266
622
655
674
2737
1
626
1
627
1
628
1
629
1
630
4
631
632
8160
8262
4
631
632
8160
8262
1
633
1
634
1
635
1
636
1
637
1
638
1
639
1
640
1
641
1
642
1
643
1
644
1
645
1
646
1
647
1
648
1
649
1
650
1
651
1
652
1
653
1
654
9
4795
4038
5284
5285
6085
3490
4046
6443
7083
1
656
1
657
8
658
752
564
602
622
655
674
2737
1
659
1
660
1
661
1
662
1
663
1
664
1
665
1
666
1
667
1
668
1
669
1
670
1
671
1
672
6
474
491
2077
512
673
8243
3
11691
12075
11386
4
675
2231
2232
3221
1
676
1
677
1
678
1
679
1
680
1
681
1
682
1
683
2
115
684
1
685
1
686
1
687
1
688
1
689
1
690
4
691
24
3821
3825
1
692
1
693
1
694
1
695
1
696
3
697
804
833
1
698
1
699
1
700
1
701
1
702
1
703
3
11691
12075
11386
1
705
1
706
1
707
1
708
1
709
1
710
1
711
1
712
1
713
1
714
1
715
1
716
1
717
13
3097
3327
4725
4726
4734
7291
7295
70
4733
8102
4731
4718
143
1
719
1
720
1
721
3
11691
12075
11386
1
723
1
724
1
725
4
726
743
6900
6903
1
727
1
728
1
729
1
730
1
731
1
732
1
733
1
734
1
735
1
736
1
737
1
738
1
739
1
740
1
741
1
742
4
726
743
6900
6903
1
744
1
745
1
746
1
747
1
748
1
749
1
750
1
751
8
658
752
564
602
622
655
674
2737
1
753
1
754
1
755
1
756
1
757
1
758
1
759
1
760
1
761
1
762
1
763
1
764
1
765
1
766
1
767
1
768
1
769
3
8446
8444
8445
1
771
1
772
1
773
1
774
1
775
1
776
13
3097
3327
4725
4726
4734
7291
7295
70
4733
8102
4731
4718
143
3
778
1481
1483
1
779
1
780
1
781
1
782
1
783
1
784
1
785
1
786
7
787
1086
1268
1272
1278
1407
1277
4
788
790
819
7811
1
789
4
788
790
819
7811
1
791
1
792
1
793
8
794
827
830
704
722
795
796
826
3
11691
12075
11386
3
11691
12075
11386
1
797
1
798
1
799
1
800
4
521
801
1454
2255
1
802
1
803
2
804
833
1
805
1
806
4
807
1587
1877
7745
1
808
1
809
3
11691
12075
11386
5
8036
864
5585
97
5586
5
8036
864
5585
97
5586
1
813
1
814
1
815
1
816
1
817
1
818
4
788
790
819
7811
1
820
1
821
1
822
1
823
1
824
1
825
5
8036
864
5585
97
5586
8
794
827
830
704
722
795
796
826
1
828
1
829
8
794
827
830
704
722
795
796
826
1
831
1
832
3
697
804
833
1
834
1
835
1
836
1
837
1
838
1
839
1
840
1
841
1
842
1
843
1
844
5
845
1617
2185
2530
2532
1
846
1
847
17
848
2171
3996
868
925
5526
3804
3810
3805
3806
1154
3575
3803
420
5131
5280
5281
1
849
1
850
4
851
3321
7582
7583
2
852
8094
1
853
1
854
1
855
1
856
1
857
4
858
1569
1570
1571
1
859
1
860
1
861
1
862
1
863
1
864
1
865
1
866
4
867
1150
1155
3577
1
868
1
869
1
870
1
871
1
872
4
873
2814
7846
7847
1
874
1
875
2
876
877
2
876
877
2
878
5629
2
879
1568
1
880
1
881
1
882
1
883
1
884
1
885
1
886
1
887
1
888
1
889
1
890
1
891
1
892
2
8093
893
1
894
5
8036
864
5585
97
5586
1
896
5
8036
864
5585
97
5586
1
898
1
899
1
900
3
901
915
2724
1
902
1
903
5
904
3832
1098
2471
2476
3
905
2251
5688
1
906
7
907
1099
904
3832
1098
2471
2476
3
8446
8444
8445
1
909
4
910
1350
3387
3392
1
911
1
912
1
913
1
914
3
901
915
2724
1
916
1
917
1
918
4
919
1042
1536
5734
8
922
31
2098
920
2100
5801
1700
386
1
921
8
922
31
2098
920
2100
5801
1700
386
1
923
1
924
15
925
5526
3804
3810
3805
3806
1154
3575
3803
420
5131
5280
3996
868
5281
1
926
1
927
1
928
1
929
1
930
10
931
5767
908
22
305
23
401
454
2507
2508
1
932
1
933
1
934
2
935
5422
1
936
1
937
1
938
1
939
1
940
1
941
1
942
1
943
1
944
1
945
1
946
1
947
1
948
5
8036
864
5585
97
5586
1
950
1
951
1
952
1
953
7
264
286
954
465
2343
5710
5711
5
955
3412
3889
5864
5862
1
956
8
17465
8306
10990
11009
19015
19666
20431
17225
1
958
3
959
5323
2776
1
960
1
961
1
962
1
963
1
964
6
965
3787
370
3785
3783
385
1
966
1
967
1
968
3
8446
8444
8445
1
970
1
971
3
972
3581
434
10
973
5193
3770
3886
3768
3769
3773
3774
3771
3772
2
974
129
1
975
1
976
1
977
9
978
2539
3867
3935
3942
5810
3880
3932
3933
1
979
1
980
1
981
1
982
1
983
1
984
1
985
1
986
1
987
1
988
1
989
1
990
1
991
1
992
5
419
993
1152
3401
3402
1
994
1
995
4
8446
8444
8445
8442
1
997
7
998
3953
5803
3838
1006
259
352
1
999
1
1000
1
1001
1
1002
1
1003
1
1004
2
1005
7598
8
1006
259
352
3838
324
241
146
89
8
8446
8444
8445
8442
8443
15674
12797
20351
1
1008
5
8114
304
5765
1009
1081
1
1010
8
1011
5179
1028
1007
1027
8114
304
5765
1
1012
1
1013
1
1014
1
1015
1
1016
1
1017
1
1018
1
1019
1
1020
1
1021
1
1022
3
1023
2052
2228
1
1024
1
1025
1
1026
4
8446
8444
8445
8442
2
14138
16480
1
1029
8
1030
1308
1426
538
1423
1424
1428
5158
1
1031
1
1032
1
1033
1
1034
1
1035
1
1036
1
1037
7
1038
5715
5759
1377
1331
6048
8103
6
14138
13943
14135
16478
16387
16480
1
1040
8
1039
2055
770
1057
1172
1297
1429
1041
4
919
1042
1536
5734
8
1043
1085
297
5736
5739
205
348
761
1
1044
1
1045
1
1046
1
1047
1
1048
1
1049
1
1050
1
1051
1
1052
1
1053
1
1054
1
1055
1
1056
2
14138
16480
1
1058
1
1059
8
17465
8306
10990
11009
19015
19666
20431
17225
1
1061
1
1062
1
1063
1
1064
1
1065
1
1066
1
1067
1
1068
1
1069
1
1070
1
1071
1
1072
1
1073
1
1074
1
1075
1
1076
1
1077
1
1078
1
1079
1
1080
10
19
51
27
392
8114
304
5765
1009
1081
18
2
1082
8114
1
1083
1
1084
2
14138
16480
7
787
1086
1268
1272
1278
1407
1277
1
1087
1
1088
1
1089
1
1090
1
1091
1
1092
1
1093
1
1094
1
1095
1
1096
1
1097
5
904
3832
1098
2471
2476
7
907
1099
904
3832
1098
2471
2476
4
1100
3536
3539
6973
1
1101
1
1102
1
1103
1
1104
1
1105
1
1106
1
1107
1
1108
1
1109
1
1110
1
1111
1
1112
1
1113
1
1114
7
1115
2233
2256
3550
898
2273
2225
1
1116
1
1117
1
1118
3
1167
1119
1331
2
1120
6553
1
1121
1
1122
1
1123
1
1124
1
1125
1
1126
1
1127
1
1128
1
1129
4
1130
1163
1192
1194
1
1131
1
1132
1
1133
1
1134
1
1135
1
1136
1
1137
1
1138
1
1139
1
1140
1
1141
1
1142
1
1143
1
1144
1
1145
1
1146
3
3167
1147
6844
10
1148
3167
1147
6844
5073
3173
4853
4855
4857
5231
1
1149
4
867
1150
1155
3577
1
1151
5
419
993
1152
3401
3402
2
1153
1152
5
1154
3575
3805
3806
5526
4
867
1150
1155
3577
1
1156
1
1157
1
1158
1
1159
1
1160
7
1161
1298
770
1057
1172
1297
1429
4
1162
440
5485
5353
4
1130
1163
1192
1194
5
1164
440
5485
5196
5258
7
440
5485
5196
5258
1165
2106
5264
1
1166
3
1167
1119
1331
1
1168
1
1169
1
1170
1
1171
2
14138
16480
1
1173
1
1174
1
1175
2
1176
1177
1
1177
4
1178
3136
3148
3240
1
1179
1
1180
1
1181
1
1182
1
1183
1
1184
1
1185
1
1186
1
1187
1
1188
1
1189
1
1190
1
1191
4
1130
1163
1192
1194
1
1193
4
1130
1163
1192
1194
1
1195
1
1196
1
1197
1
1198
1
1199
1
1200
1
1201
1
1202
1
1203
1
1204
1
1205
1
1206
1
1207
1
1208
3
1209
2296
4741
1
1210
1
1211
1
1212
1
1213
1
1214
1
1215
6
1115
2233
2256
3550
898
1216
1
1217
1
1218
1
1219
1
1220
1
1221
1
1222
1
1223
1
1224
1
1225
1
1226
1
1227
1
1228
1
1229
7
1230
1397
1017
1104
1930
1952
1348
1
1231
1
1232
1
1233
1
1234
1
1235
1
1236
1
1237
1
1238
1
1239
1
1240
1
1241
1
1242
1
1243
1
1244
1
1245
1
1246
1
1247
1
1248
1
1249
1
1250
1
1251
1
1252
1
1253
1
1254
1
1255
1
1256
1
1257
1
1258
1
1259
1
1260
1
1261
1
1262
1
1263
1
1264
1
1265
1
1266
1
1267
4
1268
1272
1278
1407
1
1269
1
1270
1
1271
7
787
1086
1268
1272
1278
1407
1277
1
1273
1
1274
1
1275
1
1276
7
787
1086
1268
1272
1278
1407
1277
4
1268
1272
1278
1407
1
1279
1
1280
1
1281
1
1282
1
1283
1
1284
1
1285
1
1286
1
1287
1
1288
3
4376
4962
1289
1
1290
4
1291
1294
3237
3241
1
1292
2
14138
16480
4
1291
1294
3237
3241
1
1295
1
1296
7
14499
13625
15559
16021
13169
16025
18552
7
1161
1298
770
1057
1172
1297
1429
7
14499
13625
15559
16021
13169
16025
18552
1
1300
1
1301
1
1302
1
1303
3
1469
1466
1304
1
1305
1
1306
1
1307
8
1030
1308
1426
538
1423
1424
1428
5158
1
1309
1
1310
1
1311
1
1312
1
1313
1
1314
1
1315
8
17465
8306
10990
11009
19015
19666
20431
17225
1
1317
1
1318
1
1319
1
1320
1
1321
7
14499
13625
15559
16021
13169
16025
18552
2
6361
1323
1
1324
1
1325
3
3447
1326
4670
1
1327
1
1328
1
1329
1
1330
8
5715
5759
1377
1331
1376
1038
6048
8103
9
1332
778
1481
1483
1482
2125
1506
718
777
1
1333
1
1334
1
1335
1
1336
1
1337
1
1338
1
1339
1
1340
1
1341
1
1342
1
1343
4
500
1344
3822
5147
1
1345
1
1346
4
1347
3731
4286
8277
1
1348
1
1349
4
910
1350
3387
3392
1
1351
1
1352
1
1353
1
1354
1
1355
1
1356
4
1357
1358
1368
1369
4
1357
1358
1368
1369
1
1359
1
1360
1
1361
1
1362
1
1363
1
1364
1
1365
1
1366
4
1367
1818
1350
1971
4
1357
1358
1368
1369
4
1357
1358
1368
1369
1
1370
1
1371
1
1372
1
1373
1
1374
1
1375
8
5715
5759
1377
1331
1376
1038
6048
8103
4
5715
5759
1377
1331
1
1378
1
1379
1
1380
9
1381
2866
1882
1884
1959
7982
2868
7987
8136
1
1382
1
1383
1
1384
1
1385
1
1386
1
1387
1
1388
1
1389
1
1390
6
1391
1347
3731
4286
8277
8275
1
1392
1
1393
1
1394
1
1395
1
1396
4
1230
1397
1017
1104
1
1398
1
1399
1
1400
1
1401
1
1402
1
1403
1
1404
1
1405
1
1406
4
1268
1272
1278
1407
1
1408
1
1409
1
1410
1
1411
1
1412
1
1413
1
1414
1
1415
1
1416
1
1417
1
1418
1
1419
1
1420
1
1421
1
1422
7
14499
13625
15559
16021
13169
16025
18552
7
14499
13625
15559
16021
13169
16025
18552
1
1425
8
1030
1308
1426
538
1423
1424
1428
5158
1
1427
1
1428
7
13294
16963
12002
13264
13267
13270
17259
1
1430
1
1431
1
1432
1
1433
1
1434
1
1435
1
1436
1
1437
1
1438
1
1439
1
1440
1
1441
1
1442
1
1443
1
1444
1
1445
1
1446
1
1447
1
1448
1
1449
1
1450
1
1451
1
1452
1
1453
4
521
801
1454
2255
1
1455
1
1456
1
1457
1
1458
6
515
581
1459
1469
1466
1304
1
1460
4
1461
3479
3480
8115
1
1462
1
1463
1
1464
1
1465
3
1469
1466
1304
1
1467
1
1468
6
515
581
1459
1469
1466
1304
1
1470
11
576
1471
2125
1506
1483
718
777
1332
778
1481
1482
1
1472
1
1473
1
1474
1
1475
1
1476
1
1477
1
1478
1
1479
1
1480
13
3097
3327
4725
4726
4734
7291
7295
70
4733
8102
4731
4718
143
6
11705
17324
11713
11706
18222
18223
3
778
1481
1483
1
1484
1
1485
1
1486
1
1487
4
1488
1641
2416
3430
9
1489
4363
2921
2929
1948
2996
6647
6657
6648
1
1490
1
1491
1
1492
1
1493
1
1494
1
1495
7
13294
16963
12002
13264
13267
13270
17259
3
260
6642
1497
2
1498
1899
1
1499
1
1500
1
1501
4
1502
3406
3273
8104
1
1503
1
1504
1
1505
3
2125
1506
1483
1
1507
1
1508
1
1509
1
1510
1
1511
1
1512
1
1513
1
1514
1
1515
2
1516
3483
1
1517
1
1518
1
1519
1
1520
1
1521
1
1522
1
1523
1
1524
1
1525
1
1526
1
1527
1
1528
1
1529
1
1530
1
1531
1
1532
7
13294
16963
12002
13264
13267
13270
17259
1
1534
1
1535
4
919
1042
1536
5734
1
1537
1
1538
1
1539
1
1540
1
1541
1
1542
1
1543
1
1544
1
1545
1
1546
4
1547
5960
7214
7281
4
1548
7211
7478
7505
1
1549
1
1550
1
1551
1
1552
1
1553
1
1554
7
13294
16963
12002
13264
13267
13270
17259
1
1556
1
1557
1
1558
1
1559
1
1560
1
1561
1
1562
1
1563
1
1564
1
1565
4
1566
1626
6324
6325
1
1567
2
879
1568
4
858
1569
1570
1571
4
858
1569
1570
1571
4
858
1569
1570
1571
1
1572
2
1573
2120
4
1574
3685
4180
7371
10
13294
16963
12002
13264
13267
13270
17259
12596
14316
12134
7
13294
16963
12002
13264
13267
13270
17259
1
1577
1
1578
1
1579
1
1580
1
1581
1
1582
1
1583
1
1584
1
1585
1
1586
4
807
1587
1877
7745
2
1588
5821
1
1589
1
1590
1
1591
6
1592
6331
1627
1645
5966
6319
1
1593
1
1594
1
1595
1
1596
1
1597
1
1598
1
1599
5
12140
12432
17653
17656
9197
1
1601
1
1602
1
1603
5
12140
12432
17653
17656
9197
1
1605
4
1606
2529
2533
3505
5
12140
12432
17653
17656
9197
5
12140
12432
17653
17656
9197
2
1609
3797
1
1610
1
1611
1
1612
1
1613
1
1614
1
1615
1
1616
5
845
1617
2185
2530
2532
1
1618
8
1619
1845
2817
6196
6198
6514
6515
6910
1
1620
1
1621
1
1622
1
1623
4
1624
1638
5883
7903
1
1625
4
1566
1626
6324
6325
6
12140
12432
17653
17656
9197
10793
1
1628
1
1629
1
1630
1
1631
1
1632
1
1633
1
1634
1
1635
1
1636
1
1637
4
1624
1638
5883
7903
1
1639
4
1640
1680
2760
7227
4
1488
1641
2416
3430
1
1642
1
1643
1
1644
5
12140
12432
17653
17656
9197
1
1646
1
1647
1
1648
1
1649
1
1650
1
1651
1
1652
1
1653
1
1654
1
1655
1
1656
1
1657
1
1658
1
1659
1
1660
1
1661
1
1662
1
1663
1
1664
1
1665
1
1666
1
1667
1
1668
1
1669
1
1670
1
1671
4
1672
1673
1679
1776
4
1672
1673
1679
1776
2
1674
1746
1
1675
1
1676
1
1677
1
1678
4
1672
1673
1679
1776
4
1640
1680
2760
7227
1
1681
1
1682
1
1683
9
1684
1685
3970
4215
6316
1627
1645
5966
6319
9
1684
1685
3970
4215
6316
1627
1645
5966
6319
1
1686
2
1687
3647
1
1688
1
1689
1
1690
1
1691
1
1692
1
1693
1
1694
1
1695
1
1696
8
1697
1601
1609
969
1604
1607
1608
3655
1
1698
1
1699
4
2100
5801
1700
386
1
1701
1
1702
3
1703
3498
2762
1
1704
1
1705
1
1706
1
1707
1
1708
1
1709
1
1710
1
1711
1
1712
1
1713
1
1714
2
15962
20363
1
1716
1
1717
1
1718
1
1719
1
1720
7
1721
1795
2626
3517
3516
2628
3518
1
1722
1
1723
1
1724
2
15962
20363
1
1726
1
1727
1
1728
1
1729
1
1730
1
1731
1
1732
1
1733
1
1734
1
1735
2
1736
6338
1
1737
1
1738
10
1739
4042
1547
5960
7214
7281
7356
2589
6084
6086
1
1740
1
1741
1
1742
8
1743
2265
7803
2266
5309
6621
8131
8132
1
1744
11
1745
7239
8129
3395
3850
3048
3047
3950
4100
4808
3051
2
1674
1746
3
1747
3372
3368
1
1748
1
1749
1
1750
1
1751
1
1752
1
1753
1
1754
1
1755
6
1756
1757
2584
2583
2581
2586
6
1756
1757
2584
2583
2581
2586
1
1758
1
1759
1
1760
1
1761
1
1762
1
1763
1
1764
1
1765
1
1766
1
1767
1
1768
1
1769
1
1770
1
1771
1
1772
1
1773
1
1774
1
1775
4
1672
1673
1679
1776
6
1777
1830
2222
3445
2242
3018
2
15962
20363
1
1779
1
1780
1
1781
3
4265
1782
4607
2
1783
2672
1
1784
1
1785
1
1786
1
1787
1
1788
1
1789
1
1790
2
1791
5424
1
1792
1
1793
1
1794
7
1721
1795
2626
3517
3516
2628
3518
1
1796
1
1797
1
1798
1
1799
1
1800
8
17465
8306
10990
11009
19015
19666
20431
17225
1
1802
2
2778
1803
1
1804
1
1805
1
1806
1
1807
1
1808
1
1809
1
1810
1
1811
1
1812
1
1813
1
1814
1
1815
1
1816
1
1817
4
1367
1818
1350
1971
1
1819
1
1820
1
1821
1
1822
1
1823
1
1824
1
1825
1
1826
1
1827
1
1828
1
1829
6
1777
1830
2222
3445
2242
3018
1
1831
1
1832
1
1833
1
1834
1
1835
1
1836
1
1837
1
1838
1
1839
1
1840
1
1841
1
1842
1
1843
1
1844
8
1619
1845
2817
6196
6198
6514
6515
6910
1
1846
1
1847
1
1848
1
1849
1
1850
1
1851
1
1852
1
1853
1
1854
1
1855
1
1856
4
1857
1859
1966
4784
1
1858
4
1857
1859
1966
4784
1
1860
1
1861
1
1862
1
1863
1
1864
1
1865
1
1866
1
1867
1
1868
1
1869
1
1870
1
1871
1
1872
1
1873
1
1874
1
1875
1
1876
4
807
1587
1877
7745
1
1878
1
1879
2
1880
5462
4
1881
5490
6247
6536
2
15962
20363
1
1883
2
15962
20363
1
1885
7
1886
2939
1178
3136
3148
3240
3149
1
1887
1
1888
8
17465
8306
10990
11009
19015
19666
20431
17225
1
1890
1
1891
1
1892
1
1893
1
1894
1
1895
1
1896
1
1897
5
11386
11689
13916
8705
18742
1
1899
1
1900
1
1901
7
1902
1903
1299
1496
1533
1898
1906
7
1902
1903
1299
1496
1533
1898
1906
1
1904
1
1905
5
11386
11689
13916
8705
18742
1
1907
1
1908
1
1909
5
11386
11689
13916
8705
18742
1
1911
1
1912
10
6622
1913
1500
1889
1915
1896
7326
7327
5272
4964
1
1914
5
11386
11689
13916
8705
18742
1
1916
1
1917
1
1918
10
1919
2997
4526
5049
6025
5467
4430
4861
5468
6653
9
1920
4527
5107
70
4733
8102
4731
4718
143
7
1921
1881
5490
6247
6536
6262
8064
1
1922
1
1923
1
1924
2
1925
2970
1
1926
1
1927
10
1928
2976
3334
4449
5067
1910
2967
2989
4488
5069
1
1929
7
1230
1397
1017
1104
1930
1952
1348
1
1931
1
1932
1
1933
1
1934
1
1935
1
1936
1
1937
1
1938
1
1939
1
1940
1
1941
1
1942
1
1943
1
1944
1
1945
1
1946
1
1947
5
11386
11689
13916
8705
18742
1
1949
1
1950
1
1951
7
1230
1397
1017
1104
1930
1952
1348
1
1953
1
1954
1
1955
1
1956
1
1957
1
1958
5
11386
11689
13916
8705
18742
1
1960
1
1961
1
1962
1
1963
1
1964
1
1965
4
1857
1859
1966
4784
1
1967
1
1968
1
1969
1
1970
1
1971
1
1972
1
1973
1
1974
1
1975
1
1976
1
1977
1
1978
1
1979
1
1980
1
1981
1
1982
1
1983
1
1984
1
1985
1
1986
1
1987
1
1988
1
1989
1
1990
1
1991
1
1992
1
1993
1
1994
1
1995
1
1996
1
1997
1
1998
2
1999
5068
1
2000
1
2001
1
2002
1
2003
1
2004
1
2005
1
2006
1
2007
1
2008
1
2009
1
2010
1
2011
1
2012
1
2013
1
2014
1
2015
1
2016
1
2017
1
2018
1
2019
1
2020
1
2021
1
2022
1
2023
1
2024
1
2025
1
2026
1
2027
3
2215
6856
2217
1
2029
1
2030
1
2031
1
2032
1
2033
1
2034
1
2035
1
2036
1
2037
1
2038
1
2039
1
2040
1
2041
1
2042
1
2043
1
2044
1
2045
1
2046
1
2047
1
2048
1
2049
1
2050
7
2051
2250
3174
3144
4540
6939
6940
2
2052
2228
1
2053
1
2054
3
2215
6856
2217
1
2056
1
2057
1
2058
1
2059
1
2060
1
2061
1
2062
1
2063
1
2064
1
2065
1
2066
1
2067
1
2068
1
2069
1
2070
1
2071
1
2072
1
2073
1
2074
1
2075
1
2076
3
474
491
2077
1
2078
1
2079
1
2080
1
2081
1
2082
3
2215
6856
2217
6
2084
3973
8127
3972
3460
4882
1
2085
1
2086
1
2087
1
2088
1
2089
1
2090
1
2091
1
2092
1
2093
1
2094
1
2095
7
2096
2398
2399
4155
4259
4261
4263
1
2097
2
2098
303
1
2099
7
144
300
323
386
2100
5801
1700
1
2101
1
2102
1
2103
1
2104
1
2105
7
440
5485
5196
5258
1165
2106
5264
1
2107
1
2108
1
2109
1
2110
1
2111
1
2112
1
2113
1
2114
1
2115
1
2116
1
2117
1
2118
1
2119
2
1573
2120
1
2121
1
2122
1
2123
1
2124
9
1332
778
1481
1483
1482
2125
1506
718
777
1
2126
3
2127
2088
5513
2
2128
5365
1
2129
1
2130
1
2131
1
2132
1
2133
1
2134
1
2135
1
2136
1
2137
1
2138
1
2139
1
2140
1
2141
1
2142
1
2143
1
2144
1
2145
1
2146
1
2147
1
2148
1
2149
1
2150
1
2151
1
2152
1
2153
1
2154
1
2155
1
2156
1
2157
1
2158
1
2159
1
2160
1
2161
1
2162
1
2163
1
2164
1
2165
1
2166
1
2167
1
2168
1
2169
1
2170
17
848
2171
3996
868
925
5526
3804
3810
3805
3806
1154
3575
3803
420
5131
5280
5281
1
2172
1
2173
1
2174
1
2175
1
2176
4
2177
4269
6077
6079
1
2178
1
2179
1
2180
1
2181
1
2182
2
4824
2183
1
2184
2
1617
2185
1
2186
8
17465
8306
10990
11009
19015
19666
20431
17225
1
2188
1
2189
1
2190
1
2191
1
2192
1
2193
1
2194
3
4203
2195
4839
1
2196
1
2197
1
2198
1
2199
1
2200
1
2201
1
2202
1
2203
1
2204
10
2205
6392
6831
7509
7511
6833
7518
3206
3207
6683
1
2206
4
2207
3205
6826
6827
1
2208
3
2209
3198
3191
1
2210
1
2211
1
2212
2
2213
3185
1
2214
1
2215
1
2216
2
2217
2247
2
2218
2247
1
2219
1
2220
1
2221
6
1777
1830
2222
3445
2242
3018
7
2223
6880
7604
7603
7608
7682
7683
1
2224
6
11705
17324
11713
11706
18222
18223
1
2226
1
2227
3
1023
2052
2228
1
2229
1
2230
4
675
2231
2232
3221
4
675
2231
2232
3221
2
1115
2233
1
2234
2
2235
7292
1
2236
1
2237
1
2238
3
2215
6856
2217
1
2240
1
2241
3
3445
2242
3018
1
2243
6
2244
2898
6612
3230
4753
6614
2
2245
1841
6
2246
3235
3236
3447
1326
4670
2
2218
2247
1
2248
1
2249
7
2051
2250
3174
3144
4540
6939
6940
3
905
2251
5688
1
2252
1
2253
1
2254
4
521
801
1454
2255
5
1115
2233
2256
3550
898
1
2257
1
2258
1
2259
1
2260
1
2261
1
2262
1
2263
1
2264
8
1743
2265
7803
2266
5309
6621
8131
8132
9
2215
6856
2217
7551
7553
7554
7559
1198
5010
1
2267
1
2268
1
2269
1
2270
1
2271
1
2272
6
11705
17324
11713
11706
18222
18223
1
2274
1
2275
1
2276
1
2277
1
2278
1
2279
1
2280
1
2281
1
2282
1
2283
1
2284
1
2285
1
2286
1
2287
1
2288
1
2289
1
2290
1
2291
1
2292
5
17421
17477
18059
17483
18057
1
2294
1
2295
3
1209
2296
4741
1
2297
1
2298
1
2299
1
2300
4
2301
2315
6305
6304
5
17421
17477
18059
17483
18057
1
2303
1
2304
1
2305
3
2215
6856
2217
1
2307
1
2308
1
2309
1
2310
1
2311
1
2312
1
2313
1
2314
4
2301
2315
6305
6304
1
2316
8
2317
2613
3620
3684
3686
4942
6259
7176
1
2318
1
2319
1
2320
2
2321
2573
1
2322
1
2323
1
2324
7
2325
2341
6128
6129
4070
4071
7832
1
2326
1
2327
7
2328
4179
7188
1574
3685
4180
7371
1
2329
1
2330
1
2331
1
2332
1
2333
1
2334
1
2335
1
2336
1
2337
1
2338
1
2339
1
2340
4
2325
2341
6128
6129
1
2342
7
264
286
954
465
2343
5710
5711
1
2344
3
7104
338
2345
3
12201
12202
19251
1
2347
1
2348
1
2349
1
2350
1
2351
1
2352
1
2353
1
2354
1
2355
1
2356
1
2357
1
2358
1
2359
1
2360
1
2361
1
2362
1
2363
1
2364
1
2365
1
2366
3
2367
2801
7435
1
2368
1
2369
1
2370
1
2371
1
2372
1
2373
1
2374
1
2375
1
2376
1
2377
1
2378
1
2379
1
2380
1
2381
1
2382
1
2383
3
12201
12202
19251
3
12201
12202
19251
1
2386
1
2387
1
2388
1
2389
1
2390
1
2391
1
2392
1
2393
1
2394
1
2395
1
2396
1
2397
7
2096
2398
2399
4155
4259
4261
4263
7
2096
2398
2399
4155
4259
4261
4263
1
2400
1
2401
1
2402
1
2403
1
2404
1
2405
1
2406
1
2407
1
2408
1
2409
1
2410
1
2411
1
2412
1
2413
1
2414
1
2415
4
1488
1641
2416
3430
7
2417
2611
1488
1641
2416
3430
5160
1
2418
1
2419
1
2420
1
2421
1
2422
1
2423
1
2424
1
2425
1
2426
1
2427
1
2428
1
2429
1
2430
1
2431
1
2432
1
2433
1
2434
1
2435
1
2436
1
2437
1
2438
1
2439
1
2440
1
2441
1
2442
1
2443
1
2444
1
2445
1
2446
1
2447
1
2448
1
2449
1
2450
1
2451
3
12201
12202
19251
3
12201
12202
19251
1
2454
1
2455
1
2456
1
2457
1
2458
1
2459
1
2460
1
2461
1
2462
1
2463
1
2464
1
2465
1
2466
1
2467
1
2468
1
2469
1
2470
5
904
3832
1098
2471
2476
1
2472
1
2473
1
2474
1
2475
7
907
1099
904
3832
1098
2471
2476
1
2477
1
2478
1
2479
1
2480
1
2481
6
3917
2482
7993
2454
7995
6713
1
2483
5
17421
17477
18059
17483
18057
1
2485
3
12201
12202
19251
1
2487
1
2488
1
2489
1
2490
1
2491
1
2492
1
2493
1
2494
1
2495
1
2496
1
2497
1
2498
1
2499
1
2500
1
2501
1
2502
1
2503
1
2504
5
2505
6438
6439
5922
8128
1
2506
10
931
5767
908
22
305
23
401
454
2507
2508
5
17469
20171
8788
14523
20163
1
2509
1
2510
1
2511
1
2512
1
2513
1
2514
1
2515
1
2516
4
20362
17379
16073
18375
7
5727
5728
2518
2650
5726
6013
7067
1
2519
1
2520
1
2521
1
2522
1
2523
1
2524
1
2525
1
2526
1
2527
1
2528
4
1606
2529
2533
3505
5
845
1617
2185
2530
2532
1
2531
5
845
1617
2185
2530
2532
4
1606
2529
2533
3505
2
2534
2536
1
2535
2
2534
2536
1
2537
4
20362
17379
16073
18375
9
978
2539
3867
3935
3942
5810
3880
3932
3933
1
2540
1
2541
5
11650
20362
17379
16073
18375
1
2543
1
2544
1
2545
1
2546
1
2547
1
2548
1
2549
1
2550
1
2551
1
2552
1
2553
2
7196
2554
1
2555
1
2556
1
2557
1
2558
1
2559
1
2560
1
2561
1
2562
1
2563
1
2564
1
2565
1
2566
1
2567
1
2568
1
2569
1
2570
1
2571
1
2572
2
2321
2573
1
2574
1
2575
1
2576
1
2577
1
2578
1
2579
5
2580
5356
6425
2630
2665
3
2584
2583
2581
1
2582
3
2584
2583
2581
6
1756
1757
2584
2583
2581
2586
1
2585
6
1756
1757
2584
2583
2581
2586
1
2587
1
2588
10
1739
4042
1547
5960
7214
7281
7356
2589
6084
6086
5
17421
17477
18059
17483
18057
1
2591
1
2592
1
2593
1
2594
1
2595
1
2596
1
2597
1
2598
1
2599
1
2600
1
2601
1
2602
1
2603
1
2604
1
2605
1
2606
1
2607
1
2608
1
2609
1
2610
7
2417
2611
1488
1641
2416
3430
5160
1
2612
8
2317
2613
3620
3684
3686
4942
6259
7176
1
2614
1
2615
1
2616
1
2617
1
2618
1
2619
1
2620
1
2621
1
2622
1
2623
1
2624
1
2625
4
1795
2626
3517
3516
4
2627
6509
2629
6511
7
1721
1795
2626
3517
3516
2628
3518
4
2629
6511
2627
6509
1
2630
1
2631
1
2632
1
2633
1
2634
1
2635
1
2636
1
2637
1
2638
1
2639
1
2640
1
2641
1
2642
1
2643
1
2644
1
2645
1
2646
1
2647
1
2648
1
2649
5
2650
5726
5727
5728
2518
1
2651
1
2652
1
2653
1
2654
1
2655
1
2656
1
2657
1
2658
1
2659
1
2660
1
2661
1
2662
1
2663
1
2664
3
2630
2665
5356
3
2666
6568
6567
1
2667
1
2668
1
2669
5
2670
2849
3308
4601
5180
1
2671
2
1783
2672
5
11650
20362
17379
16073
18375
1
2674
1
2675
12
2676
2677
2512
3971
8127
3972
3460
4882
4873
4877
1539
5800
12
2676
2677
2512
3971
8127
3972
3460
4882
4873
4877
1539
5800
1
2678
1
2679
1
2680
1
2681
1
2682
1
2683
1
2684
1
2685
1
2686
1
2687
1
2688
1
2689
1
2690
1
2691
5
11650
20362
17379
16073
18375
1
2693
1
2694
1
2695
1
2696
1
2697
1
2698
1
2699
1
2700
1
2701
1
2702
1
2703
1
2704
1
2705
1
2706
1
2707
1
2708
1
2709
1
2710
1
2711
4
311
2712
5295
5297
2
2713
6691
1
2714
1
2715
1
2716
1
2717
1
2718
1
2719
1
2720
1
2721
7
2722
7349
3390
311
2712
5295
5297
1
2723
3
901
915
2724
1
2725
1
2726
1
2727
1
2728
1
2729
1
2730
3
2731
3755
177
14
17483
15429
9458
9453
17486
9365
9373
11335
17479
12324
17421
17477
18059
18057
1
2733
1
2734
1
2735
1
2736
5
17421
17477
18059
17483
18057
1
2738
7
13473
20334
13402
14929
16590
16602
14548
1
2740
1
2741
1
2742
1
2743
4
85
2744
7062
7059
1
2745
1
2746
1
2747
1
2748
1
2749
1
2750
1
2751
1
2752
1
2753
1
2754
1
2755
1
2756
1
2757
1
2758
1
2759
4
1640
1680
2760
7227
1
2761
3
1703
3498
2762
1
2763
1
2764
1
2765
7
13473
20334
13402
14929
16590
16602
14548
7
13473
20334
13402
14929
16590
16602
14548
1
2768
1
2769
5
17356
18725
18726
17383
18721
1
2771
1
2772
1
2773
1
2774
1
2775
3
959
5323
2776
1
2777
2
2778
1803
1
2779
1
2780
1
2781
1
2782
1
2783
1
2784
1
2785
5
17356
18725
18726
17383
18721
1
2787
1
2788
1
2789
1
2790
2
2791
2792
2
2791
2792
1
2793
1
2794
1
2795
1
2796
1
2797
5
2798
972
3581
434
966
1
2799
1
2800
3
2367
2801
7435
1
2802
1
2803
1
2804
1
2805
1
2806
1
2807
1
2808
1
2809
1
2810
1
2811
10
2812
4151
5822
4153
5824
5835
4154
5408
5833
6496
1
2813
4
873
2814
7846
7847
1
2815
1
2816
8
1619
1845
2817
6196
6198
6514
6515
6910
4
2818
6236
6513
6958
1
2819
1
2820
1
2821
1
2822
1
2823
1
2824
1
2825
1
2826
1
2827
1
2828
7
13473
20334
13402
14929
16590
16602
14548
1
2830
1
2831
1
2832
1
2833
1
2834
1
2835
1
2836
1
2837
1
2838
1
2839
1
2840
1
2841
1
2842
1
2843
1
2844
1
2845
1
2846
1
2847
1
2848
4
2849
3308
4601
5180
1
2850
11
2851
2100
5801
1700
386
2084
3973
8127
3972
3460
4882
1
2852
1
2853
1
2854
1
2855
1
2856
1
2857
1
2858
1
2859
1
2860
1
2861
1
2862
1
2863
1
2864
1
2865
9
1381
2866
1882
1884
1959
7982
2868
7987
8136
1
2867
10
7982
2868
7987
6394
6392
6831
7509
7511
7986
8136
1
2869
1
2870
1
2871
1
2872
1
2873
1
2874
1
2875
1
2876
7
2877
4898
3281
4897
4508
5334
4538
1
2878
1
2879
1
2880
1
2881
1
2882
1
2883
1
2884
1
2885
1
2886
7
13473
20334
13402
14929
16590
16602
14548
1
2888
1
2889
1
2890
7
13473
20334
13402
14929
16590
16602
14548
1
2892
1
2893
1
2894
1
2895
1
2896
1
2897
6
2244
2898
6612
3230
4753
6614
1
2899
1
2900
1
2901
4
2902
2903
4249
4253
4
2902
2903
4249
4253
1
2904
1
2905
1
2906
1
2907
1
2908
1
2909
1
2910
1
2911
1
2912
1
2913
1
2914
1
2915
1
2916
1
2917
1
2918
1
2919
1
2920
3
1489
4363
2921
1
2922
1
2923
1
2924
1
2925
1
2926
1
2927
1
2928
9
1489
4363
2921
2929
1948
2996
6647
6657
6648
1
2930
1
2931
1
2932
1
2933
1
2934
1
2935
1
2936
1
2937
1
2938
7
1886
2939
1178
3136
3148
3240
3149
2
2940
4373
1
2941
1
2942
1
2943
1
2944
5
17356
18725
18726
17383
18721
1
2946
1
2947
1
2948
1
2949
1
2950
1
2951
14
2952
6414
5307
6619
2266
5309
6621
8131
8132
5357
6412
5992
6618
5306
1
2953
1
2954
1
2955
1
2956
1
2957
3
2958
2031
2028
1
2959
1
2960
1
2961
1
2962
1
2963
1
2964
1
2965
1
2966
11
20119
20456
20113
20455
20176
20250
14640
17949
14675
17951
19745
1
2968
1
2969
2
1925
2970
4
2971
2972
4385
4388
4
2971
2972
4385
4388
1
2973
1
2974
1
2975
10
1928
2976
3334
4449
5067
1910
2967
2989
4488
5069
1
2977
1
2978
1
2979
1
2980
1
2981
1
2982
1
2983
1
2984
1
2985
1
2986
11
20119
20456
20113
20455
20176
20250
14640
17949
14675
17951
19745
1
2988
11
20119
20456
20113
20455
20176
20250
14640
17949
14675
17951
19745
4
2990
3015
3016
3332
1
2991
1
2992
1
2993
1
2994
1
2995
11
20119
20456
20113
20455
20176
20250
14640
17949
14675
17951
19745
4
2997
4526
5049
6025
1
2998
1
2999
1
3000
3
3001
4705
3153
1
3002
1
3003
1
3004
1
3005
1
3006
1
3007
1
3008
1
3009
1
3010
1
3011
1
3012
1
3013
1
3014
4
2990
3015
3016
3332
4
2990
3015
3016
3332
1
3017
1
3018
1
3019
1
3020
1
3021
1
3022
1
3023
1
3024
1
3025
1
3026
1
3027
1
3028
1
3029
1
3030
1
3031
1
3032
1
3033
1
3034
1
3035
1
3036
1
3037
1
3038
1
3039
1
3040
1
3041
1
3042
1
3043
1
3044
1
3045
1
3046
1
3047
3
3850
3048
3047
1
3049
1
3050
1
3051
1
3052
1
3053
1
3054
1
3055
1
3056
1
3057
1
3058
1
3059
1
3060
1
3061
1
3062
1
3063
1
3064
1
3065
1
3066
1
3067
1
3068
5
17356
18725
18726
17383
18721
1
3070
1
3071
1
3072
5
17356
18725
18726
17383
18721
1
3074
1
3075
11
20119
20456
20113
20455
20176
20250
14640
17949
14675
17951
19745
4
3077
4627
5202
5204
1
3078
1
3079
1
3080
1
3081
1
3082
4
597
3083
7751
8251
1
3084
1
3085
1
3086
3
3090
3087
7864
1
3088
1
3089
3
3090
3087
7864
1
3091
1
3092
1
3093
1
3094
1
3095
1
3096
1
3097
1
3098
1
3099
1
3100
1
3101
2
3102
5469
1
3103
1
3104
1
3105
2
3106
3107
2
3106
3107
1
3108
1
3109
1
3110
1
3111
1
3112
1
3113
1
3114
1
3115
1
3116
10
3117
5115
5122
2239
4737
5117
5123
6913
4735
7054
9
3118
3438
6882
3465
6881
2238
7046
7049
5217
1
3119
1
3120
1
3121
1
3122
1
3123
1
3124
1
3125
1
3126
1
3127
1
3128
1
3129
1
3130
7
3131
6887
6888
6890
6921
7618
7620
7
8466
8453
8454
8455
19958
19959
16005
1
3133
1
3134
1
3135
4
1178
3136
3148
3240
1
3137
1
3138
1
3139
1
3140
1
3141
1
3142
1
3143
4
3144
4540
6939
6940
1
3145
1
3146
9
3147
3151
1882
1884
1959
7982
2868
7987
8136
7
1886
2939
1178
3136
3148
3240
3149
7
1886
2939
1178
3136
3148
3240
3149
1
3150
9
3147
3151
1882
1884
1959
7982
2868
7987
8136
1
3152
3
3001
4705
3153
1
3154
1
3155
1
3156
1
3157
1
3158
1
3159
1
3160
1
3161
1
3162
1
3163
1
3164
1
3165
1
3166
10
1148
3167
1147
6844
5073
3173
4853
4855
4857
5231
1
3168
1
3169
1
3170
1
3171
1
3172
7
19958
19959
8455
16005
8466
8453
8454
7
2051
2250
3174
3144
4540
6939
6940
1
3175
1
3176
1
3177
1
3178
1
3179
1
3180
1
3181
1
3182
1
3183
1
3184
3
3185
3190
3182
1
3186
1
3187
1
3188
1
3189
3
3185
3190
3182
3
2209
3198
3191
1
3192
1
3193
1
3194
1
3195
1
3196
1
3197
7
2209
3198
3191
6841
6891
6765
6731
2
3199
7001
1
3200
1
3201
1
3202
1
3203
1
3204
4
2207
3205
6826
6827
7
19958
19959
8455
16005
8466
8453
8454
14
3209
4644
3207
3208
3206
6680
6681
6682
6683
2207
3205
6826
6827
6834
14
3209
4644
3207
3208
3206
6680
6681
6682
6683
2207
3205
6826
6827
6834
14
3209
4644
3207
3208
3206
6680
6681
6682
6683
2207
3205
6826
6827
6834
1
3210
1
3211
1
3212
7
3213
7297
3206
6680
6681
6682
6683
1
3214
1
3215
1
3216
2
3217
3404
1
3218
1
3219
1
3220
4
675
2231
2232
3221
1
3222
1
3223
1
3224
1
3225
1
3226
1
3227
1
3228
1
3229
5
6612
3230
4753
6861
6925
4
3231
4647
5060
5176
1
3232
1
3233
1
3234
6
2246
3235
3236
3447
1326
4670
6
2246
3235
3236
3447
1326
4670
4
1291
1294
3237
3241
1
3238
1
3239
4
1178
3136
3148
3240
4
1291
1294
3237
3241
1
3242
1
3243
1
3244
1
3245
1
3246
5
17356
18725
18726
17383
18721
1
3248
1
3249
1
3250
1
3251
1
3252
1
3253
1
3254
1
3255
1
3256
1
3257
1
3258
1
3259
1
3260
1
3261
1
3262
1
3263
1
3264
1
3265
1
3266
1
3267
1
3268
1
3269
1
3270
1
3271
1
3272
4
3273
1502
3406
8104
1
3274
1
3275
1
3276
2
3277
2898
1
3278
1
3279
1
3280
4
3281
4897
4508
5334
1
3282
3
4926
3283
1835
1
3284
1
3285
1
3286
4
3287
6687
7861
7963
1
3288
1
3289
1
3290
1
3291
1
3292
1
3293
1
3294
1
3295
1
3296
1
3297
1
3298
1
3299
1
3300
1
3301
1
3302
1
3303
1
3304
1
3305
1
3306
1
3307
4
2849
3308
4601
5180
1
3309
1
3310
1
3311
1
3312
1
3313
1
3314
1
3315
1
3316
1
3317
1
3318
1
3319
1
3320
4
851
3321
7582
7583
1
3322
1
3323
1
3324
1
3325
1
3326
1
3327
1
3328
1
3329
1
3330
1
3331
4
2990
3015
3016
3332
1
3333
10
1928
2976
3334
4449
5067
1910
2967
2989
4488
5069
1
3335
14
3336
2223
6880
7604
7603
7608
7682
7683
3445
2242
3018
4569
6879
4568
1
3337
1
3338
1
3339
1
3340
1
3341
1
3342
1
3343
1
3344
1
3345
1
3346
4
3347
7418
3853
7417
1
3348
1
3349
1
3350
1
3351
1
3352
1
3353
1
3354
1
3355
1
3356
1
3357
1
3358
1
3359
1
3360
1
3361
1
3362
7
19958
19959
8455
16005
8466
8453
8454
1
3364
1
3365
1
3366
1
3367
3
1747
3372
3368
1
3369
1
3370
10
3371
4344
3753
5207
3441
3751
3965
1006
259
352
3
1747
3372
3368
1
3373
1
3374
1
3375
1
3376
1
3377
1
3378
1
3379
7
16914
16917
19051
19656
19739
19499
19529
1
3381
1
3382
1
3383
1
3384
1
3385
1
3386
4
910
1350
3387
3392
1
3388
1
3389
1
3390
1
3391
4
910
1350
3387
3392
1
3393
2
3394
907
1
3395
1
3396
1
3397
1
3398
1
3399
1
3400
5
419
993
1152
3401
3402
2
3401
3402
1
3403
2
3217
3404
1
3405
4
3273
1502
3406
8104
1
3407
4
3408
3975
4878
5440
1
3409
1
3410
1
3411
3
3412
3889
5864
1
3413
1
3414
1
3415
1
3416
1
3417
1
3418
1
3419
1
3420
1
3421
1
3422
1
3423
1
3424
1
3425
1
3426
1
3427
1
3428
9
19958
19959
8455
16005
8466
8453
8454
19960
17016
7
2417
2611
1488
1641
2416
3430
5160
1
3431
1
3432
1
3433
1
3434
1
3435
1
3436
1
3437
9
3118
3438
6882
3465
6881
2238
7046
7049
5217
1
3439
1
3440
1
3441
1
3442
1
3443
1
3444
6
1777
1830
2222
3445
2242
3018
1
3446
6
2246
3235
3236
3447
1326
4670
1
3448
1
3449
1
3450
1
3451
1
3452
1
3453
1
3454
1
3455
1
3456
1
3457
1
3458
1
3459
6
8127
3972
3460
4882
6575
6580
1
3461
1
3462
1
3463
1
3464
6
11705
17324
11713
11706
18222
18223
1
3466
1
3467
1
3468
1
3469
1
3470
1
3471
1
3472
1
3473
1
3474
1
3475
1
3476
1
3477
1
3478
4
1461
3479
3480
8115
4
1461
3479
3480
8115
1
3481
2
5297
3482
2
1516
3483
1
3484
1
3485
1
3486
1
3487
1
3488
1
3489
1
3490
1
3491
1
3492
1
3493
1
3494
1
3495
1
3496
1
3497
3
1703
3498
2762
1
3499
1
3500
1
3501
4
19674
13781
17131
8727
1
3503
2
3504
2065
4
1606
2529
2533
3505
1
3506
1
3507
1
3508
1
3509
1
3510
1
3511
5
17258
19674
13781
17131
8727
4
19674
13781
17131
8727
1
3514
1
3515
4
1795
2626
3517
3516
4
1795
2626
3517
3516
7
1721
1795
2626
3517
3516
2628
3518
1
3519
1
3520
1
3521
1
3522
1
3523
1
3524
1
3525
1
3526
1
3527
1
3528
3
6867
5464
3529
7
3530
6865
6867
5464
3529
3217
3404
1
3531
1
3532
2
3533
6605
1
3534
1
3535
7
1100
3536
3539
6973
6600
6602
6974
1
3537
1
3538
4
1100
3536
3539
6973
1
3540
1
3541
1
3542
1
3543
1
3544
1
3545
1
3546
1
3547
1
3548
1
3549
6
1115
2233
2256
3550
898
1216
1
3551
1
3552
1
3553
1
3554
1
3555
1
3556
1
3557
1
3558
1
3559
1
3560
1
3561
1
3562
1
3563
1
3564
1
3565
4
3566
3567
3569
5027
4
3566
3567
3569
5027
1
3568
4
3566
3567
3569
5027
1
3570
1
3571
1
3572
1
3573
1
3574
1
3575
1
3576
4
867
1150
1155
3577
1
3578
1
3579
1
3580
5
2798
972
3581
434
966
1
3582
1
3583
1
3584
1
3585
1
3586
1
3587
1
3588
1
3589
1
3590
4
3591
6442
6093
7086
1
3592
7
16914
16917
19051
19656
19739
19499
19529
1
3594
1
3595
1
3596
1
3597
1
3598
1
3599
4
3600
7894
7896
8088
1
3601
1
3602
3
4281
3604
3603
3
4281
3604
3603
1
3605
1
3606
1
3607
1
3608
1
3609
1
3610
1
3611
1
3612
1
3613
1
3614
1
3615
1
3616
1
3617
1
3618
1
3619
5
3620
3684
3686
4942
6259
1
3621
1
3622
1
3623
1
3624
1
3625
1
3626
10
3627
3628
8086
1575
1576
2346
2766
2767
5563
5566
7
16914
16917
19051
19656
19739
19499
19529
1
3629
1
3630
1
3631
1
3632
1
3633
1
3634
1
3635
1
3636
1
3637
1
3638
1
3639
1
3640
1
3641
1
3642
1
3643
1
3644
1
3645
1
3646
2
1687
3647
1
3648
1
3649
1
3650
1
3651
1
3652
1
3653
4
3654
6461
7150
8012
4
19674
13781
17131
8727
1
3656
5
3657
3659
3814
3815
5618
1
3658
2
3657
3659
4
3660
6464
6473
6474
1
3661
1
3662
1
3663
2
3664
8245
1
3665
1
3666
1
3667
1
3668
1
3669
1
3670
1
3671
2
3672
3673
2
3672
3673
1
3674
1
3675
1
3676
1
3677
1
3678
1
3679
1
3680
1
3681
1
3682
1
3683
5
3620
3684
3686
4942
6259
4
1574
3685
4180
7371
2
3684
3686
1
3687
1
3688
1
3689
4
3690
4177
5986
6451
1
3691
1
3692
2
3693
3427
1
3694
1
3695
1
3696
1
3697
4
3698
4509
5725
8109
4
19674
13781
17131
8727
1
3700
2
3701
6095
1
3702
1
3703
1
3704
1
3705
4
3706
4621
5228
5237
1
3707
7
16914
16917
19051
19656
19739
19499
19529
1
3709
1
3710
1
3711
1
3712
4
19674
13781
17131
8727
1
3714
1
3715
1
3716
1
3717
11
3718
3719
3126
3720
3721
6922
3132
6889
6920
3124
4676
11
3718
3719
3126
3720
3721
6922
3132
6889
6920
3124
4676
5
3718
3719
3126
3720
3721
5
3718
3719
3126
3720
3721
1
3722
1
3723
1
3724
1
3725
7
16914
16917
19051
19656
19739
19499
19529
7
16914
16917
19051
19656
19739
19499
19529
1
3728
1
3729
1
3730
6
1391
1347
3731
4286
8277
8275
1
3732
1
3733
1
3734
1
3735
1
3736
1
3737
1
3738
1
3739
1
3740
1
3741
1
3742
1
3743
1
3744
1
3745
2
5861
3746
1
3747
1
3748
6
11705
17324
11713
11706
18222
18223
1
3750
6
3751
3965
3441
1006
259
352
5
3752
4343
4344
3753
5207
10
3371
4344
3753
5207
3441
3751
3965
1006
259
352
1
3754
3
2731
3755
177
8
3756
3793
4432
2732
3794
4482
6471
7867
1
3757
1
3758
1
3759
1
3760
1
3761
1
3762
1
3763
1
3764
1
3765
1
3766
1
3767
10
973
5193
3770
3886
3768
3769
3773
3774
3771
3772
10
973
5193
3770
3886
3768
3769
3773
3774
3771
3772
1
3770
1
3771
2
3843
3772
4
3773
3774
3771
3772
4
3773
3774
3771
3772
1
3775
1
3776
1
3777
1
3778
1
3779
7
19626
12517
16232
16231
19340
18493
19336
1
3781
1
3782
1
3783
1
3784
6
965
3787
370
3785
3783
385
2
3786
3866
3
965
3787
370
1
3788
1
3789
1
3790
1
3791
1
3792
8
3756
3793
4432
2732
3794
4482
6471
7867
11
15776
17416
8425
8427
15786
15809
17169
17173
17174
8424
8426
1
3795
1
3796
2
1609
3797
1
3798
1
3799
1
3800
1
3801
6
11705
17324
11713
11706
18222
18223
15
925
5526
3804
3810
3805
3806
1154
3575
3803
420
5131
5280
3996
868
5281
8
925
5526
3804
3810
3805
3806
1154
3575
7
19626
12517
16232
16231
19340
18493
19336
12
19626
12517
16232
16231
19340
18493
19336
16236
13462
19624
12473
19625
1
3807
1
3808
1
3809
8
925
5526
3804
3810
3805
3806
1154
3575
10
3811
5014
3805
3806
5526
1154
3575
925
3804
3810
1
3812
1
3813
5
3657
3659
3814
3815
5618
5
3657
3659
3814
3815
5618
1
3816
1
3817
1
3818
1
3819
1
3820
4
691
24
3821
3825
4
500
1344
3822
5147
1
3823
1
3824
1
3825
1
3826
1
3827
1
3828
1
3829
1
3830
1
3831
7
907
1099
904
3832
1098
2471
2476
1
3833
1
3834
1
3835
1
3836
1
3837
8
1006
259
352
3838
324
241
146
89
1
3839
1
3840
1
3841
1
3842
2
3843
3772
1
3844
1
3845
1
3846
1
3847
1
3848
1
3849
5
19261
18665
20213
18668
19256
1
3851
1
3852
10
3853
7414
7417
2538
3854
3857
7127
7128
3347
7418
5
19261
18665
20213
18668
19256
1
3855
11
3856
3853
7414
7417
2538
3854
3857
7127
7128
4288
5390
5
19261
18665
20213
18668
19256
1
3858
1
3859
1
3860
1
3861
1
3862
1
3863
7
3864
3886
138
218
369
5259
5261
1
3865
2
3786
3866
9
978
2539
3867
3935
3942
5810
3880
3932
3933
3
5188
3868
2539
1
3869
1
3870
1
3871
1
3872
1
3873
1
3874
7
3875
3876
4149
6485
2544
2545
2546
13
3875
3876
4149
6485
2544
2545
2546
4147
4154
5408
5833
6496
3513
1
3877
1
3878
1
3879
1
3880
1
3881
1
3882
1
3883
1
3884
1
3885
3
3886
138
218
1
3887
1
3888
5
955
3412
3889
5864
5862
1
3890
1
3891
1
3892
5
19261
18665
20213
18668
19256
5
19261
18665
20213
18668
19256
1
3895
1
3896
1
3897
1
3898
1
3899
1
3900
1
3901
1
3902
1
3903
1
3904
1
3905
1
3906
1
3907
1
3908
1
3909
1
3910
1
3911
1
3912
3
5704
3913
8207
1
3914
1
3915
1
3916
7
3917
2482
7993
2454
7994
2433
2434
1
3918
5
19261
18665
20213
18668
19256
10
19186
20379
8939
12932
19184
12338
16895
17427
16891
17472
1
3921
1
3922
1
3923
1
3924
1
3925
1
3926
1
3927
4
3928
4160
8077
8172
1
3929
1
3930
1
3931
7
3932
3934
5435
3942
3943
5399
6197
9
978
2539
3867
3935
3942
5810
3880
3932
3933
7
3932
3934
5435
3942
3943
5399
6197
6
3867
3935
3942
5810
3880
3932
1
3936
1
3937
1
3938
1
3939
1
3940
4
3941
5933
6287
7014
4
3942
3943
5399
6197
4
3942
3943
5399
6197
1
3944
1
3945
1
3946
1
3947
1
3948
1
3949
10
19186
20379
8939
12932
19184
12259
8947
19052
19185
19190
1
3951
1
3952
7
998
3953
5803
3838
1006
259
352
1
3954
1
3955
1
3956
1
3957
1
3958
1
3959
3
2655
3960
5252
1
3961
1
3962
1
3963
11
15776
17416
8425
8427
15786
15809
17169
17173
17174
8424
8426
6
3751
3965
3441
1006
259
352
1
3966
1
3967
1
3968
1
3969
9
1684
1685
3970
4215
6316
1627
1645
5966
6319
9
3971
8127
3972
3460
4882
4873
4877
1539
5800
6
8127
3972
3460
4882
4873
4877
6
2084
3973
8127
3972
3460
4882
4
3974
4219
6016
7468
4
3408
3975
4878
5440
4
3976
5442
6094
6564
1
3977
1
3978
1
3979
1
3980
1
3981
1
3982
1
3983
1
3984
1
3985
11
19186
20379
8939
12932
19184
12338
16895
17427
16891
17472
12895
6
3987
5378
7385
5379
3986
7388
1
3988
1
3989
1
3990
4
3991
4778
5053
5471
1
3992
1
3993
1
3994
1
3995
2
3996
868
1
3997
1
3998
1
3999
1
4000
1
4001
1
4002
4
4003
4799
5120
5121
1
4004
1
4005
1
4006
1
4007
1
4008
1
4009
1
4010
1
4011
1
4012
1
4013
1
4014
1
4015
1
4016
1
4017
1
4018
1
4019
1
4020
11
15776
17416
8425
8427
15786
15809
17169
17173
17174
8424
8426
11
19186
20379
8939
12932
19184
12338
16895
17427
16891
17472
12895
5
19186
20379
8939
12932
19184
1
4024
1
4025
1
4026
1
4027
5
8939
12932
19184
19186
20379
1
4029
8
4030
4027
4031
1555
2739
4023
4028
4032
1
4031
6
12898
14546
19055
19771
19058
19054
1
4033
1
4034
1
4035
1
4036
3
6424
4037
3079
4
4038
5284
5285
6085
1
4039
1
4040
6
12898
14546
19055
19771
19058
19054
7
1739
4042
1547
5960
7214
7281
7356
1
4043
1
4044
1
4045
1
4046
1
4047
1
4048
1
4049
1
4050
1
4051
1
4052
1
4053
1
4054
1
4055
4
4056
4580
6102
6104
1
4057
1
4058
1
4059
1
4060
1
4061
1
4062
1
4063
1
4064
1
4065
1
4066
1
4067
1
4068
1
4069
7
2325
2341
6128
6129
4070
4071
7832
7
2325
2341
6128
6129
4070
4071
7832
1
4072
1
4073
1
4074
1
4075
1
4076
1
4077
1
4078
1
4079
1
4080
1
4081
1
4082
1
4083
1
4084
1
4085
3
6133
4086
2765
1
4087
1
4088
1
4089
1
4090
1
4091
1
4092
1
4093
1
4094
1
4095
1
4096
1
4097
1
4098
1
4099
6
12898
14546
19055
19771
19058
19054
1
4101
1
4102
1
4103
8
4104
4262
6366
1322
4930
6362
7566
7567
1
4105
4
4106
4108
4109
4111
1
4107
4
4106
4108
4109
4111
4
4106
4108
4109
4111
1
4110
4
4106
4108
4109
4111
4
4112
5273
6463
8013
1
4113
1
4114
1
4115
1
4116
1
4117
1
4118
1
4119
7
4120
4820
5152
6184
6189
6190
6195
1
4121
1
4122
1
4123
1
4124
1
4125
2
4126
6751
1
4127
1
4128
1
4129
1
4130
1
4131
1
4132
1
4133
1
4134
1
4135
1
4136
1
4137
1
4138
1
4139
1
4140
1
4141
1
4142
1
4143
1
4144
1
4145
1
4146
13
3875
3876
4149
6485
2544
2545
2546
4147
4154
5408
5833
6496
3513
1
4148
4
4149
6485
2544
2545
1
4150
10
2812
4151
5822
4153
5824
5835
4154
5408
5833
6496
1
4152
7
4153
5824
5835
4154
5408
5833
6496
4
4154
5408
5833
6496
4
4155
4259
4261
4263
1
4156
1
4157
1
4158
1
4159
4
3928
4160
8077
8172
1
4161
1
4162
1
4163
1
4164
4
4165
5414
6529
6533
1
4166
1
4167
1
4168
1
4169
1
4170
1
4171
1
4172
1
4173
1
4174
1
4175
1
4176
7
3690
4177
5986
6451
5987
6127
6263
1
4178
7
2328
4179
7188
1574
3685
4180
7371
4
1574
3685
4180
7371
1
4181
1
4182
1
4183
1
4184
1
4185
1
4186
1
4187
10
4188
1921
1881
5490
6247
6536
6262
8064
7187
8060
1
4189
1
4190
1
4191
1
4192
1
4193
1
4194
1
4195
1
4196
1
4197
1
4198
1
4199
1
4200
1
4201
1
4202
3
4203
2195
4839
1
4204
1
4205
1
4206
1
4207
1
4208
1
4209
1
4210
10
5362
8089
7064
4039
1750
5361
149
854
7060
7061
1
4212
11
15776
17416
8425
8427
15786
15809
17169
17173
17174
8424
8426
4
4214
4218
5973
6056
7
4215
6316
1685
1627
1645
5966
6319
1
4216
1
4217
4
4214
4218
5973
6056
4
3974
4219
6016
7468
1
4220
1
4221
1
4222
1
4223
1
4224
1
4225
1
4226
1
4227
1
4228
1
4229
1
4230
1
4231
1
4232
1
4233
1
4234
1
4235
1
4236
1
4237
1
4238
1
4239
1
4240
1
4241
1
4242
1
4243
1
4244
1
4245
1
4246
1
4247
1
4248
4
2902
2903
4249
4253
1
4250
1
4251
1
4252
4
2902
2903
4249
4253
1
4254
1
4255
1
4256
1
4257
1
4258
4
4155
4259
4261
4263
1
4260
7
2096
2398
2399
4155
4259
4261
4263
8
4104
4262
6366
1322
4930
6362
7566
7567
4
4155
4259
4261
4263
1
4264
3
4265
1782
4607
1
4266
1
4267
1
4268
4
2177
4269
6077
6079
1
4270
1
4271
1
4272
1
4273
1
4274
1
4275
1
4276
1
4277
1
4278
1
4279
1
4280
3
4281
3604
3603
1
4282
1
4283
1
4284
1
4285
4
1347
3731
4286
8277
1
4287
1
4288
1
4289
1
4290
1
4291
1
4292
1
4293
1
4294
1
4295
1
4296
1
4297
7
4298
6182
2531
6179
4105
4297
4289
4
185
337
4299
4300
4
185
337
4299
4300
5
4301
5403
7433
7441
7443
2
4302
5401
1
4303
1
4304
1
4305
1
4306
1
4307
1
4308
1
4309
1
4310
1
4311
1
4312
1
4313
1
4314
1
4315
1
4316
1
4317
1
4318
1
4319
6
12898
14546
19055
19771
19058
19054
6
12898
14546
19055
19771
19058
19054
1
4322
1
4323
1
4324
1
4325
1
4326
1
4327
1
4328
1
4329
1
4330
1
4331
1
4332
6
12898
14546
19055
19771
19058
19054
1
4334
1
4335
1
4336
1
4337
1
4338
1
4339
1
4340
1
4341
1
4342
5
3752
4343
4344
3753
5207
5
3752
4343
4344
3753
5207
1
4345
1
4346
11
15776
17416
8425
8427
15786
15809
17169
17173
17174
8424
8426
1
4348
1
4349
1
4350
1
4351
1
4352
1
4353
1
4354
1
4355
1
4356
1
4357
1
4358
1
4359
10
5362
8089
7064
4039
1750
5361
149
854
7060
7061
1
4361
1
4362
3
1489
4363
2921
1
4364
1
4365
1
4366
2
5456
4367
1
4368
1
4369
1
4370
1
4371
1
4372
8
16683
19342
18956
10308
18954
11336
12492
15284
1
4374
1
4375
3
4376
4962
1289
8
4377
4412
1896
4378
1889
4373
2940
1899
2
4378
1896
1
4379
1
4380
1
4381
1
4382
1
4383
2
4384
5065
4
2971
2972
4385
4388
1
4386
1
4387
4
2971
2972
4385
4388
1
4389
1
4390
2
5332
4391
1
4392
1
4393
1
4394
1
4395
1
4396
1
4397
1
4398
1
4399
1
4400
1
4401
1
4402
1
4403
8
16683
19342
18956
10308
18954
11336
12492
15284
1
4405
1
4406
1
4407
8
16683
19342
18956
10308
18954
11336
12492
15284
1
4409
1
4410
1
4411
8
4377
4412
1896
4378
1889
4373
2940
1899
1
4413
1
4414
1
4415
1
4416
1
4417
1
4418
1
4419
1
4420
1
4421
11
15776
17416
8425
8427
15786
15809
17169
17173
17174
8424
8426
1
4423
1
4424
1
4425
1
4426
1
4427
1
4428
1
4429
8
16683
19342
18956
10308
18954
11336
12492
15284
1
4431
8
3756
3793
4432
2732
3794
4482
6471
7867
1
4433
1
4434
1
4435
8
16683
19342
18956
10308
18954
11336
12492
15284
4
4437
4446
6573
6574
1
4438
1
4439
1
4440
1
4441
1
4442
1
4443
1
4444
1
4445
4
4437
4446
6573
6574
1
4447
1
4448
8
3334
4449
5067
6666
4946
4948
6667
5065
1
4450
1
4451
1
4452
1
4453
1
4454
1
4455
1
4456
1
4457
1
4458
1
4459
1
4460
1
4461
1
4462
1
4463
8
4464
4543
4468
4544
4545
2213
2028
2958
1
4465
8
16683
19342
18956
10308
18954
11336
12492
15284
1
4467
5
18806
18814
18805
14021
14023
1
4469
1
4470
1
4471
1
4472
1
4473
1
4474
4
4475
4476
6676
6677
4
4475
4476
6676
6677
1
4477
1
4478
1
4479
1
4480
1
4481
21
15408
10187
10537
10643
16006
15852
9063
15994
9209
15364
15366
9322
15367
9132
9451
9971
10248
9542
10529
10530
9569
1
4483
1
4484
1
4485
1
4486
1
4487
5
18806
18814
18805
14021
14023
1
4489
1
4490
1
4491
1
4492
1
4493
2
4502
4494
1
4495
1
4496
1
4497
1
4498
1
4499
1
4500
1
4501
2
4502
4494
1
4503
1
4504
1
4505
1
4506
1
4507
1
4508
4
3698
4509
5725
8109
1
4510
1
4511
1
4512
1
4513
21
15408
10187
10537
10643
16006
15852
9063
15994
9209
15364
15366
9322
15367
9132
9451
9971
10248
9542
10529
10530
9569
1
4515
1
4516
1
4517
4
4518
8196
1432
4846
1
4519
1
4520
1
4521
1
4522
1
4523
1
4524
1
4525
10
1919
2997
4526
5049
6025
5467
4430
4861
5468
6653
19
1920
4527
5107
70
4733
8102
4731
4718
143
5105
5109
2235
5048
5100
5103
856
2994
3108
6023
1
4528
1
4529
1
4530
1
4531
1
4532
1
4533
1
4534
1
4535
1
4536
2
4537
3146
2
4538
4895
1
4539
10
3144
4540
6939
6940
6950
5231
3173
4853
4855
4857
1
4541
10
4542
6794
6766
3185
3190
3182
6796
6795
7736
7741
8
4464
4543
4468
4544
4545
2213
2028
2958
5
18806
18814
18805
14021
14023
5
18806
18814
18805
14021
14023
1
4546
1
4547
1
4548
1
4549
1
4550
1
4551
1
4552
1
4553
1
4554
1
4555
1
4556
1
4557
1
4558
1
4559
1
4560
1
4561
1
4562
1
4563
1
4564
1
4565
1
4566
1
4567
1
4568
5
18806
18814
18805
14021
14023
1
4570
1
4571
1
4572
1
4573
1
4574
1
4575
1
4576
1
4577
1
4578
1
4579
4
4056
4580
6102
6104
1
4581
1
4582
1
4583
1
4584
1
4585
1
4586
1
4587
1
4588
1
4589
8
4590
6612
3230
4753
2244
2898
6614
6649
1
4591
1
4592
1
4593
1
4594
1
4595
1
4596
1
4597
1
4598
1
4599
1
4600
4
2849
3308
4601
5180
1
4602
1
4603
1
4604
1
4605
4
4606
7264
2096
4263
5
18806
18814
18805
14021
14023
1
4608
4
4609
4613
6767
6768
1
4610
1
4611
1
4612
4
4609
4613
6767
6768
1
4614
1
4615
1
4616
1
4617
1
4618
1
4619
1
4620
4
3706
4621
5228
5237
1
4622
1
4623
1
4624
1
4625
1
4626
4
3077
4627
5202
5204
1
4628
1
4629
1
4630
1
4631
1
4632
1
4633
1
4634
1
4635
1
4636
3
8142
4637
4370
1
4638
1
4639
4
4640
4641
7394
7431
4
4640
4641
7394
7431
1
4642
1
4643
14
3209
4644
3207
3208
3206
6680
6681
6682
6683
2207
3205
6826
6827
6834
1
4645
1
4646
4
3231
4647
5060
5176
1
4648
7
4649
6700
6699
7635
2209
3198
3191
1
4650
21
15408
10187
10537
10643
16006
15852
9063
15994
9209
15364
15366
9322
15367
9132
9451
9971
10248
9542
10529
10530
9569
1
4652
1
4653
1
4654
21
15408
10187
10537
10643
16006
15852
9063
15994
9209
15364
15366
9322
15367
9132
9451
9971
10248
9542
10529
10530
9569
1
4656
1
4657
1
4658
1
4659
1
4660
1
4661
1
4662
1
4663
1
4664
1
4665
1
4666
1
4667
1
4668
1
4669
2
4670
4907
1
4671
1
4672
1
4673
1
4674
1
4675
1
4676
1
4677
1
4678
1
4679
1
4680
1
4681
1
4682
1
4683
1
4684
1
4685
1
4686
1
4687
1
4688
1
4689
1
4690
1
4691
1
4692
1
4693
1
4694
1
4695
1
4696
1
4697
1
4698
1
4699
1
4700
2
4701
4706
1
4702
1
4703
1
4704
3
3001
4705
3153
2
4701
4706
1
4707
1
4708
1
4709
1
4710
1
4711
1
4712
1
4713
1
4714
1
4715
1
4716
1
4717
1
4718
1
4719
1
4720
5
18746
19192
19193
19614
19897
1
4722
5
18746
19192
19193
19614
19897
1
4724
1
4725
1
4726
1
4727
1
4728
1
4729
1
4730
3
8102
4731
4718
1
4732
5
18746
19192
19193
19614
19897
9
4734
7291
7295
70
4733
8102
4731
4718
143
10
3117
5115
5122
2239
4737
5117
5123
6913
4735
7054
1
4736
5
18746
19192
19193
19614
19897
1
4738
1
4739
1
4740
13
17474
13928
18745
19897
18746
19192
19193
19614
20430
19613
17473
13181
19896
1
4742
1
4743
1
4744
1
4745
1
4746
1
4747
1
4748
1
4749
1
4750
1
4751
1
4752
8
4590
6612
3230
4753
2244
2898
6614
6649
1
4754
1
4755
1
4756
1
4757
1
4758
1
4759
1
4760
1
4761
1
4762
1
4763
1
4764
1
4765
1
4766
4
4767
4769
6931
6935
1
4768
4
4767
4769
6931
6935
21
15408
10187
10537
10643
16006
15852
9063
15994
9209
15364
15366
9322
15367
9132
9451
9971
10248
9542
10529
10530
9569
1
4771
1
4772
1
4773
4
4774
4777
4495
4776
1
4775
1
4776
4
4774
4777
4495
4776
4
3991
4778
5053
5471
1
4779
1
4780
1
4781
1
4782
1
4783
4
1857
1859
1966
4784
1
4785
21
15408
10187
10537
10643
16006
15852
9063
15994
9209
15364
15366
9322
15367
9132
9451
9971
10248
9542
10529
10530
9569
1
4787
5
13800
13812
17196
13808
13869
1
4789
1
4790
1
4791
1
4792
1
4793
1
4794
1
4795
1
4796
5
18746
19192
19193
19614
19897
1
4798
4
4003
4799
5120
5121
1
4800
1
4801
1
4802
1
4803
1
4804
1
4805
1
4806
2
4807
6480
6
18699
17385
18705
18697
18701
17840
1
4809
1
4810
1
4811
1
4812
1
4813
5
13800
13812
17196
13808
13869
5
13800
13812
17196
13808
13869
1
4816
1
4817
1
4818
1
4819
4
4820
5152
6184
6189
1
4821
1
4822
1
4823
2
4824
2183
1
4825
1
4826
1
4827
1
4828
1
4829
1
4830
9
4831
7765
3850
3048
3047
3950
4100
4808
3051
1
4832
1
4833
1
4834
1
4835
5
17385
18705
18697
18701
17840
1
4837
1
4838
3
4203
2195
4839
1
4840
1
4841
1
4842
1
4843
1
4844
1
4845
1
4846
1
4847
1
4848
1
4849
1
4850
7
4851
6843
1147
6844
3167
6941
3157
1
4852
5
17385
18705
18697
18701
17840
1
4854
5
17385
18705
18697
18701
17840
1
4856
8
12337
14527
12870
18537
18874
19007
12773
17213
5
13800
13812
17196
13808
13869
1
4859
1
4860
5
18537
18874
19007
12773
17213
1
4862
5
18537
18874
19007
12773
17213
12
4864
5907
8166
3422
5257
5363
5364
2112
4863
2306
4041
4797
1
4865
1
4866
1
4867
1
4868
1
4869
1
4870
1
4871
1
4872
9
3971
8127
3972
3460
4882
4873
4877
1539
5800
1
4874
1
4875
5
18537
18874
19007
12773
17213
6
8127
3972
3460
4882
4873
4877
4
3408
3975
4878
5440
1
4879
1
4880
1
4881
6
8127
3972
3460
4882
4873
4877
1
4883
1
4884
1
4885
1
4886
1
4887
1
4888
1
4889
1
4890
1
4891
1
4892
1
4893
1
4894
2
4538
4895
1
4896
4
3281
4897
4508
5334
7
2877
4898
3281
4897
4508
5334
4538
1
4899
1
4900
1
4901
1
4902
1
4903
1
4904
1
4905
1
4906
2
4670
4907
3
6854
4908
4907
1
4909
1
4910
7
4911
4912
4913
3153
4920
6806
6807
7
4911
4912
4913
3153
4920
6806
6807
3
4912
4913
3153
1
4914
1
4915
1
4916
1
4917
1
4918
1
4919
7
4911
4912
4913
3153
4920
6806
6807
1
4921
1
4922
1
4923
1
4924
1
4925
3
4926
3283
1835
1
4927
1
4928
1
4929
5
17469
20171
8788
14523
20163
1
4931
1
4932
1
4933
1
4934
1
4935
1
4936
1
4937
1
4938
1
4939
1
4940
1
4941
8
2317
2613
3620
3684
3686
4942
6259
7176
1
4943
1
4944
1
4945
5
18537
18874
19007
12773
17213
1
4947
12
14612
15014
20337
15046
18455
20210
20212
17234
18456
15015
15749
15760
1
4949
5
13800
13812
17196
13808
13869
1
4951
1
4952
1
4953
3
4954
6689
6699
1
4955
1
4956
1
4957
1
4958
1
4959
1
4960
1
4961
3
4376
4962
1289
1
4963
3
4964
5272
1500
4
4965
4966
4970
4971
4
4965
4966
4970
4971
2
4967
3188
1
4968
1
4969
4
4965
4966
4970
4971
4
4965
4966
4970
4971
1
4972
1
4973
1
4974
1
4975
1
4976
1
4977
7
4978
4998
1496
1299
1533
1898
1906
1
4979
1
4980
1
4981
11
4982
4997
6922
3718
3719
3126
3132
6889
6920
3124
4676
1
4983
1
4984
1
4985
1
4986
1
4987
4
7680
4988
4989
4990
4
7680
4988
4989
4990
4
7680
4988
4989
4990
1
4991
1
4992
1
4993
1
4994
1
4995
2
4996
3114
11
4982
4997
6922
3718
3719
3126
3132
6889
6920
3124
4676
7
4978
4998
1496
1299
1533
1898
1906
1
4999
1
5000
1
5001
1
5002
1
5003
1
5004
1
5005
1
5006
1
5007
1
5008
1
5009
1
5010
1
5011
1
5012
1
5013
10
3811
5014
3805
3806
5526
1154
3575
925
3804
3810
1
5015
1
5016
1
5017
1
5018
1
5019
1
5020
1
5021
1
5022
1
5023
1
5024
1
5025
1
5026
4
3566
3567
3569
5027
1
5028
1
5029
4
5030
5031
7369
7370
7
5030
5031
7369
7370
7378
3307
3568
1
5032
1
5033
1
5034
1
5035
1
5036
1
5037
1
5038
2
5039
4838
1
5040
1
5041
1
5042
1
5043
1
5044
1
5045
1
5046
1
5047
5
18455
20210
20212
17234
18456
5
18455
20210
20212
17234
18456
1
5050
1
5051
2
5052
3209
4
3991
4778
5053
5471
1
5054
1
5055
1
5056
1
5057
1
5058
1
5059
4
3231
4647
5060
5176
1
5061
1
5062
1
5063
1
5064
2
4384
5065
1
5066
1
5067
2
1999
5068
5
18455
20210
20212
17234
18456
1
5070
1
5071
6
18455
20210
20212
17234
18456
14611
10
1148
3167
1147
6844
5073
3173
4853
4855
4857
5231
1
5074
1
5075
1
5076
1
5077
1
5078
1
5079
1
5080
1
5081
1
5082
1
5083
1
5084
1
5085
1
5086
1
5087
4
5088
5090
5091
5094
1
5089
4
5088
5090
5091
5094
4
5088
5090
5091
5094
1
5092
1
5093
4
5088
5090
5091
5094
1
5095
1
5096
1
5097
1
5098
1
5099
5
18300
18213
18613
17318
17316
1
5101
1
5102
5
18300
18213
18613
17318
17316
1
5104
5
18300
18213
18613
17318
17316
1
5106
19
1920
4527
5107
70
4733
8102
4731
4718
143
5105
5109
2235
5048
5100
5103
856
2994
3108
6023
1
5108
5
18300
18213
18613
17318
17316
1
5110
1
5111
1
5112
1
5113
1
5114
8
3117
5115
5122
2239
4737
5117
5123
6913
1
5116
5
18300
18213
18613
17318
17316
1
5118
1
5119
4
4003
4799
5120
5121
4
4003
4799
5120
5121
8
3117
5115
5122
2239
4737
5117
5123
6913
5
18300
18213
18613
17318
17316
1
5124
1
5125
1
5126
1
5127
1
5128
1
5129
1
5130
7
18146
18147
10942
10972
18567
15558
18566
1
5132
1
5133
1
5134
4
5135
5136
7678
7681
4
5135
5136
7678
7681
1
5137
1
5138
1
5139
1
5140
1
5141
1
5142
1
5143
1
5144
1
5145
1
5146
4
500
1344
3822
5147
1
5148
1
5149
1
5150
1
5151
4
4820
5152
6184
6189
1
5153
1
5154
1
5155
1
5156
1
5157
1
5158
1
5159
7
2417
2611
1488
1641
2416
3430
5160
1
5161
1
5162
1
5163
4
5164
5168
5186
5187
1
5165
1
5166
1
5167
4
5164
5168
5186
5187
1
5169
1
5170
1
5171
1
5172
1
5173
1
5174
1
5175
4
3231
4647
5060
5176
1
5177
1
5178
8
1011
5179
1028
1007
1027
8114
304
5765
5
2670
2849
3308
4601
5180
1
5181
1
5182
1
5183
1
5184
1
5185
4
5164
5168
5186
5187
4
5164
5168
5186
5187
3
5188
3868
2539
1
5189
1
5190
1
5191
1
5192
4
973
5193
3770
3886
1
5194
1
5195
4
440
5485
5196
5258
1
5197
1
5198
1
5199
1
5200
1
5201
4
3077
4627
5202
5204
15
10998
18146
18147
10942
10972
18567
15558
18566
14499
13625
15559
16021
13169
16025
18552
4
3077
4627
5202
5204
1
5205
1
5206
1
5207
1
5208
1
5209
1
5210
1
5211
1
5212
1
5213
1
5214
1
5215
1
5216
1
5217
1
5218
1
5219
1
5220
1
5221
1
5222
1
5223
1
5224
1
5225
1
5226
1
5227
4
3706
4621
5228
5237
1
5229
1
5230
7
18146
18147
10942
10972
18567
15558
18566
1
5232
1
5233
1
5234
1
5235
1
5236
4
3706
4621
5228
5237
1
5238
1
5239
1
5240
1
5241
1
5242
1
5243
1
5244
1
5245
1
5246
1
5247
1
5248
1
5249
1
5250
6
5251
5750
691
24
3821
3825
1
5252
1
5253
1
5254
2
5255
3533
2
5256
5725
1
5257
4
440
5485
5196
5258
6
3886
138
218
369
5259
5261
1
5260
1
5261
1
5262
1
5263
7
440
5485
5196
5258
1165
2106
5264
1
5265
1
5266
1
5267
1
5268
1
5269
1
5270
1
5271
3
4964
5272
1500
4
4112
5273
6463
8013
1
5274
1
5275
1
5276
1
5277
1
5278
1
5279
7
18146
18147
10942
10972
18567
15558
18566
1
5281
1
5282
1
5283
4
4038
5284
5285
6085
1
5285
1
5286
1
5287
1
5288
1
5289
1
5290
1
5291
1
5292
1
5293
1
5294
1
5295
10
5296
5298
311
2712
5295
5297
2722
7349
3390
5299
2
5297
3482
10
5296
5298
311
2712
5295
5297
2722
7349
3390
5299
1
5299
1
5300
1
5301
1
5302
1
5303
1
5304
1
5305
1
5306
7
18146
18147
10942
10972
18567
15558
18566
1
5308
8
13525
18146
18147
10942
10972
18567
15558
18566
1
5310
1
5311
1
5312
1
5313
1
5314
1
5315
1
5316
1
5317
1
5318
1
5319
1
5320
1
5321
1
5322
3
959
5323
2776
1
5324
1
5325
1
5326
1
5327
1
5328
1
5329
1
5330
1
5331
2
5332
4391
1
5333
2
5334
3282
1
5335
1
5336
1
5337
1
5338
1
5339
1
5340
1
5341
1
5342
1
5343
1
5344
3
5345
5370
5346
1
5346
1
5347
1
5348
1
5349
4
5351
5350
1153
1152
4
5351
5350
1153
1152
1
5352
1
5353
1
5354
1
5355
5
2580
5356
6425
2630
2665
6
17936
17942
12511
18730
15340
17938
1
5358
6
17936
17942
12511
18730
15340
17938
1
5360
6
17936
17942
12511
18730
15340
17938
1
5362
6
17936
17942
12511
18730
15340
17938
6
17936
17942
12511
18730
15340
17938
2
2128
5365
1
5366
1
5367
1
5368
1
5369
2
5345
5370
1
5371
1
5372
1
5373
1
5374
1
5375
1
5376
1
5377
6
3987
5378
7385
5379
3986
7388
6
3987
5378
7385
5379
3986
7388
1
5380
2
5381
2351
1
5382
1
5383
1
5384
1
5385
2
5386
6166
1
5387
1
5388
1
5389
1
5390
1
5391
1
5392
1
5393
1
5394
1
5395
1
5396
1
5397
1
5398
4
3942
3943
5399
6197
1
5400
1
5401
1
5402
5
4301
5403
7433
7441
7443
1
5404
1
5405
1
5406
1
5407
7
4154
5408
5833
6496
5410
6497
7891
1
5409
7
4154
5408
5833
6496
5410
6497
7891
1
5411
1
5412
1
5413
4
4165
5414
6529
6533
1
5415
6
17936
17942
12511
18730
15340
17938
8
17192
17218
13813
13800
13812
17196
13808
13869
1
5418
1
5419
1
5420
1
5421
5
13691
16717
20020
20019
20023
4
5423
6558
6738
6741
2
1791
5424
1
5425
1
5426
1
5427
1
5428
1
5429
1
5430
1
5431
2
5432
6751
1
5433
1
5434
7
3932
3934
5435
3942
3943
5399
6197
15
5436
6586
4211
6328
6587
4213
1592
6331
1627
1645
5966
6319
3708
3964
4347
1
5437
2
5438
6566
1
5439
4
3408
3975
4878
5440
2
5441
5660
4
3976
5442
6094
6564
1
5443
2
5444
3553
1
5445
1
5446
1
5447
2
17866
10023
1
5449
1
5450
1
5451
1
5452
1
5453
1
5454
1
5455
2
5456
4367
2
5457
7474
2
5458
7314
1
5459
1
5460
1
5461
2
1880
5462
1
5463
3
6867
5464
3529
1
5465
2
17866
10023
10
1919
2997
4526
5049
6025
5467
4430
4861
5468
6653
2
17866
10023
2
3102
5469
19
5470
7486
7488
2200
5048
5100
5103
856
2994
2235
1920
4527
5107
70
4733
8102
4731
4718
143
7
7309
7310
7483
3991
4778
5053
5471
1
5472
1
5473
5
5474
5475
8187
5479
5476
5
5474
5475
8187
5479
5476
1
5476
1
5477
1
5478
2
17866
10023
1
5480
1
5481
1
5482
1
5483
1
5484
4
440
5485
5196
5258
1
5486
1
5487
1
5488
1
5489
7
1921
1881
5490
6247
6536
6262
8064
1
5491
7
5492
5650
6535
1881
5490
6247
6536
7
7798
5493
5515
5938
7026
5494
7795
1
5494
1
5495
5
13691
16717
20020
20019
20023
1
5497
1
5498
1
5499
1
5500
1
5501
1
5502
1
5503
1
5504
1
5505
1
5506
1
5507
1
5508
1
5509
1
5510
1
5511
1
5512
1
5513
1
5514
7
7798
5493
5515
5938
7026
5494
7795
1
5516
5
5517
5602
2127
2088
5513
1
5518
1
5519
1
5520
1
5521
1
5522
1
5523
1
5524
1
5525
2
17866
10023
1
5527
1
5528
1
5529
1
5530
1
5531
1
5532
1
5533
1
5534
1
5535
3
10933
17866
10023
1
5537
1
5538
6
5539
5540
5541
3614
6460
2321
6
5539
5540
5541
3614
6460
2321
5
5540
5541
3614
5552
5558
1
5542
1
5543
1
5544
1
5545
1
5546
1
5547
1
5548
1
5549
1
5550
1
5551
5
5540
5541
3614
5552
5558
1
5553
1
5554
1
5555
1
5556
1
5557
5
5540
5541
3614
5552
5558
1
5559
1
5560
1
5561
2
5562
5557
10
3627
3628
8086
1575
1576
2346
2766
2767
5563
5566
1
5564
1
5565
10
3627
3628
8086
1575
1576
2346
2766
2767
5563
5566
1
5567
1
5568
1
5569
1
5570
10
7104
338
2345
451
5571
1725
3472
7100
7103
7107
1
5572
1
5573
1
5574
1
5575
1
5576
1
5577
1
5578
1
5579
1
5580
1
5581
1
5582
1
5583
1
5584
1
5585
1
5586
1
5587
1
5588
1
5589
7
5590
6389
3655
969
1604
1607
1608
1
5591
1
5592
4
5593
5594
5598
5599
4
5593
5594
5598
5599
1
5595
1
5596
1
5597
4
5593
5594
5598
5599
4
5593
5594
5598
5599
1
5600
1
5601
8
5517
5602
2127
2088
5513
5651
7282
2089
1
5603
1
5604
1
5605
1
5606
1
5607
2
5608
7437
1
5609
1
5610
1
5611
1
5612
1
5613
1
5614
1
5615
1
5616
1
5617
5
3657
3659
3814
3815
5618
1
5619
1
5620
1
5621
1
5622
1
5623
1
5624
1
5625
1
5626
1
5627
1
5628
1
5629
1
5630
2
5631
1901
1
5632
1
5633
1
5634
1
5635
1
5636
1
5637
1
5638
1
5639
1
5640
1
5641
1
5642
1
5643
1
5644
1
5645
1
5646
1
5647
1
5648
1
5649
7
5492
5650
6535
1881
5490
6247
6536
8
5517
5602
2127
2088
5513
5651
7282
2089
1
5652
1
5653
1
5654
1
5655
1
5656
1
5657
6
5658
7465
3976
6564
7462
5442
1
5659
1
5660
1
5661
1
5662
4
5663
5664
882
883
4
5663
5664
882
883
1
5665
1
5666
1
5667
1
5668
1
5669
1
5670
1
5671
1
5672
1
5673
1
5674
1
5675
1
5676
1
5677
1
5678
1
5679
1
5680
1
5681
1
5682
1
5683
1
5684
1
5685
1
5686
1
5687
2
2251
5688
1
5689
1
5690
1
5691
1
5692
1
5693
2
5694
2455
1
5695
1
5696
7
5697
8197
4518
8196
1432
4846
1986
1
5698
1
5699
1
5700
1
5701
1
5702
1
5703
3
5704
3913
8207
1
5705
1
5706
1
5707
1
5708
1
5709
5
469
465
2343
5710
5711
4
465
2343
5710
5711
1
5712
1
5713
1
5714
4
5715
5759
1377
1331
4
5716
5741
1041
5738
1
5717
1
5718
1
5719
1
5720
1
5721
1
5722
1
5723
1
5724
4
3698
4509
5725
8109
5
2650
5726
5727
5728
2518
7
5727
5728
2518
2650
5726
6013
7067
3
5727
5728
2518
1
5729
1
5730
1
5731
1
5732
1
5733
4
919
1042
1536
5734
1
5735
8
1043
1085
297
5736
5739
205
348
761
1
5737
1
5738
8
1043
1085
297
5736
5739
205
348
761
1
5740
4
5716
5741
1041
5738
1
5742
1
5743
1
5744
1
5745
1
5746
1
5747
1
5748
1
5749
1
5750
1
5751
1
5752
10
5362
8089
7064
4039
1750
5361
149
854
7060
7061
1
5754
7
691
24
3821
3825
5756
5752
5755
7
691
24
3821
3825
5756
5752
5755
1
5757
1
5758
7
1038
5715
5759
1377
1331
6048
8103
1
5760
1
5761
1
5762
1
5763
1
5764
5
8114
304
5765
1009
1081
1
5766
8
931
5767
908
22
305
23
401
454
1
5768
1
5769
3
5771
5770
5777
3
5771
5770
5777
1
5772
1
5773
1
5774
1
5775
1
5776
3
5771
5770
5777
1
5778
1
5779
1
5780
1
5781
1
5782
1
5783
1
5784
1
5785
1
5786
1
5787
1
5788
1
5789
1
5790
1
5791
1
5792
1
5793
1
5794
1
5795
1
5796
1
5797
1
5798
1
5799
1
5800
8
922
31
2098
920
2100
5801
1700
386
1
5802
7
998
3953
5803
3838
1006
259
352
1
5804
1
5805
1
5806
1
5807
1
5808
1
5809
4
5810
3880
3932
3867
1
5811
1
5812
1
5813
1
5814
1
5815
1
5816
1
5817
1
5818
1
5819
1
5820
2
1588
5821
10
2812
4151
5822
4153
5824
5835
4154
5408
5833
6496
1
5823
10
2812
4151
5822
4153
5824
5835
4154
5408
5833
6496
1
5825
1
5826
1
5827
1
5828
1
5829
1
5830
1
5831
1
5832
13
3875
3876
4149
6485
2544
2545
2546
4147
4154
5408
5833
6496
3513
1
5834
7
4153
5824
5835
4154
5408
5833
6496
1
5836
1
5837
1
5838
4
5839
7846
7847
7850
1
5840
1
5841
1
5842
1
5843
1
5844
1
5845
1
5846
1
5847
1
5848
1
5849
1
5850
1
5851
1
5852
1
5853
1
5854
1
5855
1
5856
1
5857
1
5858
1
5859
1
5860
2
5861
3746
17
17489
17497
17545
18042
18043
11002
17740
17978
17980
9234
9272
11005
11165
11812
9278
17994
20328
1
5863
3
3412
3889
5864
1
5865
1
5866
1
5867
1
5868
1
5869
1
5870
1
5871
1
5872
1
5873
1
5874
1
5875
1
5876
1
5877
1
5878
1
5879
1
5880
1
5881
1
5882
4
1624
1638
5883
7903
1
5884
1
5885
1
5886
1
5887
1
5888
1
5889
1
5890
1
5891
1
5892
1
5893
1
5894
1
5895
1
5896
1
5897
1
5898
1
5899
2
5900
5902
7
3363
3893
3894
3920
6085
7086
5901
2
5900
5902
1
5903
1
5904
1
5905
1
5906
5
17489
17497
17545
18042
18043
1
5908
1
5909
1
5910
1
5911
1
5912
1
5913
1
5914
1
5915
1
5916
1
5917
1
5918
1
5919
1
5920
5
13691
16717
20020
20019
20023
1
5922
5
13691
16717
20020
20019
20023
1
5924
1
5925
1
5926
1
5927
1
5928
1
5929
1
5930
1
5931
1
5932
4
3941
5933
6287
7014
1
5934
1
5935
1
5936
1
5937
4
5493
5515
5938
7026
1
5939
1
5940
1
5941
1
5942
1
5943
1
5944
1
5945
1
5946
1
5947
1
5948
1
5949
1
5950
1
5951
1
5952
1
5953
1
5954
1
5955
1
5956
1
5957
1
5958
1
5959
4
1547
5960
7214
7281
1
5961
1
5962
1
5963
8
5964
6525
7069
5359
5536
6088
6539
7786
1
5965
5
17489
17497
17545
18042
18043
1
5967
1
5968
1
5969
1
5970
1
5971
1
5972
4
4214
4218
5973
6056
1
5974
1
5975
1
5976
1
5977
1
5978
1
5979
1
5980
1
5981
1
5982
1
5983
1
5984
1
5985
4
3690
4177
5986
6451
7
3690
4177
5986
6451
5987
6127
6263
1
5988
1
5989
1
5990
1
5991
4
6412
5992
6618
5306
8
5993
7132
7120
1293
6142
7138
248
7124
1
5994
1
5995
1
5996
1
5997
1
5998
1
5999
1
6000
1
6001
1
6002
1
6003
1
6004
1
6005
1
6006
1
6007
1
6008
1
6009
1
6010
1
6011
1
6012
7
5727
5728
2518
2650
5726
6013
7067
1
6014
1
6015
4
3974
4219
6016
7468
1
6017
1
6018
1
6019
1
6020
1
6021
1
6022
1
6023
1
6024
1
6025
1
6026
1
6027
1
6028
1
6029
1
6030
1
6031
1
6032
1
6033
1
6034
1
6035
1
6036
1
6037
9
6038
8226
6042
277
1778
2987
336
2007
6047
1
6039
10
5362
8089
7064
4039
1750
5361
149
854
7060
7061
1
6041
1
6042
1
6043
1
6044
1
6045
1
6046
1
6047
7
1038
5715
5759
1377
1331
6048
8103
1
6049
1
6050
1
6051
1
6052
1
6053
1
6054
1
6055
4
4214
4218
5973
6056
1
6057
1
6058
1
6059
1
6060
1
6061
1
6062
1
6063
1
6064
1
6065
1
6066
1
6067
1
6068
1
6069
1
6070
1
6071
1
6072
4
6073
6078
7374
7380
1
6074
1
6075
1
6076
4
2177
4269
6077
6079
4
6073
6078
7374
7380
4
2177
4269
6077
6079
1
6080
1
6081
1
6082
1
6083
10
1739
4042
1547
5960
7214
7281
7356
2589
6084
6086
5
17489
17497
17545
18042
18043
10
1739
4042
1547
5960
7214
7281
7356
2589
6084
6086
1
6087
5
17489
17497
17545
18042
18043
1
6089
1
6090
1
6091
1
6092
1
6093
4
3976
5442
6094
6564
2
3701
6095
1
6096
4
6097
6098
1742
1744
4
6097
6098
1742
1744
1
6099
1
6100
1
6101
4
4056
4580
6102
6104
1
6103
4
4056
4580
6102
6104
1
6105
1
6106
1
6107
1
6108
1
6109
1
6110
1
6111
1
6112
1
6113
1
6114
1
6115
1
6116
1
6117
1
6118
1
6119
1
6120
1
6121
1
6122
1
6123
1
6124
1
6125
1
6126
7
3690
4177
5986
6451
5987
6127
6263
4
2325
2341
6128
6129
4
2325
2341
6128
6129
1
6130
1
6131
1
6132
6
6133
4086
2765
2768
1714
2764
1
6134
1
6135
1
6136
1
6137
1
6138
1
6139
1
6140
1
6141
5
17489
17497
17545
18042
18043
1
6143
1
6144
1
6145
1
6146
1
6147
5
13691
16717
20020
20019
20023
1
6149
1
6150
1
6151
1
6152
1
6153
1
6154
1
6155
1
6156
1
6157
1
6158
1
6159
1
6160
1
6161
1
6162
1
6163
1
6164
1
6165
2
5386
6166
1
6167
1
6168
2
6169
1598
1
6170
1
6171
5
6172
6175
2185
6177
2532
1
6173
1
6174
5
6172
6175
2185
6177
2532
1
6176
5
6172
6175
2185
6177
2532
4
6178
6181
2529
3506
3
2531
6179
4105
1
6180
4
6178
6181
2529
3506
7
6182
2531
6179
4105
4297
4298
4289
1
6183
7
4120
4820
5152
6184
6189
6190
6195
1
6185
1
6186
1
6187
1
6188
4
4820
5152
6184
6189
7
4120
4820
5152
6184
6189
6190
6195
1
6191
1
6192
1
6193
1
6194
7
4120
4820
5152
6184
6189
6190
6195
5
17330
19977
19978
13583
18306
7
3932
3934
5435
3942
3943
5399
6197
5
17330
19977
19978
13583
18306
1
6199
1
6200
1
6201
1
6202
1
6203
1
6204
1
6205
1
6206
1
6207
1
6208
1
6209
1
6210
1
6211
1
6212
1
6213
1
6214
1
6215
1
6216
1
6217
3
6218
7433
7441
1
6219
1
6220
1
6221
1
6222
4
6223
6224
6231
6235
4
6223
6224
6231
6235
1
6225
1
6226
1
6227
1
6228
1
6229
1
6230
4
6223
6224
6231
6235
1
6232
1
6233
1
6234
4
6223
6224
6231
6235
7
2818
6236
6513
6958
6239
6242
6956
1
6237
1
6238
7
2818
6236
6513
6958
6239
6242
6956
5
13691
16717
20020
20019
20023
1
6241
7
2818
6236
6513
6958
6239
6242
6956
1
6243
1
6244
1
6245
1
6246
4
1881
5490
6247
6536
1
6248
1
6249
1
6250
8
13362
13531
14262
18912
12258
13718
15347
15888
1
6252
1
6253
1
6254
1
6255
1
6256
1
6257
1
6258
5
3620
3684
3686
4942
6259
1
6260
1
6261
10
4188
1921
1881
5490
6247
6536
6262
8064
7187
8060
7
3690
4177
5986
6451
5987
6127
6263
1
6264
1
6265
1
6266
1
6267
1
6268
1
6269
1
6270
1
6271
1
6272
1
6273
4
6274
6275
6295
2644
8
13362
13531
14262
18912
12258
13718
15347
15888
1
6276
1
6277
1
6278
1
6279
1
6280
1
6281
1
6282
1
6283
1
6284
1
6285
1
6286
4
3941
5933
6287
7014
1
6288
1
6289
1
6290
5
17330
19977
19978
13583
18306
1
6292
1
6293
1
6294
4
6274
6275
6295
2644
8
13362
13531
14262
18912
12258
13718
15347
15888
1
6297
1
6298
1
6299
1
6300
1
6301
1
6302
1
6303
2
6304
2315
4
2301
2315
6305
6304
1
6306
5
17330
19977
19978
13583
18306
1
6308
5
17330
19977
19978
13583
18306
1
6310
1
6311
1
6312
1
6313
1
6314
1
6315
9
1684
1685
3970
4215
6316
1627
1645
5966
6319
1
6317
1
6318
8
17330
19977
19978
13583
18306
19976
20051
19980
1
6320
1
6321
1
6322
1
6323
4
1566
1626
6324
6325
4
1566
1626
6324
6325
6
17281
13006
18096
11253
9956
17283
1
6327
10
5362
8089
7064
4039
1750
5361
149
854
7060
7061
1
6329
1
6330
6
1592
6331
1627
1645
5966
6319
1
6332
1
6333
1
6334
8
17281
13006
18096
11253
9956
17283
11129
11146
1
6336
6
17281
13006
18096
11253
9956
17283
1
6338
1
6339
1
6340
1
6341
1
6342
1
6343
8
17281
13006
18096
11253
9956
17283
11129
11146
6
17281
13006
18096
11253
9956
17283
1
6346
1
6347
6
17281
13006
18096
11253
9956
17283
1
6349
1
6350
1
6351
1
6352
1
6353
1
6354
1
6355
1
6356
1
6357
1
6358
1
6359
1
6360
2
6361
1323
5
17237
18203
12322
12323
16318
1
6363
1
6364
1
6365
8
4104
4262
6366
1322
4930
6362
7566
7567
1
6367
1
6368
1
6369
1
6370
1
6371
1
6372
2
6373
3166
1
6374
1
6375
5
17237
18203
12322
12323
16318
1
6377
1
6378
5
17237
18203
12322
12323
16318
1
6380
1
6381
1
6382
1
6383
1
6384
1
6385
1
6386
1
6387
1
6388
7
5590
6389
3655
969
1604
1607
1608
1
6390
1
6391
4
6392
6831
7509
7511
1
6393
10
7982
2868
7987
6394
6392
6831
7509
7511
7986
8136
1
6395
1
6396
1
6397
1
6398
1
6399
1
6400
1
6401
1
6402
1
6403
8
13362
13531
14262
18912
12258
13718
15347
15888
1
6405
1
6406
1
6407
1
6408
1
6409
8
13362
13531
14262
18912
12258
13718
15347
15888
1
6411
4
6412
5992
6618
5306
1
6413
14
2952
6414
5307
6619
2266
5309
6621
8131
8132
5357
6412
5992
6618
5306
1
6415
4
6416
7885
6412
5992
1
6417
1
6418
1
6419
1
6420
1
6421
1
6422
1
6423
3
6424
4037
3079
5
2580
5356
6425
2630
2665
1
6426
1
6427
5
17237
18203
12322
12323
16318
1
6429
1
6430
1
6431
1
6432
1
6433
1
6434
1
6435
1
6436
1
6437
4
6438
6439
5922
8128
4
6438
6439
5922
8128
1
6440
1
6441
4
3591
6442
6093
7086
1
6443
1
6444
1
6445
1
6446
1
6447
1
6448
1
6449
1
6450
4
3690
4177
5986
6451
3
6452
6454
2349
1
6453
3
6452
6454
2349
1
6455
4
6456
6457
6814
6997
4
6456
6457
6814
6997
1
6458
1
6459
6
5539
5540
5541
3614
6460
2321
4
3654
6461
7150
8012
1
6462
4
4112
5273
6463
8013
4
3660
6464
6473
6474
1
6465
1
6466
5
17237
18203
12322
12323
16318
5
17237
18203
12322
12323
16318
1
6469
1
6470
8
13362
13531
14262
18912
12258
13718
15347
15888
1
6472
4
3660
6464
6473
6474
4
3660
6464
6473
6474
1
6475
1
6476
1
6477
1
6478
2
6479
6475
1
6480
1
6481
1
6482
1
6483
1
6484
7
3875
3876
4149
6485
2544
2545
2546
1
6486
1
6487
1
6488
1
6489
4
17112
18532
19853
19854
1
6491
1
6492
1
6493
1
6494
1
6495
7
4153
5824
5835
4154
5408
5833
6496
7
4154
5408
5833
6496
5410
6497
7891
1
6498
1
6499
1
6500
1
6501
1
6502
1
6503
1
6504
1
6505
1
6506
1
6507
1
6508
4
2627
6509
2629
6511
1
6510
4
2629
6511
2627
6509
1
6512
4
2818
6236
6513
6958
4
17112
18532
19853
19854
4
17112
18532
19853
19854
1
6516
1
6517
1
6518
1
6519
1
6520
1
6521
1
6522
1
6523
1
6524
8
5964
6525
7069
5359
5536
6088
6539
7786
1
6526
1
6527
4
6528
7077
884
7073
4
4165
5414
6529
6533
5
6530
7852
5414
8023
5415
1
6531
1
6532
4
4165
5414
6529
6533
1
6534
7
5492
5650
6535
1881
5490
6247
6536
7
5492
5650
6535
1881
5490
6247
6536
4
6537
6556
7922
7926
1
6538
4
17112
18532
19853
19854
1
6540
1
6541
1
6542
1
6543
1
6544
1
6545
1
6546
13
12166
12167
15792
12273
12401
14616
15793
18464
20437
18459
18460
14627
15126
1
6548
1
6549
1
6550
1
6551
1
6552
2
1120
6553
1
6554
1
6555
4
6537
6556
7922
7926
1
6557
4
5423
6558
6738
6741
1
6559
1
6560
2
6561
8109
1
6562
1
6563
4
3976
5442
6094
6564
1
6565
1
6566
2
6567
6568
2
6567
6568
1
6569
1
6570
1
6571
1
6572
4
4437
4446
6573
6574
4
4437
4446
6573
6574
6
8127
3972
3460
4882
6575
6580
1
6576
1
6577
1
6578
1
6579
6
8127
3972
3460
4882
6575
6580
1
6581
1
6582
1
6583
1
6584
1
6585
15
5436
6586
4211
6328
6587
4213
1592
6331
1627
1645
5966
6319
3708
3964
4347
10
5362
8089
7064
4039
1750
5361
149
854
7060
7061
1
6588
1
6589
1
6590
1
6591
1
6592
1
6593
1
6594
1
6595
1
6596
1
6597
1
6598
1
6599
7
1100
3536
3539
6973
6600
6602
6974
1
6601
7
1100
3536
3539
6973
6600
6602
6974
1
6603
1
6604
3
3533
6605
6604
1
6606
7
6607
7949
7950
7953
7954
7955
7956
2
6608
8141
2
6609
3509
1
6610
1
6611
8
4590
6612
3230
4753
2244
2898
6614
6649
1
6613
6
2244
2898
6612
3230
4753
6614
4
6615
6616
8040
8133
10
6615
6616
8040
8133
5493
5515
5938
7026
7886
7887
1
6617
4
6412
5992
6618
5306
4
17112
18532
19853
19854
1
6620
4
17112
18532
19853
19854
5
17001
17002
17006
17007
19680
1
6623
1
6624
1
6625
1
6626
1
6627
1
6628
1
6629
1
6630
1
6631
1
6632
1
6633
1
6634
1
6635
1
6636
1
6637
1
6638
1
6639
1
6640
1
6641
3
260
6642
1497
1
6643
1
6644
1
6645
1
6646
5
17001
17002
17006
17007
19680
1
6648
8
4590
6612
3230
4753
2244
2898
6614
6649
5
6650
7313
7472
5457
7474
1
6651
1
6652
5
17001
17002
17006
17007
19680
1
6654
1
6655
1
6656
5
17001
17002
17006
17007
19680
1
6658
1
6659
1
6660
1
6661
1
6662
1
6663
1
6664
1
6665
8
3334
4449
5067
6666
4946
4948
6667
5065
5
17001
17002
17006
17007
19680
1
6668
1
6669
1
6670
1
6671
1
6672
1
6673
1
6674
1
6675
4
4475
4476
6676
6677
4
4475
4476
6676
6677
1
6678
1
6679
5
17001
17002
17006
17007
19680
5
16915
17425
19738
14150
20428
5
16915
17425
19738
14150
20428
14
16915
17425
19738
14150
20428
16855
19761
11533
17424
17051
17475
20433
17908
17923
1
6684
1
6685
1
6686
4
3287
6687
7861
7963
1
6688
3
4954
6689
6699
1
6690
3
2713
6691
1519
1
6692
1
6693
1
6694
1
6695
1
6696
5
16915
17425
19738
14150
20428
1
6698
3
4649
6700
6699
3
4649
6700
6699
2
6701
3192
2
6703
6702
2
6703
6702
1
6704
1
6705
1
6706
1
6707
1
6708
1
6709
13
12166
12167
15792
12273
12401
14616
15793
18464
20437
18459
18460
14627
15126
1
6711
1
6712
1
6713
1
6714
13
12166
12167
15792
12273
12401
14616
15793
18464
20437
18459
18460
14627
15126
1
6716
1
6717
1
6718
1
6719
4
6720
6721
6726
6727
4
6720
6721
6726
6727
1
6722
1
6723
1
6724
1
6725
4
6720
6721
6726
6727
4
6720
6721
6726
6727
1
6728
1
6729
1
6730
1
6731
1
6732
1
6733
1
6734
5
17469
20171
8788
14523
20163
1
6736
1
6737
1
6738
1
6739
1
6740
1
6741
1
6742
1
6743
1
6744
5
16915
17425
19738
14150
20428
1
6746
5
16557
19218
19223
12907
18867
1
6748
1
6749
1
6750
2
5432
6751
1
6752
2
6753
3433
1
6754
1
6755
1
6756
1
6757
1
6758
1
6759
1
6760
1
6761
1
6762
1
6763
1
6764
3
6891
6765
6731
1
6766
4
4609
4613
6767
6768
4
4609
4613
6767
6768
1
6769
1
6770
1
6771
1
6772
1
6773
1
6774
4
6775
6777
6778
6782
1
6776
4
6775
6777
6778
6782
4
6775
6777
6778
6782
1
6779
1
6780
1
6781
4
6775
6777
6778
6782
1
6783
10
16557
19218
19223
12907
18867
19350
19597
19598
16558
19354
9
19219
20392
18865
20375
16557
19218
19223
12907
18867
1
6786
1
6787
1
6788
1
6789
1
6790
2
6791
4624
1
6792
1
6793
9
6794
6766
3185
3190
3182
6796
6795
7736
7741
9
19219
20392
18865
20375
16557
19218
19223
12907
18867
9
6794
6766
3185
3190
3182
6796
6795
7736
7741
2
6797
5469
1
6798
1
6799
1
6800
1
6801
1
6802
9
19219
20392
18865
20375
16557
19218
19223
12907
18867
9
19219
20392
18865
20375
16557
19218
19223
12907
18867
5
16467
16767
16774
16880
20380
7
4911
4912
4913
3153
4920
6806
6807
1
6807
1
6808
1
6809
1
6810
1
6811
1
6812
1
6813
4
6456
6457
6814
6997
1
6815
1
6816
1
6817
1
6818
1
6819
1
6820
1
6821
7
6822
7328
7337
7338
2231
2232
7330
1
6823
1
6824
1
6825
4
2207
3205
6826
6827
14
3209
4644
3207
3208
3206
6680
6681
6682
6683
2207
3205
6826
6827
6834
1
6828
1
6829
1
6830
7
6392
6831
7509
7511
7986
7982
8136
1
6832
4
6833
7518
3206
3207
14
3209
4644
3207
3208
3206
6680
6681
6682
6683
2207
3205
6826
6827
6834
1
6835
1
6836
1
6837
1
6838
1
6839
1
6840
7
2209
3198
3191
6841
6891
6765
6731
1
6842
6
6843
1147
6844
3167
6941
3157
6
6843
1147
6844
3167
6941
3157
1
6845
1
6846
1
6847
1
6848
1
6849
1
6850
1
6851
1
6852
1
6853
3
6854
4908
4907
1
6855
2
6856
2215
1
6857
1
6858
6
6859
6873
6874
6862
6863
3277
1
6860
5
6612
3230
4753
6861
6925
6
6859
6873
6874
6862
6863
3277
6
6859
6873
6874
6862
6863
3277
1
6864
7
3530
6865
6867
5464
3529
3217
3404
1
6866
7
3530
6865
6867
5464
3529
3217
3404
1
6868
1
6869
1
6870
4
6871
6875
1777
3362
1
6872
3
6859
6873
6874
1
6874
4
6871
6875
1777
3362
1
6876
1
6877
1
6878
5
16467
16767
16774
16880
20380
7
2223
6880
7604
7603
7608
7682
7683
13
19637
12347
15856
15861
17404
13939
19638
12337
14527
12870
19640
19641
15857
9
3118
3438
6882
3465
6881
2238
7046
7049
5217
9
6883
6885
3130
3465
6881
2238
7046
7049
5217
1
6884
9
6883
6885
3130
3465
6881
2238
7046
7049
5217
1
6886
7
3131
6887
6888
6890
6921
7618
7620
5
16467
16767
16774
16880
20380
5
16467
16767
16774
16880
20380
5
16467
16767
16774
16880
20380
5
16467
16767
16774
16880
20380
1
6892
1
6893
8
16374
16965
18863
19002
19006
16375
16378
16379
5
16374
16965
18863
19002
19006
1
6896
1
6897
1
6898
1
6899
4
726
743
6900
6903
5
16374
16965
18863
19002
19006
1
6902
4
726
743
6900
6903
1
6904
1
6905
1
6906
1
6907
1
6908
1
6909
8
18860
18862
11583
16374
16965
18863
19002
19006
1
6911
1
6912
5
19637
12347
15856
15861
17404
1
6914
1
6915
11
6916
7052
3438
7048
7053
3465
6881
2238
7046
7049
5217
1
6917
1
6918
1
6919
8
18860
18862
11583
16374
16965
18863
19002
19006
2
16025
13169
9
3718
3719
3126
6922
3132
6889
6920
3124
4676
1
6923
1
6924
5
6612
3230
4753
6861
6925
1
6926
1
6927
1
6928
1
6929
2
6930
3074
4
4767
4769
6931
6935
13
12166
12167
15792
12273
12401
14616
15793
18464
20437
18459
18460
14627
15126
2
6933
2246
1
6934
4
4767
4769
6931
6935
1
6936
1
6937
1
6938
4
3144
4540
6939
6940
7
2051
2250
3174
3144
4540
6939
6940
6
6843
1147
6844
3167
6941
3157
1
6942
1
6943
1
6944
1
6945
1
6946
1
6947
1
6948
1
6949
10
3144
4540
6939
6940
6950
5231
3173
4853
4855
4857
1
6951
1
6952
1
6953
1
6954
1
6955
7
2818
6236
6513
6958
6239
6242
6956
13
12166
12167
15792
12273
12401
14616
15793
18464
20437
18459
18460
14627
15126
4
2818
6236
6513
6958
1
6959
1
6960
1
6961
1
6962
1
6963
1
6964
1
6965
1
6966
1
6967
1
6968
1
6969
1
6970
1
6971
1
6972
4
1100
3536
3539
6973
7
1100
3536
3539
6973
6600
6602
6974
1
6975
1
6976
1
6977
1
6978
1
6979
1
6980
1
6981
1
6982
1
6983
1
6984
1
6985
1
6986
1
6987
1
6988
1
6989
1
6990
1
6991
1
6992
1
6993
1
6994
1
6995
1
6996
4
6456
6457
6814
6997
1
6998
1
6999
1
7000
1
7001
1
7002
3
7003
1427
2256
1
7004
1
7005
1
7006
1
7007
1
7008
1
7009
1
7010
1
7011
1
7012
1
7013
4
3941
5933
6287
7014
1
7015
1
7016
1
7017
13
12166
12167
15792
12273
12401
14616
15793
18464
20437
18459
18460
14627
15126
1
7019
1
7020
1
7021
1
7022
1
7023
1
7024
1
7025
10
6615
6616
8040
8133
5493
5515
5938
7026
7886
7887
1
7027
1
7028
1
7029
1
7030
1
7031
1
7032
1
7033
1
7034
1
7035
1
7036
1
7037
1
7038
1
7039
1
7040
1
7041
1
7042
1
7043
1
7044
1
7045
5
19637
12347
15856
15861
17404
1
7047
8
7048
7053
3465
6881
2238
7046
7049
5217
6
3465
6881
2238
7046
7049
5217
1
7050
1
7051
11
6916
7052
3438
7048
7053
3465
6881
2238
7046
7049
5217
8
7048
7053
3465
6881
2238
7046
7049
5217
10
3117
5115
5122
2239
4737
5117
5123
6913
4735
7054
1
7055
1
7056
1
7057
1
7058
1
7059
1
7060
1
7061
1
7062
1
7063
10
12801
18225
19408
11706
12800
18227
18232
18234
18236
12268
1
7065
4
16025
13169
17309
18552
7
5727
5728
2518
2650
5726
6013
7067
1
7068
8
5964
6525
7069
5359
5536
6088
6539
7786
1
7070
1
7071
1
7072
1
7073
1
7074
1
7075
1
7076
4
6528
7077
884
7073
1
7078
1
7079
1
7080
1
7081
1
7082
1
7083
1
7084
1
7085
2
16025
13169
1
7087
1
7088
1
7089
1
7090
1
7091
1
7092
1
7093
1
7094
1
7095
1
7096
1
7097
1
7098
1
7099
4
16025
13169
17309
18552
1
7101
1
7102
5
17469
20171
8788
14523
20163
3
7104
338
2345
1
7105
1
7106
2
16025
13169
1
7108
1
7109
1
7110
1
7111
1
7112
1
7113
1
7114
1
7115
1
7116
1
7117
1
7118
1
7119
1
7120
1
7121
10
12801
18225
19408
11706
12800
18227
18232
18234
18236
12268
10
12801
18225
19408
11706
12800
18227
18232
18234
18236
12268
1
7124
1
7125
1
7126
5
15970
16195
12501
12030
15968
5
15970
16195
12501
12030
15968
5
15970
16195
12501
12030
15968
1
7130
1
7131
8
5993
7132
7120
1293
6142
7138
248
7124
1
7133
1
7134
1
7135
1
7136
1
7137
5
15970
16195
12501
12030
15968
1
7139
1
7140
1
7141
1
7142
1
7143
1
7144
1
7145
1
7146
1
7147
1
7148
1
7149
6
3654
6461
7150
8012
8010
8140
1
7151
7
7152
7153
3505
6178
6181
2529
3506
7
7152
7153
3505
6178
6181
2529
3506
1
7154
1
7155
1
7156
1
7157
1
7158
1
7159
1
7160
1
7161
1
7162
1
7163
1
7164
1
7165
1
7166
5
7167
8027
7171
5421
5420
1
7168
1
7169
2
7170
7165
5
7167
8027
7171
5421
5420
1
7172
1
7173
1
7174
1
7175
8
2317
2613
3620
3684
3686
4942
6259
7176
1
7177
1
7178
1
7179
1
7180
1
7181
1
7182
1
7183
1
7184
1
7185
1
7186
10
4188
1921
1881
5490
6247
6536
6262
8064
7187
8060
7
2328
4179
7188
1574
3685
4180
7371
1
7189
1
7190
1
7191
1
7192
1
7193
1
7194
1
7195
2
7196
2554
1
7197
4
7198
7202
5436
5437
1
7199
1
7200
1
7201
4
7198
7202
5436
5437
1
7203
1
7204
1
7205
1
7206
1
7207
1
7208
1
7209
1
7210
4
1548
7211
7478
7505
1
7212
1
7213
4
1547
5960
7214
7281
1
7215
1
7216
1
7217
1
7218
1
7219
1
7220
1
7221
1
7222
1
7223
1
7224
1
7225
1
7226
4
1640
1680
2760
7227
1
7228
1
7229
1
7230
1
7231
1
7232
1
7233
1
7234
1
7235
1
7236
1
7237
1
7238
11
1745
7239
8129
3395
3850
3048
3047
3950
4100
4808
3051
1
7240
1
7241
1
7242
1
7243
1
7244
1
7245
1
7246
1
7247
1
7248
1
7249
1
7250
1
7251
1
7252
1
7253
1
7254
1
7255
1
7256
1
7257
1
7258
1
7259
1
7260
1
7261
1
7262
1
7263
4
4606
7264
2096
4263
1
7265
1
7266
1
7267
1
7268
1
7269
1
7270
1
7271
1
7272
1
7273
1
7274
1
7275
1
7276
1
7277
1
7278
1
7279
1
7280
7
1739
4042
1547
5960
7214
7281
7356
8
5517
5602
2127
2088
5513
5651
7282
2089
1
7283
1
7284
1
7285
1
7286
4
7287
7289
4805
5426
1
7288
4
7287
7289
4805
5426
1
7290
9
4734
7291
7295
70
4733
8102
4731
4718
143
2
2235
7292
1
7293
1
7294
15
3097
3327
4725
4726
4734
7291
7295
70
4733
8102
4731
4718
143
7292
7293
1
7296
7
3213
7297
3206
6680
6681
6682
6683
1
7298
2
7299
7297
1
7300
1
7301
2
7302
7303
2
7302
7303
1
7304
1
7305
1
7306
1
7307
1
7308
7
7309
7310
7483
3991
4778
5053
5471
1
7310
1
7311
1
7312
5
6650
7313
7472
5457
7474
2
7314
7761
1
7315
10
12801
18225
19408
11706
12800
18227
18232
18234
18236
12268
1
7317
1
7318
5
19637
12347
15856
15861
17404
1
7320
1
7321
1
7322
1
7323
1
7324
1
7325
9
7326
7327
5272
6622
1913
1500
1889
1915
1896
9
7326
7327
5272
6622
1913
1500
1889
1915
1896
7
6822
7328
7337
7338
2231
2232
7330
1
7329
2
7330
2206
1
7331
1
7332
1
7333
1
7334
1
7335
1
7336
4
7337
7338
2231
2232
7
6822
7328
7337
7338
2231
2232
7330
1
7339
1
7340
8
7341
3720
3718
4404
4408
7342
4980
5000
5
15970
16195
12501
12030
15968
1
7343
1
7344
1
7345
1
7346
1
7347
1
7348
7
2722
7349
3390
311
2712
5295
5297
1
7350
1
7351
1
7352
1
7353
1
7354
1
7355
7
1739
4042
1547
5960
7214
7281
7356
1
7357
1
7358
1
7359
1
7360
1
7361
1
7362
1
7363
1
7364
1
7365
1
7366
1
7367
1
7368
4
5030
5031
7369
7370
4
5030
5031
7369
7370
7
2328
4179
7188
1574
3685
4180
7371
1
7372
1
7373
4
6073
6078
7374
7380
1
7375
1
7376
1
7377
7
5030
5031
7369
7370
7378
3307
3568
1
7379
4
6073
6078
7374
7380
1
7381
1
7382
1
7383
1
7384
7
15970
16195
12501
12030
15968
12396
12580
1
7386
1
7387
5
15721
16277
16361
19590
19591
1
7389
1
7390
1
7391
4
7392
7430
7971
7972
1
7393
4
4640
4641
7394
7431
1
7395
1
7396
1
7397
1
7398
1
7399
1
7400
1
7401
1
7402
1
7403
1
7404
1
7405
1
7406
1
7407
1
7408
1
7409
1
7410
1
7411
1
7412
1
7413
8
3853
7414
7417
2538
3854
3857
7127
7128
8
2528
4290
7415
7419
7422
3858
3863
7418
1
7416
11
3856
3853
7414
7417
2538
3854
3857
7127
7128
4288
5390
10
3853
7414
7417
2538
3854
3857
7127
7128
3347
7418
4
7419
7422
3858
3863
1
7420
1
7421
8
2528
4290
7415
7419
7422
3858
3863
7418
1
7423
1
7424
1
7425
1
7426
1
7427
1
7428
1
7429
4
7392
7430
7971
7972
4
4640
4641
7394
7431
7
7432
7460
7392
7430
7971
7972
7445
3
6218
7433
7441
1
7434
3
2367
2801
7435
1
7436
2
5608
7437
1
7438
1
7439
1
7440
1
7441
1
7442
1
7443
1
7444
1
7445
1
7446
1
7447
1
7448
1
7449
1
7450
1
7451
1
7452
1
7453
1
7454
1
7455
1
7456
1
7457
1
7458
1
7459
7
7432
7460
7392
7430
7971
7972
7445
1
7461
2
7462
5442
1
7463
1
7464
6
5658
7465
3976
6564
7462
5442
1
7466
1
7467
4
3974
4219
6016
7468
4
7469
7471
7482
7484
1
7470
4
7469
7471
7482
7484
5
6650
7313
7472
5457
7474
1
7473
2
5457
7474
1
7475
1
7476
1
7477
4
1548
7211
7478
7505
1
7479
1
7480
1
7481
4
7469
7471
7482
7484
1
7483
4
7469
7471
7482
7484
1
7485
8
7486
7488
2200
5048
5100
5103
856
2994
1
7487
19
5470
7486
7488
2200
5048
5100
5103
856
2994
2235
1920
4527
5107
70
4733
8102
4731
4718
143
1
7489
1
7490
1
7491
1
7492
1
7493
1
7494
1
7495
5
15721
16277
16361
19590
19591
1
7497
1
7498
1
7499
1
7500
1
7501
1
7502
1
7503
1
7504
4
1548
7211
7478
7505
1
7506
1
7507
1
7508
10
2205
6392
6831
7509
7511
6833
7518
3206
3207
6683
1
7510
4
6392
6831
7509
7511
1
7512
1
7513
1
7514
1
7515
1
7516
1
7517
4
6833
7518
3206
3207
1
7519
1
7520
1
7521
1
7522
1
7523
1
7524
1
7525
1
7526
1
7527
1
7528
1
7529
1
7530
1
7531
1
7532
1
7533
1
7534
1
7535
1
7536
1
7537
4
7538
7540
4535
4847
10
12801
18225
19408
11706
12800
18227
18232
18234
18236
12268
4
7538
7540
4535
4847
1
7541
1
7542
1
7543
1
7544
1
7545
1
7546
1
7547
7
7548
7552
7555
7556
7550
7560
7565
1
7549
7
7548
7552
7555
7556
7550
7560
7565
9
2215
6856
2217
7551
7553
7554
7559
1198
5010
4
7548
7552
7555
7556
9
2215
6856
2217
7551
7553
7554
7559
1198
5010
4
7554
7559
1198
5010
4
7548
7552
7555
7556
4
7548
7552
7555
7556
1
7557
4
7558
7564
5008
5009
9
2215
6856
2217
7551
7553
7554
7559
1198
5010
7
7548
7552
7555
7556
7550
7560
7565
1
7561
1
7562
1
7563
4
7558
7564
5008
5009
7
7548
7552
7555
7556
7550
7560
7565
5
15721
16277
16361
19590
19591
5
15721
16277
16361
19590
19591
1
7568
1
7569
1
7570
1
7571
1
7572
1
7573
1
7574
1
7575
1
7576
1
7577
1
7578
1
7579
1
7580
1
7581
4
851
3321
7582
7583
4
851
3321
7582
7583
1
7584
1
7585
1
7586
1
7587
1
7588
1
7589
1
7590
1
7591
1
7592
1
7593
1
7594
1
7595
1
7596
1
7597
2
1005
7598
1
7599
1
7600
1
7601
1
7602
4
7603
7608
7682
7683
14
3336
2223
6880
7604
7603
7608
7682
7683
3445
2242
3018
4569
6879
4568
1
7605
1
7606
1
7607
7
2223
6880
7604
7603
7608
7682
7683
14
7609
7680
4988
4989
4990
2976
3334
4449
5067
6666
4946
4948
6667
5065
1
7610
1
7611
1
7612
1
7613
1
7614
1
7615
1
7616
1
7617
6
12347
17404
20401
19637
15856
15861
1
7619
5
15721
16277
16361
19590
19591
1
7621
1
7622
7
7623
7624
1979
1156
1176
1177
5692
7
7623
7624
1979
1156
1176
1177
5692
1
7625
1
7626
1
7627
1
7628
1
7629
4
7630
7631
4546
6891
4
7630
7631
4546
6891
1
7632
1
7633
1
7634
7
4649
6700
6699
7635
2209
3198
3191
1
7636
1
7637
1
7638
1
7639
1
7640
1
7641
1
7642
1
7643
1
7644
1
7645
1
7646
1
7647
1
7648
1
7649
1
7650
1
7651
1
7652
1
7653
1
7654
1
7655
1
7656
1
7657
1
7658
1
7659
1
7660
1
7661
1
7662
1
7663
1
7664
1
7665
1
7666
1
7667
1
7668
1
7669
1
7670
1
7671
1
7672
1
7673
1
7674
1
7675
1
7676
1
7677
4
5135
5136
7678
7681
1
7679
14
7609
7680
4988
4989
4990
2976
3334
4449
5067
6666
4946
4948
6667
5065
4
5135
5136
7678
7681
4
7603
7608
7682
7683
4
7603
7608
7682
7683
1
7684
1
7685
1
7686
1
7687
4
7688
7689
7703
7704
4
7688
7689
7703
7704
1
7690
1
7691
1
7692
1
7693
1
7694
1
7695
1
7696
1
7697
1
7698
1
7699
1
7700
1
7701
1
7702
4
7688
7689
7703
7704
4
7688
7689
7703
7704
1
7705
1
7706
1
7707
1
7708
1
7709
1
7710
1
7711
1
7712
1
7713
1
7714
1
7715
1
7716
1
7717
1
7718
1
7719
1
7720
1
7721
1
7722
1
7723
1
7724
1
7725
4
7726
7727
5003
6930
10
12801
18225
19408
11706
12800
18227
18232
18234
18236
12268
1
7728
1
7729
1
7730
5
15385
15583
15593
17471
20370
1
7732
1
7733
1
7734
1
7735
7
15385
15583
15593
17471
20370
16369
16643
1
7737
1
7738
1
7739
1
7740
8
19551
20132
20133
14065
17264
13985
14669
19549
1
7742
1
7743
1
7744
4
807
1587
1877
7745
1
7746
1
7747
1
7748
1
7749
1
7750
4
597
3083
7751
8251
1
7752
1
7753
1
7754
1
7755
1
7756
1
7757
1
7758
1
7759
1
7760
3
7314
7761
7760
1
7762
1
7763
1
7764
9
4831
7765
3850
3048
3047
3950
4100
4808
3051
1
7766
1
7767
1
7768
1
7769
1
7770
1
7771
1
7772
1
7773
1
7774
1
7775
1
7776
1
7777
1
7778
1
7779
1
7780
1
7781
1
7782
1
7783
1
7784
1
7785
5
15583
20370
15385
15593
17471
1
7787
1
7788
1
7789
1
7790
1
7791
1
7792
1
7793
1
7794
7
7798
5493
5515
5938
7026
5494
7795
1
7796
2
7797
3488
6
7798
5493
5515
5938
7026
5494
9
7799
8189
7349
3390
2722
311
2712
5295
5297
1
7800
1
7801
1
7802
8
1743
2265
7803
2266
5309
6621
8131
8132
1
7804
1
7805
1
7806
7
11091
11167
9566
9591
10145
9635
18047
2
7808
2303
1
7809
1
7810
4
788
790
819
7811
1
7812
1
7813
1
7814
1
7815
1
7816
1
7817
1
7818
1
7819
1
7820
1
7821
1
7822
1
7823
1
7824
1
7825
1
7826
1
7827
1
7828
1
7829
5
7830
7837
7826
7831
5371
2
7831
5371
7
2325
2341
6128
6129
4070
4071
7832
1
7833
1
7834
1
7835
7
7836
7831
5371
7830
7837
7826
7828
5
7830
7837
7826
7831
5371
1
7838
1
7839
1
7840
1
7841
1
7842
1
7843
1
7844
1
7845
4
873
2814
7846
7847
7
11091
11167
9566
9591
10145
9635
18047
1
7848
1
7849
1
7850
1
7851
5
6530
7852
5414
8023
5415
1
7853
1
7854
1
7855
1
7856
1
7857
1
7858
1
7859
1
7860
4
3287
6687
7861
7963
7
15385
15583
15593
17471
20370
16369
16643
8
19551
20132
20133
14065
17264
13985
14669
19549
3
3090
3087
7864
1
7865
1
7866
7
11091
11167
9566
9591
10145
9635
18047
1
7868
1
7869
1
7870
1
7871
1
7872
1
7873
1
7874
1
7875
1
7876
1
7877
2
15335
15872
1
7879
1
7880
1
7881
1
7882
7
11091
11167
9566
9591
10145
9635
18047
7
11091
11167
9566
9591
10145
9635
18047
4
6416
7885
6412
5992
10
6615
6616
8040
8133
5493
5515
5938
7026
7886
7887
10
6615
6616
8040
8133
5493
5515
5938
7026
7886
7887
1
7888
1
7889
1
7890
7
4154
5408
5833
6496
5410
6497
7891
1
7892
1
7893
4
3600
7894
7896
8088
14
7895
3363
3893
3894
3920
6085
7086
3591
6442
6093
2590
3593
3726
3727
4
3600
7894
7896
8088
1
7897
1
7898
1
7899
1
7900
1
7901
1
7902
4
1624
1638
5883
7903
1
7904
1
7905
1
7906
1
7907
1
7908
1
7909
1
7910
1
7911
1
7912
1
7913
1
7914
1
7915
1
7916
1
7917
1
7918
1
7919
1
7920
1
7921
4
6537
6556
7922
7926
1
7923
7
11091
11167
9566
9591
10145
9635
18047
1
7925
4
6537
6556
7922
7926
1
7927
2
15335
15872
1
7929
1
7930
2
15335
15872
1
7932
1
7933
1
7934
1
7935
1
7936
1
7937
1
7938
1
7939
1
7940
1
7941
1
7942
1
7943
1
7944
1
7945
1
7946
1
7947
1
7948
7
6607
7949
7950
7953
7954
7955
7956
7
6607
7949
7950
7953
7954
7955
7956
1
7951
1
7952
4
7953
7954
7955
7956
4
7953
7954
7955
7956
4
7953
7954
7955
7956
7
6607
7949
7950
7953
7954
7955
7956
1
7957
1
7958
2
15335
15872
1
7960
1
7961
1
7962
4
3287
6687
7861
7963
1
7964
1
7965
1
7966
1
7967
1
7968
1
7969
1
7970
1
7971
1
7972
1
7973
2
15335
15872
2
15335
15872
1
7976
1
7977
1
7978
1
7979
1
7980
1
7981
5
10300
9569
15027
15039
15408
1
7983
1
7984
1
7985
8
19551
20132
20133
14065
17264
13985
14669
19549
3
7982
2868
7987
2
7988
7992
1
7989
1
7990
1
7991
2
7988
7992
4
3917
2482
7993
2454
7
3917
2482
7993
2454
7994
2433
2434
6
3917
2482
7993
2454
7995
6713
1
7996
1
7997
1
7998
1
7999
1
8000
1
8001
1
8002
1
8003
1
8004
1
8005
1
8006
1
8007
1
8008
1
8009
6
3654
6461
7150
8012
8010
8140
1
8011
4
3654
6461
7150
8012
4
4112
5273
6463
8013
1
8014
1
8015
1
8016
1
8017
1
8018
1
8019
5
10300
9569
15027
15039
15408
5
10300
9569
15027
15039
15408
1
8022
2
8023
5415
1
8024
5
15027
15039
15408
9569
10300
1
8026
1
8027
1
8028
1
8029
1
8030
1
8031
1
8032
1
8033
1
8034
1
8035
1
8036
1
8037
1
8038
1
8039
4
6615
6616
8040
8133
1
8041
1
8042
1
8043
1
8044
1
8045
1
8046
1
8047
1
8048
1
8049
1
8050
1
8051
1
8052
1
8053
1
8054
1
8055
1
8056
1
8057
1
8058
1
8059
10
4188
1921
1881
5490
6247
6536
6262
8064
7187
8060
1
8061
1
8062
1
8063
7
1921
1881
5490
6247
6536
6262
8064
1
8065
1
8066
1
8067
1
8068
1
8069
1
8070
1
8071
1
8072
1
8073
1
8074
1
8075
1
8076
4
3928
4160
8077
8172
1
8078
1
8079
1
8080
1
8081
1
8082
1
8083
1
8084
1
8085
10
3627
3628
8086
1575
1576
2346
2766
2767
5563
5566
1
8087
4
3600
7894
7896
8088
1
8089
1
8090
1
8091
1
8092
2
8093
893
1
8094
1
8095
1
8096
1
8097
1
8098
1
8099
1
8100
1
8101
5
15027
15039
15408
9569
10300
8
5715
5759
1377
1331
1376
1038
6048
8103
1
8104
1
8105
1
8106
1
8107
1
8108
4
3698
4509
5725
8109
1
8110
1
8111
1
8112
1
8113
3
14914
14963
15397
4
1461
3479
3480
8115
1
8116
1
8117
1
8118
3
8119
77
46
1
8120
1
8121
1
8122
1
8123
1
8124
22
11051
11160
9653
18973
14224
8549
10345
20434
17463
19087
11275
14133
16865
19066
9005
11142
13996
19085
19086
16457
19153
19152
22
11051
11160
9653
18973
14224
8549
10345
20434
17463
19087
11275
14133
16865
19066
9005
11142
13996
19085
19086
16457
19153
19152
6
2084
3973
8127
3972
3460
4882
1
8128
11
1745
7239
8129
3395
3850
3048
3047
3950
4100
4808
3051
1
8130
3
14914
14963
15397
3
14963
15397
14914
4
6615
6616
8040
8133
1
8134
1
8135
3
14963
15397
14914
1
8137
1
8138
1
8139
22
11051
11160
9653
18973
14224
8549
10345
20434
17463
19087
11275
14133
16865
19066
9005
11142
13996
19085
19086
16457
19153
19152
2
6608
8141
3
8142
4637
4370
1
8143
2
8144
860
1
8145
1
8146
1
8147
1
8148
1
8149
1
8150
1
8151
22
11051
11160
9653
18973
14224
8549
10345
20434
17463
19087
11275
14133
16865
19066
9005
11142
13996
19085
19086
16457
19153
19152
1
8153
1
8154
1
8155
1
8156
1
8157
1
8158
1
8159
4
631
632
8160
8262
1
8161
1
8162
1
8163
1
8164
1
8165
11
14963
15397
14914
12064
16381
19003
12926
12438
19938
19004
14832
1
8167
1
8168
1
8169
1
8170
1
8171
4
3928
4160
8077
8172
1
8173
1
8174
1
8175
1
8176
1
8177
1
8178
1
8179
1
8180
1
8181
1
8182
1
8183
1
8184
1
8185
1
8186
3
8187
5479
5476
1
8188
9
7799
8189
7349
3390
2722
311
2712
5295
5297
1
8190
2
8191
6114
1
8192
1
8193
1
8194
1
8195
4
4518
8196
1432
4846
7
5697
8197
4518
8196
1432
4846
1986
1
8198
1
8199
1
8200
1
8201
3
8204
8202
462
1
8203
5
86
224
462
8204
8202
1
8205
1
8206
3
5704
3913
8207
1
8208
1
8209
2
8210
921
1
8211
1
8212
1
8213
1
8214
1
8215
1
8216
1
8217
1
8218
1
8219
1
8220
1
8221
1
8222
1
8223
1
8224
1
8225
9
6038
8226
6042
277
1778
2987
336
2007
6047
1
8227
1
8228
1
8229
1
8230
1
8231
1
8232
1
8233
9
587
624
8234
564
602
622
655
674
2737
1
8235
1
8236
1
8237
1
8238
1
8239
1
8240
1
8241
1
8242
6
474
491
2077
512
673
8243
1
8244
2
3664
8245
1
8246
1
8247
1
8248
1
8249
1
8250
4
597
3083
7751
8251
1
8252
1
8253
1
8254
1
8255
1
8256
1
8257
1
8258
1
8259
1
8260
1
8261
4
631
632
8160
8262
1
8263
17
600
625
588
8264
540
586
602
532
533
8152
564
8234
8266
622
655
674
2737
1
8265
15
588
8264
540
586
602
532
533
8152
564
8234
8266
622
655
674
2737
1
8267
1
8268
1
8269
1
8270
1
8271
1
8272
1
8273
1
8274
8
19551
20132
20133
14065
17264
13985
14669
19549
1
8276
4
1347
3731
4286
8277
1
8278
1
8279
1
8280
1
8281
7
8282
17123
20262
20272
8286
20271
20274
6
14912
17263
18626
15650
18625
18621
1
8284
1
8285
7
8282
17123
20262
20272
8286
20271
20274
1
8287
6
14912
17263
18626
15650
18625
18621
1
8289
1
8290
1
8291
6
14912
17263
18626
15650
18625
18621
1
8293
9
8294
19701
19951
8292
11482
12943
16902
17482
17485
1
8295
1
8296
1
8297
1
8298
1
8299
1
8300
4
8301
8532
14664
20257
1
8302
1
8303
1
8304
10
8305
10852
10877
8306
10990
11009
19015
19666
8313
8315
6
14912
17263
18626
15650
18625
18621
1
8307
6
19121
19088
8308
14534
14156
19122
1
8309
1
8310
1
8311
1
8312
10
8305
10852
10877
8306
10990
11009
19015
19666
8313
8315
1
8314
10
8305
10852
10877
8306
10990
11009
19015
19666
8313
8315
1
8316
6
14912
17263
18626
15650
18625
18621
4
8318
8320
19444
19488
1
8319
4
8318
8320
19444
19488
1
8321
1
8322
6
8323
10840
10811
16027
16029
19142
1
8324
6
14912
17263
18626
15650
18625
18621
8
8326
18010
8325
10294
15297
9384
11231
9034
1
8327
5
8328
8330
8332
18294
18293
1
8329
5
8328
8330
8332
18294
18293
1
8331
5
8332
18294
18293
18188
13767
5
8333
17744
20004
20002
20393
1
8334
1
8335
1
8336
1
8337
1
8338
1
8339
1
8340
1
8341
1
8342
13
10826
17644
8343
17746
8333
17744
20004
20002
20393
20394
8346
8341
17742
1
8344
1
8345
8
8346
8333
17744
20004
20002
20393
8341
17742
11
8347
9369
13143
13399
16351
9209
15364
15366
9322
15367
13401
1
8348
1
8349
1
8350
10
8351
8353
15037
18462
18649
18651
17350
18648
8352
8354
10
8351
8353
15037
18462
18649
18651
17350
18648
8352
8354
8
8351
8353
15037
18462
18649
18651
17350
18648
10
8351
8353
15037
18462
18649
18651
17350
18648
8352
8354
2
19303
8355
1
8356
1
8357
1
8358
1
8359
4
8360
8361
8377
8380
4
8360
8361
8377
8380
1
8362
1
8363
1
8364
1
8365
1
8366
1
8367
1
8368
1
8369
1
8370
1
8371
2
8372
15914
1
8373
1
8374
1
8375
1
8376
1
8377
1
8378
5
14862
14863
17295
17296
17297
1
8380
1
8381
5
14862
14863
17295
17296
17297
5
14862
14863
17295
17296
17297
5
14862
14863
17295
17296
17297
1
8385
10
8386
10519
17223
18616
18617
19135
18871
11715
18646
8389
2
8387
16759
1
8388
2
8389
18646
1
8390
1
8391
1
8392
1
8393
1
8394
1
8395
4
8396
18847
14232
16015
1
8397
4
8398
15357
11343
15345
15
8399
8401
15480
16367
8405
18985
18986
15496
15504
15385
15583
15593
17471
20370
11343
3
8400
8404
15541
4
8399
8401
15480
16367
8
8402
8410
13008
17559
17565
17575
19360
18870
1
8403
3
8400
8404
15541
15
8399
8401
15480
16367
8405
18985
18986
15496
15504
15385
15583
15593
17471
20370
11343
4
8406
8407
8414
8420
4
8406
8407
8414
8420
1
8408
8
14862
14863
17295
17296
17297
13176
13547
14956
8
8402
8410
13008
17559
17565
17575
19360
18870
1
8411
1
8412
1
8413
4
8406
8407
8414
8420
1
8415
4
8416
8418
18486
18487
1
8417
4
8416
8418
18486
18487
1
8419
4
8406
8407
8414
8420
1
8421
2
8422
19707
1
8423
1
8424
8
17469
20171
8788
14523
20163
12075
12074
16511
1
8426
5
17469
20171
8788
14523
20163
4
8428
15570
17554
18098
1
8429
1
8430
1
8431
1
8432
1
8433
1
8434
1
8435
1
8436
1
8437
1
8438
1
8439
1
8440
1
8441
2
8442
8443
2
8442
8443
8
19551
20132
20133
14065
17264
13985
14669
19549
6
8445
8444
8443
15674
12797
20351
3
8446
8447
18292
7
11410
11978
12796
12798
8446
8447
18292
1
8448
1
8449
1
8450
1
8451
1
8452
2
8453
15938
1
8454
7
8455
16005
8453
14530
12930
15938
15940
1
8456
1
8457
5
8458
11462
19500
16012
8456
1
8459
1
8460
1
8461
1
8462
1
8463
1
8464
1
8465
5
14862
14863
17295
17296
17297
4
8467
13172
17191
19957
1
8468
1
8469
1
8470
1
8471
1
8472
1
8473
1
8474
1
8475
1
8476
1
8477
1
8478
1
8479
1
8480
1
8481
1
8482
1
8483
1
8484
1
8485
7
8490
8488
8486
16751
15125
16749
17458
1
8487
4
8490
8488
8486
16751
1
8489
1
8490
1
8491
4
8492
8494
13977
14093
3
8495
14114
8493
5
14779
15540
17599
17600
18108
6
8495
14114
8493
14122
15501
15503
1
8496
1
8497
1
8498
1
8499
2
8502
8500
1
8501
1
8502
1
8503
4
8504
16529
19742
20432
1
8505
1
8506
1
8507
4
8508
15433
18211
20420
1
8509
4
8510
15264
15280
18210
1
8511
1
8512
1
8513
1
8514
1
8515
1
8516
1
8517
5
14779
15540
17599
17600
18108
5
14779
15540
17599
17600
18108
1
8520
1
8521
1
8522
1
8523
5
17600
18108
14779
15540
17599
1
8525
1
8526
1
8527
5
14779
15540
17599
17600
18108
1
8529
1
8530
1
8531
4
8301
8532
14664
20257
1
8533
1
8534
4
8535
19783
8538
17083
1
8536
1
8537
1
8538
1
8539
1
8540
4
8541
16530
17178
17221
1
8542
4
8543
12867
12903
15905
5
8544
17256
18476
11319
20074
1
8545
8
19551
20132
20133
14065
17264
13985
14669
19549
1
8547
4
8546
8548
11249
17588
5
8549
10345
20434
17463
19087
5
17600
18108
14779
15540
17599
1
8551
1
8552
1
8553
1
8554
1
8555
1
8556
4
8557
8564
8550
8563
1
8558
1
8559
1
8560
1
8561
1
8562
17
14640
17949
14675
17951
19745
8383
8384
19621
16882
17165
20452
20453
17952
20454
16775
19928
19929
4
8557
8564
8550
8563
1
8565
1
8566
1
8567
1
8568
1
8569
1
8570
1
8571
4
8572
8750
19285
19286
1
8573
1
8574
1
8575
1
8576
5
14640
17949
14675
17951
19745
1
8578
1
8579
4
8580
8582
19729
19730
7
8581
15596
12325
8627
8648
13801
13885
15
19418
13577
13194
16047
10815
17699
19243
19249
9693
10813
16045
19245
17697
19416
18615
1
8583
7
8580
8582
19729
19730
8584
8587
16768
1
8585
1
8586
10
8587
19731
20433
16540
8580
8582
19729
19730
8584
16768
1
8588
1
8589
1
8590
1
8591
1
8592
1
8593
1
8594
1
8595
1
8596
1
8597
1
8598
1
8599
1
8600
4
14219
16336
13385
8601
2
8601
8602
1
8603
1
8604
3
16287
8606
8605
3
16287
8606
8605
1
8607
1
8608
4
8609
12238
16299
16298
4
8610
12772
14136
16386
4
8611
11654
12880
17053
1
8612
1
8613
1
8614
7
8615
8606
8605
8609
12238
16299
16298
1
8616
1
8617
1
8618
1
8619
1
8620
1
8621
7
8622
17961
15781
15880
8629
15129
19267
1
8623
1
8624
1
8625
5
14640
17949
14675
17951
19745
4
8627
8648
13801
13885
5
14640
17949
14675
17951
19745
8
8629
18459
18460
18464
20437
12401
19267
19270
1
8630
1
8631
1
8632
1
8633
1
8634
1
8635
5
14640
17949
14675
17951
19745
1
8637
1
8638
2
14593
14847
1
8640
1
8641
1
8642
1
8643
1
8644
1
8645
1
8646
1
8647
4
8627
8648
13801
13885
1
8649
1
8650
1
8651
1
8652
6
8653
17782
17948
17946
16203
8652
1
8654
1
8655
1
8656
1
8657
1
8658
1
8659
1
8660
1
8661
1
8662
1
8663
1
8664
1
8665
1
8666
1
8667
1
8668
1
8669
1
8670
1
8671
1
8672
1
8673
1
8674
1
8675
1
8676
1
8677
3
8678
8688
8726
1
8679
1
8680
1
8681
1
8682
1
8683
1
8684
3
14593
14847
13235
5
8686
8678
8688
8726
8692
2
14593
14847
5
8686
8678
8688
8726
8692
1
8689
1
8690
1
8691
5
8686
8678
8688
8726
8692
1
8693
1
8694
1
8695
1
8696
1
8697
1
8698
1
8699
1
8700
1
8701
1
8702
1
8703
1
8704
1
8705
1
8706
1
8707
4
8708
8714
18968
20429
1
8709
22
11051
11160
9653
18973
14224
8549
10345
20434
17463
19087
11275
14133
16865
19066
9005
11142
13996
19085
19086
16457
19153
19152
1
8711
1
8712
1
8713
4
8708
8714
18968
20429
6
8715
16252
16258
19545
8716
16350
6
8715
16252
16258
19545
8716
16350
1
8717
1
8718
1
8719
2
14593
14847
1
8721
1
8722
1
8723
1
8724
1
8725
3
8678
8688
8726
1
8727
1
8728
1
8729
1
8730
1
8731
1
8732
1
8733
1
8734
3
8726
8735
18979
1
8736
1
8737
1
8738
1
8739
1
8740
1
8741
1
8742
1
8743
1
8744
1
8745
1
8746
1
8747
1
8748
1
8749
4
8572
8750
19285
19286
1
8751
1
8752
1
8753
1
8754
1
8755
1
8756
1
8757
1
8758
2
8759
8888
1
8760
1
8761
1
8762
1
8763
1
8764
1
8765
1
8766
1
8767
4
8768
8960
20285
20288
1
8769
1
8770
1
8771
1
8772
1
8773
1
8774
1
8775
1
8776
1
8777
1
8778
1
8779
1
8780
1
8781
1
8782
1
8783
1
8784
6
8785
8786
15727
15758
15698
15709
4
8785
8786
15727
15758
4
8787
19866
20280
20284
1
8788
1
8789
1
8790
1
8791
2
14593
14847
1
8793
1
8794
1
8795
1
8796
1
8797
1
8798
1
8799
1
8800
1
8801
1
8802
1
8803
1
8804
1
8805
1
8806
1
8807
1
8808
1
8809
1
8810
2
14593
14847
1
8812
1
8813
1
8814
1
8815
1
8816
1
8817
1
8818
7
8819
9148
9181
19171
19174
19137
19140
6
14578
18180
11967
19333
19332
19334
1
8821
1
8822
1
8823
1
8824
4
8825
13994
17043
17045
1
8826
2
8827
8830
1
8828
1
8829
2
8827
8830
1
8831
1
8832
1
8833
6
8834
19798
19803
19804
16781
16782
1
8835
1
8836
1
8837
1
8838
1
8839
6
8840
16292
16478
13943
14135
16387
1
8841
1
8842
1
8843
1
8844
1
8845
1
8846
1
8847
1
8848
1
8849
1
8850
1
8851
1
8852
1
8853
1
8854
1
8855
1
8856
1
8857
1
8858
1
8859
1
8860
1
8861
1
8862
1
8863
1
8864
1
8865
1
8866
1
8867
1
8868
1
8869
1
8870
1
8871
1
8872
6
14578
18180
11967
19333
19332
19334
1
8874
1
8875
1
8876
1
8877
1
8878
1
8879
1
8880
1
8881
1
8882
1
8883
1
8884
1
8885
1
8886
8
8887
13392
8889
13556
13571
13572
15649
17210
2
8759
8888
6
14578
18180
11967
19333
19332
19334
6
14578
18180
11967
19333
19332
19334
1
8891
1
8892
1
8893
4
8894
14188
16426
16430
1
8895
1
8896
1
8897
1
8898
1
8899
4
8900
12673
12678
12682
1
8901
7
8902
20286
20287
8921
20290
17224
20294
1
8903
1
8904
1
8905
1
8906
1
8907
1
8908
1
8909
1
8910
1
8911
1
8912
1
8913
1
8914
1
8915
6
8916
11322
12890
11686
12913
9911
1
8917
1
8918
1
8919
3
8920
10096
10504
4
8921
20290
17224
20294
22
11051
11160
9653
18973
14224
8549
10345
20434
17463
19087
11275
14133
16865
19066
9005
11142
13996
19085
19086
16457
19153
19152
1
8923
1
8924
1
8925
1
8926
1
8927
1
8928
1
8929
1
8930
4
8931
11260
11451
11453
1
8932
1
8933
1
8934
1
8935
1
8936
1
8937
1
8938
3
8939
12932
19184
1
8940
1
8941
1
8942
1
8943
1
8944
1
8945
1
8946
4
8947
19052
19185
19190
1
8948
1
8949
1
8950
1
8951
1
8952
6
19024
10382
12882
8732
20283
8953
1
8954
1
8955
1
8956
1
8957
1
8958
1
8959
4
8768
8960
20285
20288
1
8961
11
8962
8997
14214
15233
17125
17126
10181
11733
15228
16268
17013
1
8963
1
8964
1
8965
1
8966
1
8967
1
8968
1
8969
1
8970
1
8971
1
8972
2
8973
16245
1
8974
1
8975
1
8976
1
8977
1
8978
1
8979
1
8980
1
8981
1
8982
1
8983
1
8984
1
8985
6
14578
18180
11967
19333
19332
19334
1
8987
1
8988
1
8989
1
8990
1
8991
1
8992
1
8993
1
8994
1
8995
1
8996
11
8962
8997
14214
15233
17125
17126
10181
11733
15228
16268
17013
1
8998
1
8999
1
9000
1
9001
1
9002
1
9003
1
9004
7
14562
17538
17539
17287
17562
13229
13231
1
9006
1
9007
1
9008
1
9009
12
19418
13577
13194
16047
10815
17699
19243
19249
9693
10813
16045
19245
1
9011
1
9012
1
9013
10
9014
19067
9005
11142
13996
19085
19086
16457
19153
19152
1
9015
1
9016
1
9017
1
9018
1
9019
1
9020
1
9021
1
9022
4
9023
9474
9496
9886
16
9024
10111
17274
10116
10363
10533
9751
11255
17275
9233
9627
9635
17272
17276
10145
11265
1
9025
1
9026
1
9027
1
9028
1
9029
1
9030
5
9031
11663
14646
19774
19775
9
9032
11367
11819
12002
13264
13267
13270
16963
17259
1
9033
10
9034
13398
18011
8326
18010
8325
10294
15297
9384
11231
1
9035
1
9036
1
9037
1
9038
1
9039
1
9040
1
9041
1
9042
1
9043
1
9044
1
9045
1
9046
1
9047
1
9048
1
9049
7
14562
17538
17539
17287
17562
13229
13231
1
9051
1
9052
1
9053
8
9054
9364
11059
11094
12623
9795
9340
9258
1
9055
1
9056
1
9057
7
14562
17538
17539
17287
17562
13229
13231
1
9059
1
9060
1
9061
1
9062
3
16006
15852
9063
1
9064
1
9065
1
9066
1
9067
1
9068
1
9069
1
9070
1
9071
1
9072
4
9073
12542
11670
16812
1
9074
1
9075
1
9076
1
9077
1
9078
1
9079
1
9080
1
9081
1
9082
3
10123
15415
9083
1
9084
1
9085
1
9086
1
9087
1
9088
2
11023
11878
1
9090
1
9091
1
9092
1
9093
1
9094
4
9095
10729
10416
10563
2
11023
11878
5
10726
10722
9097
10776
15122
1
9098
2
11023
11878
1
9100
1
9101
1
9102
1
9103
1
9104
1
9105
1
9106
1
9107
1
9108
1
9109
1
9110
1
9111
1
9112
1
9113
1
9114
1
9115
4
9116
15146
15162
15166
1
9117
2
9118
10782
1
9119
1
9120
1
9121
1
9122
6
9123
10448
10547
15318
15333
15348
1
9124
1
9125
1
9126
1
9127
1
9128
1
9129
1
9130
1
9131
7
14562
17538
17539
17287
17562
13229
13231
1
9133
1
9134
1
9135
1
9136
1
9137
1
9138
1
9139
1
9140
1
9141
7
9142
9857
9860
9921
9877
15268
15269
2
11023
11878
1
9144
1
9145
8
9146
9147
9446
9593
9494
9563
17664
9936
8
9146
9147
9446
9593
9494
9563
17664
9936
4
9148
9181
19171
19174
4
9149
10830
12202
12635
1
9150
1
9151
1
9152
1
9153
1
9154
1
9155
1
9156
1
9157
1
9158
1
9159
1
9160
1
9161
1
9162
1
9163
1
9164
1
9165
1
9166
1
9167
1
9168
4
9169
9360
10175
11122
1
9170
1
9171
1
9172
12
19418
13577
13194
16047
10815
17699
19243
19249
9693
10813
16045
19245
1
9174
1
9175
4
9176
9641
9816
9975
1
9177
1
9178
1
9179
1
9180
7
8819
9148
9181
19171
19174
19137
19140
1
9182
2
9953
9183
1
9184
1
9185
1
9186
1
9187
1
9188
1
9189
1
9190
1
9191
1
9192
1
9193
4
14556
20349
17730
17731
1
9195
3
13576
9196
13496
5
9197
10806
10910
12432
12625
1
9198
1
9199
1
9200
1
9201
1
9202
1
9203
1
9204
1
9205
1
9206
1
9207
1
9208
6
14556
20349
17730
17731
17729
17312
1
9210
1
9211
1
9212
1
9213
1
9214
1
9215
1
9216
1
9217
1
9218
1
9219
4
14556
20349
17730
17731
1
9221
1
9222
1
9223
1
9224
4
9225
9420
9108
9241
1
9226
1
9227
1
9228
4
9229
9230
9616
9974
4
9229
9230
9616
9974
1
9231
6
14556
20349
17730
17731
17729
17312
10
9233
9928
9143
9419
10672
11265
9566
9591
10145
9635
4
14556
20349
17730
17731
1
9235
1
9236
1
9237
1
9238
1
9239
1
9240
1
9241
1
9242
1
9243
1
9244
1
9245
1
9246
1
9247
1
9248
1
9249
1
9250
1
9251
1
9252
1
9253
1
9254
1
9255
4
9256
15255
10801
18045
1
9257
3
9795
9340
9258
6
9259
13345
17596
20330
19362
19367
1
9260
1
9261
1
9262
1
9263
7
14556
20349
17730
17731
17729
17312
10799
1
9265
4
16338
16649
14521
14163
1
9267
1
9268
1
9269
1
9270
1
9271
4
16338
16649
14521
14163
4
16338
16649
14521
14163
1
9274
1
9275
1
9276
1
9277
2
9278
17994
1
9279
1
9280
1
9281
1
9282
1
9283
1
9284
1
9285
1
9286
1
9287
1
9288
1
9289
1
9290
1
9291
1
9292
1
9293
1
9294
1
9295
1
9296
4
16338
16649
14521
14163
1
9298
1
9299
1
9300
1
9301
1
9302
1
9303
1
9304
4
9305
10310
14380
15185
1
9306
1
9307
1
9308
1
9309
1
9310
1
9311
1
9312
1
9313
1
9314
1
9315
1
9316
1
9317
1
9318
1
9319
1
9320
1
9321
1
9322
1
9323
1
9324
1
9325
1
9326
1
9327
1
9328
1
9329
1
9330
1
9331
1
9332
1
9333
1
9334
1
9335
1
9336
4
16338
16649
14521
14163
1
9338
1
9339
4
16338
16649
14521
14163
1
9341
1
9342
1
9343
1
9344
2
9920
9345
1
9346
1
9347
1
9348
2
9588
9349
1
9350
1
9351
1
9352
1
9353
1
9354
1
9355
1
9356
1
9357
1
9358
1
9359
4
9169
9360
10175
11122
1
9361
1
9362
10
18749
12569
12570
16546
16825
16826
16827
14215
15417
18750
8
9054
9364
11059
11094
12623
9795
9340
9258
1
9365
1
9366
1
9367
1
9368
8
14215
15417
18750
16827
12570
16546
16825
16826
1
9370
1
9371
1
9372
2
9373
9456
1
9374
1
9375
1
9376
1
9377
1
9378
1
9379
8
14215
15417
18750
16827
12570
16546
16825
16826
1
9381
1
9382
1
9383
1
9384
8
14215
15417
18750
16827
12570
16546
16825
16826
1
9386
4
9387
18308
9421
18253
1
9388
1
9389
8
14215
15417
18750
16827
12570
16546
16825
16826
1
9391
1
9392
1
9393
1
9394
1
9395
1
9396
1
9397
1
9398
1
9399
1
9400
1
9401
1
9402
1
9403
1
9404
4
9405
9588
9349
9590
1
9406
8
14215
15417
18750
16827
12570
16546
16825
16826
1
9408
1
9409
1
9410
1
9411
2
11023
11878
2
11023
11878
1
9414
1
9415
8
10863
17381
18722
19279
10851
11080
19281
20025
1
9417
1
9418
8
10863
17381
18722
19279
10851
11080
19281
20025
4
9225
9420
9108
9241
1
9421
1
9422
8
10863
17381
18722
19279
10851
11080
19281
20025
4
9424
10340
15287
15365
1
9425
1
9426
8
10863
17381
18722
19279
10851
11080
19281
20025
1
9428
1
9429
1
9430
1
9431
1
9432
1
9433
1
9434
1
9435
1
9436
1
9437
1
9438
1
9439
1
9440
1
9441
5
14211
8504
16529
19742
20432
1
9443
12
19418
13577
13194
16047
10815
17699
19243
19249
9693
10813
16045
19245
1
9445
5
9147
9446
9593
9494
9563
1
9447
1
9448
1
9449
1
9450
4
9132
9451
9971
10248
1
9452
1
9453
7
9454
17641
11953
20413
13465
13250
16311
1
9455
2
9373
9456
1
9457
6
15429
9458
9453
17486
9365
9373
1
9459
8
10863
17381
18722
19279
10851
11080
19281
20025
1
9461
1
9462
1
9463
1
9464
1
9465
1
9466
3
18253
9467
17305
1
9468
1
9469
1
9470
1
9471
1
9472
1
9473
4
9023
9474
9496
9886
1
9475
6
9476
10730
10183
10152
10451
10563
1
9477
1
9478
1
9479
1
9480
8
10863
17381
18722
19279
10851
11080
19281
20025
1
9482
1
9483
1
9484
1
9485
1
9486
1
9487
1
9488
1
9489
1
9490
1
9491
1
9492
1
9493
5
14211
8504
16529
19742
20432
1
9495
7
9023
9474
9496
9886
10122
10151
10172
1
9497
1
9498
1
9499
1
9500
1
9501
1
9502
1
9503
1
9504
1
9505
1
9506
1
9507
1
9508
1
9509
1
9510
3
9511
10412
10324
1
9512
1
9513
1
9514
1
9515
1
9516
1
9517
1
9518
1
9519
1
9520
5
14211
8504
16529
19742
20432
1
9522
1
9523
1
9524
1
9525
1
9526
1
9527
1
9528
1
9529
1
9530
1
9531
1
9532
1
9533
1
9534
1
9535
1
9536
1
9537
1
9538
1
9539
1
9540
1
9541
5
14211
8504
16529
19742
20432
1
9543
4
9544
14691
17511
17522
1
9545
1
9546
1
9547
1
9548
1
9549
1
9550
1
9551
2
10904
9552
1
9553
1
9554
1
9555
1
9556
1
9557
1
9558
1
9559
1
9560
1
9561
1
9562
3
9593
9494
9563
1
9564
1
9565
5
14211
8504
16529
19742
20432
1
9567
1
9568
1
9569
1
9570
1
9571
1
9572
1
9573
1
9574
1
9575
1
9576
1
9577
1
9578
1
9579
1
9580
1
9581
1
9582
1
9583
1
9584
1
9585
1
9586
1
9587
4
9405
9588
9349
9590
1
9589
15
17666
10826
17644
13125
8343
17746
8333
17744
20004
20002
20393
20394
8346
8341
17742
4
11564
14003
19150
19152
1
9592
1
9593
1
9594
1
9595
1
9596
1
9597
1
9598
1
9599
1
9600
1
9601
1
9602
15
17666
10826
17644
13125
8343
17746
8333
17744
20004
20002
20393
20394
8346
8341
17742
1
9604
1
9605
1
9606
2
9607
9834
1
9608
1
9609
1
9610
1
9611
1
9612
1
9613
13
19418
13577
13194
16047
10815
17699
19243
19249
9693
10813
16045
19245
17326
1
9615
4
9229
9230
9616
9974
1
9617
1
9618
1
9619
1
9620
1
9621
1
9622
1
9623
1
9624
1
9625
1
9626
8
11564
14003
19150
19152
13553
16157
19154
11693
1
9628
4
9629
16554
19099
19815
1
9630
1
9631
3
11056
14628
9632
1
9633
1
9634
4
11564
14003
19150
19152
1
9636
1
9637
1
9638
1
9639
1
9640
4
9176
9641
9816
9975
1
9642
1
9643
1
9644
1
9645
1
9646
4
9952
9647
11176
11178
1
9648
4
9649
12164
10995
12172
1
9650
1
9651
1
9652
1
9653
1
9654
1
9655
1
9656
1
9657
1
9658
1
9659
1
9660
1
9661
1
9662
1
9663
1
9664
1
9665
1
9666
1
9667
1
9668
1
9669
1
9670
1
9671
1
9672
1
9673
1
9674
1
9675
1
9676
1
9677
1
9678
1
9679
15
17666
10826
17644
13125
8343
17746
8333
17744
20004
20002
20393
20394
8346
8341
17742
1
9681
13
19418
13577
13194
16047
10815
17699
19243
19249
9693
10813
16045
19245
17326
1
9683
1
9684
1
9685
1
9686
1
9687
1
9688
1
9689
2
9690
16074
4
11564
14003
19150
19152
1
9692
2
9693
10813
1
9694
1
9695
1
9696
1
9697
1
9698
1
9699
1
9700
4
11564
14003
19150
19152
1
9702
1
9703
1
9704
1
9705
1
9706
1
9707
1
9708
1
9709
3
9710
12536
12581
1
9711
11
9712
12846
18778
18779
8543
12867
12903
15905
18775
13880
13973
1
9713
1
9714
1
9715
1
9716
1
9717
1
9718
1
9719
1
9720
4
9721
11661
11973
15349
1
9722
1
9723
2
9724
9934
1
9725
1
9726
1
9727
1
9728
1
9729
1
9730
1
9731
1
9732
1
9733
1
9734
1
9735
1
9736
1
9737
1
9738
1
9739
1
9740
1
9741
1
9742
1
9743
1
9744
1
9745
2
10835
9746
1
9747
1
9748
1
9749
15
17666
10826
17644
13125
8343
17746
8333
17744
20004
20002
20393
20394
8346
8341
17742
9
16942
19152
13909
16807
16941
19569
11564
14003
19150
1
9752
9
13953
13985
15261
12036
15148
19549
19550
10934
11990
1
9754
1
9755
1
9756
9
13953
13985
15261
12036
15148
19549
19550
10934
11990
3
9758
9760
18699
1
9759
2
9760
18699
1
9761
1
9762
1
9763
1
9764
1
9765
15
17666
10826
17644
13125
8343
17746
8333
17744
20004
20002
20393
20394
8346
8341
17742
1
9767
1
9768
1
9769
5
9770
10975
12242
12248
12247
9
13953
13985
15261
12036
15148
19549
19550
10934
11990
1
9772
1
9773
1
9774
1
9775
1
9776
1
9777
1
9778
1
9779
1
9780
1
9781
1
9782
1
9783
1
9784
1
9785
1
9786
1
9787
1
9788
3
10302
9789
10492
1
9790
1
9791
1
9792
1
9793
1
9794
1
9795
1
9796
9
13953
13985
15261
12036
15148
19549
19550
10934
11990
1
9798
1
9799
1
9800
2
9737
9801
1
9802
1
9803
1
9804
1
9805
1
9806
9
13953
13985
15261
12036
15148
19549
19550
10934
11990
1
9808
1
9809
9
13953
13985
15261
12036
15148
19549
19550
10934
11990
4
9811
14705
14939
17271
1
9812
1
9813
1
9814
1
9815
4
9176
9641
9816
9975
1
9817
1
9818
15
17666
10826
17644
13125
8343
17746
8333
17744
20004
20002
20393
20394
8346
8341
17742
1
9820
1
9821
1
9822
1
9823
1
9824
1
9825
12
9826
10949
10932
10989
11010
11013
18587
9909
11012
18588
18591
11476
1
9827
1
9828
1
9829
1
9830
1
9831
1
9832
1
9833
3
9607
9834
9753
1
9835
1
9836
1
9837
1
9838
1
9839
1
9840
1
9841
1
9842
1
9843
1
9844
1
9845
1
9846
1
9847
1
9848
1
9849
2
9850
16627
1
9851
9
16942
19152
13909
16807
16941
19569
11564
14003
19150
1
9853
1
9854
1
9855
1
9856
4
9142
9857
9860
9921
1
9858
1
9859
4
9142
9857
9860
9921
1
9861
1
9862
1
9863
1
9864
1
9865
1
9866
1
9867
1
9868
1
9869
1
9870
1
9871
1
9872
1
9873
1
9874
1
9875
9
16942
19152
13909
16807
16941
19569
11564
14003
19150
7
9142
9857
9860
9921
9877
15268
15269
1
9878
1
9879
1
9880
1
9881
1
9882
1
9883
1
9884
1
9885
4
9023
9474
9496
9886
1
9887
7
16808
16811
13909
16807
16941
16942
19569
1
9889
1
9890
1
9891
1
9892
1
9893
1
9894
1
9895
1
9896
1
9897
1
9898
1
9899
1
9900
1
9901
1
9902
1
9903
1
9904
8
9905
11811
18000
9234
9272
11005
11165
11812
1
9906
2
9907
13235
1
9908
4
9909
11012
18588
18591
1
9910
1
9911
1
9912
5
9913
9969
10979
9345
10978
1
9914
1
9915
1
9916
1
9917
1
9918
1
9919
1
9920
4
9142
9857
9860
9921
1
9922
1
9923
1
9924
1
9925
1
9926
2
9927
13149
10
9233
9928
9143
9419
10672
11265
9566
9591
10145
9635
1
9929
1
9930
1
9931
1
9932
1
9933
2
9724
9934
1
9935
7
16808
16811
13909
16807
16941
16942
19569
3
16006
16308
9937
1
9938
1
9939
1
9940
1
9941
1
9942
1
9943
1
9944
1
9945
1
9946
1
9947
1
9948
1
9949
12
9950
10188
9132
9451
9971
10248
9990
9996
10186
9542
10529
10530
1
9951
4
9952
9647
11176
11178
2
9953
9183
1
9954
24
14161
14178
14649
10464
14118
10360
10463
15388
15389
15391
10579
10582
10599
9511
10412
10324
10592
14995
10598
10600
15011
15257
15384
15027
2
9956
17283
1
9957
1
9958
7
16808
16811
13909
16807
16941
16942
19569
1
9960
1
9961
1
9962
1
9963
1
9964
1
9965
8
10708
10027
11521
14139
14374
11576
12043
12370
1
9967
1
9968
5
9913
9969
10979
9345
10978
1
9970
5
13553
16157
19154
11693
19150
1
9972
1
9973
4
9229
9230
9616
9974
4
9176
9641
9816
9975
1
9976
1
9977
1
9978
1
9979
1
9980
1
9981
11
9982
15405
15403
17981
17984
9771
9852
9876
17591
17975
17582
1
9983
6
9984
11910
16678
13109
19382
19385
1
9985
1
9986
1
9987
1
9988
1
9989
8
11564
14003
19150
19152
13553
16157
19154
11693
1
9991
1
9992
1
9993
1
9994
1
9995
5
13553
16157
19154
11693
19150
1
9997
1
9998
1
9999
1
10000
1
10001
1
10002
1
10003
1
10004
1
10005
1
10006
1
10007
1
10008
1
10009
1
10010
1
10011
1
10012
1
10013
1
10014
1
10015
2
11300
10016
1
10017
1
10018
1
10019
1
10020
1
10021
1
10022
1
10023
1
10024
1
10025
1
10026
4
10027
11521
14139
14374
1
10028
1
10029
1
10030
1
10031
1
10032
1
10033
1
10034
1
10035
1
10036
1
10037
1
10038
1
10039
1
10040
1
10041
5
13553
16157
19154
11693
19150
1
10043
1
10044
1
10045
1
10046
8
10708
10027
11521
14139
14374
11576
12043
12370
1
10048
1
10049
1
10050
8
10708
10027
11521
14139
14374
11576
12043
12370
1
10052
3
10053
10760
13242
5
13553
16157
19154
11693
19150
1
10055
1
10056
1
10057
1
10058
1
10059
19
10060
8916
11322
12890
11686
12913
9911
12512
13882
17373
18783
8792
20111
20232
20237
10184
18769
17262
13888
10
10061
10187
10537
10643
16006
15852
9063
15994
16308
9937
1
10062
1
10063
1
10064
1
10065
1
10066
5
13553
16157
19154
11693
19150
1
10068
1
10069
4
13508
15545
13075
20331
1
10071
1
10072
1
10073
1
10074
1
10075
1
10076
1
10077
1
10078
1
10079
1
10080
1
10081
1
10082
1
10083
1
10084
1
10085
1
10086
1
10087
1
10088
7
10089
11079
9273
9753
10054
15307
15309
1
10090
1
10091
1
10092
1
10093
1
10094
1
10095
3
8920
10096
10504
1
10097
1
10098
1
10099
1
10100
1
10101
1
10102
1
10103
1
10104
1
10105
1
10106
1
10107
8
10108
11075
18033
9416
10129
10667
10710
15119
1
10109
1
10110
16
9024
10111
17274
10116
10363
10533
9751
11255
17275
9233
9627
9635
17272
17276
10145
11265
1
10112
1
10113
1
10114
1
10115
18
17731
17730
17729
19288
19289
17626
17629
9263
11915
19291
19292
8442
8443
19290
8446
8444
8445
15674
1
10117
1
10118
1
10119
19
10120
10121
17273
9024
10111
17274
10116
10363
10533
9751
11255
17275
9233
9627
9635
17272
17276
10145
11265
19
10120
10121
17273
9024
10111
17274
10116
10363
10533
9751
11255
17275
9233
9627
9635
17272
17276
10145
11265
7
9023
9474
9496
9886
10122
10151
10172
11
10123
15415
9083
10713
9096
9099
10456
9095
10729
10416
10563
1
10124
1
10125
4
10126
10241
10674
10719
1
10127
1
10128
8
10708
10027
11521
14139
14374
11576
12043
12370
1
10130
1
10131
8
10708
10027
11521
14139
14374
11576
12043
12370
1
10133
1
10134
1
10135
1
10136
1
10137
5
9442
10138
10144
10524
10640
1
10139
1
10140
1
10141
1
10142
1
10143
5
9442
10138
10144
10524
10640
4
13508
15545
13075
20331
1
10146
1
10147
1
10148
1
10149
1
10150
2
10122
10151
3
10730
10183
10152
1
10153
1
10154
1
10155
8
10708
10027
11521
14139
14374
11576
12043
12370
1
10157
4
10158
10588
14560
18039
1
10159
3
10160
12845
14220
1
10161
1
10162
1
10163
1
10164
1
10165
1
10166
4
10167
10727
10754
14480
1
10168
1
10169
1
10170
1
10171
11
10666
11243
13345
17596
20330
19362
19367
9259
14761
13053
13350
1
10173
11
10666
11243
13345
17596
20330
19362
19367
9259
14761
13053
13350
4
9169
9360
10175
11122
1
10176
1
10177
1
10178
1
10179
5
14440
10180
10185
18303
20047
4
13508
15545
13075
20331
1
10182
6
9476
10730
10183
10152
10451
10563
4
13508
15545
13075
20331
3
14440
10180
10185
4
13508
15545
13075
20331
8
13450
13459
13203
13457
13464
13470
14601
20067
12
9950
10188
9132
9451
9971
10248
9990
9996
10186
9542
10529
10530
1
10189
1
10190
1
10191
1
10192
1
10193
11
10666
11243
13345
17596
20330
19362
19367
9259
14761
13053
13350
1
10195
1
10196
1
10197
1
10198
1
10199
1
10200
1
10201
1
10202
1
10203
3
10204
15361
10886
1
10205
1
10206
1
10207
1
10208
1
10209
1
10210
1
10211
1
10212
1
10213
1
10214
1
10215
1
10216
1
10217
1
10218
7
10219
10668
9416
10129
10667
10710
15119
1
10220
1
10221
1
10222
1
10223
1
10224
1
10225
1
10226
1
10227
4
10228
10293
11624
11769
1
10229
1
10230
19
10231
15388
15389
15391
10579
10582
10599
9511
10412
10324
10592
14995
10598
10600
15011
15257
15384
15387
14632
1
10232
1
10233
1
10234
1
10235
4
10236
10252
17525
17526
1
10237
1
10238
1
10239
1
10240
4
10126
10241
10674
10719
1
10242
4
10243
10355
10675
12060
1
10244
8
10245
11276
13186
11470
13170
12155
15294
15296
1
10246
1
10247
8
13450
13459
13203
13457
13464
13470
14601
20067
1
10249
1
10250
1
10251
4
10236
10252
17525
17526
1
10253
1
10254
15
10255
10256
9132
9451
9971
10248
9990
9996
10186
10661
10662
10261
10701
12098
10702
9
10255
10256
9132
9451
9971
10248
9990
9996
10186
1
10257
1
10258
1
10259
1
10260
13
10261
10701
12098
9132
9451
9971
10248
9990
9996
10186
10702
10255
10256
1
10262
1
10263
1
10264
1
10265
1
10266
1
10267
1
10268
1
10269
1
10270
1
10271
1
10272
1
10273
1
10274
1
10275
1
10276
1
10277
1
10278
1
10279
1
10280
1
10281
1
10282
26
10283
14161
14178
14649
10464
14118
10360
10463
15388
15389
15391
10579
10582
10599
9511
10412
10324
10592
14995
10598
10600
15011
15257
15384
15027
14582
1
10284
1
10285
1
10286
1
10287
15
10288
10261
10701
12098
9132
9451
9971
10248
9990
9996
10186
10702
10255
10256
14600
1
10289
1
10290
1
10291
1
10292
4
10228
10293
11624
11769
8
13450
13459
13203
13457
13464
13470
14601
20067
1
10295
2
10414
10296
1
10297
1
10298
1
10299
1
10300
1
10301
3
10302
9789
10492
1
10303
1
10304
1
10305
1
10306
1
10307
1
10308
1
10309
4
9305
10310
14380
15185
1
10311
1
10312
1
10313
1
10314
1
10315
1
10316
1
10317
1
10318
8
10319
10181
11733
15228
16268
17013
19679
20029
1
10320
1
10321
1
10322
8
13450
13459
13203
13457
13464
13470
14601
20067
2
10324
10525
1
10325
4
10326
10327
10378
10384
4
10326
10327
10378
10384
1
10328
1
10329
1
10330
1
10331
1
10332
1
10333
2
10334
14622
1
10335
1
10336
2
10337
13150
6
10338
10540
12960
12987
10446
10542
1
10339
18
17731
17730
17729
19288
19289
17626
17629
9263
11915
19291
19292
8442
8443
19290
8446
8444
8445
15674
4
10341
16672
17008
19678
1
10342
1
10343
1
10344
27
14161
14178
14649
10464
14118
10360
10463
15388
15389
15391
10579
10582
10599
9511
10412
10324
10592
14995
10598
10600
15011
15257
15384
15027
14176
14179
14121
1
10346
1
10347
1
10348
1
10349
8
13450
13459
13203
13457
13464
13470
14601
20067
1
10351
1
10352
1
10353
1
10354
4
10243
10355
10675
12060
1
10356
1
10357
1
10358
1
10359
18
10360
10463
15388
15389
15391
10579
10582
10599
9511
10412
10324
10592
14995
10598
10600
15011
15257
15384
19
10361
10360
10463
15388
15389
15391
10579
10582
10599
9511
10412
10324
10592
14995
10598
10600
15011
15257
15384
1
10362
18
17731
17730
17729
19288
19289
17626
17629
9263
11915
19291
19292
8442
8443
19290
8446
8444
8445
15674
1
10364
1
10365
1
10366
1
10367
1
10368
1
10369
1
10370
1
10371
5
10372
10374
19258
11857
19257
1
10373
5
10372
10374
19258
11857
19257
10
10375
14602
17121
8282
17123
20262
20272
8286
20271
20274
4
10376
11929
12393
14559
4
10377
10380
10926
10936
4
10326
10327
10378
10384
1
10379
4
10377
10380
10926
10936
1
10381
6
19024
10382
12882
8732
20283
8953
1
10383
4
10326
10327
10378
10384
1
10385
1
10386
1
10387
1
10388
1
10389
1
10390
1
10391
1
10392
1
10393
8
13450
13459
13203
13457
13464
13470
14601
20067
1
10395
1
10396
3
20364
10397
12774
1
10398
1
10399
1
10400
1
10401
1
10402
1
10403
1
10404
1
10405
1
10406
1
10407
1
10408
1
10409
3
10410
10753
10773
1
10411
2
10412
10324
1
10413
2
10414
10296
1
10415
13
10416
10503
10706
10123
15415
9083
10713
9096
9099
10456
9095
10729
10563
1
10417
1
10418
1
10419
1
10420
1
10421
1
10422
1
10423
1
10424
1
10425
1
10426
1
10427
1
10428
1
10429
1
10430
1
10431
1
10432
1
10433
1
10434
11
10666
11243
13345
17596
20330
19362
19367
9259
14761
13053
13350
1
10436
1
10437
1
10438
11
10666
11243
13345
17596
20330
19362
19367
9259
14761
13053
13350
1
10440
1
10441
1
10442
1
10443
1
10444
1
10445
6
10338
10540
12960
12987
10446
10542
1
10447
4
10448
10547
15318
15333
1
10449
1
10450
6
9476
10730
10183
10152
10451
10563
1
10452
1
10453
1
10454
1
10455
11
10666
11243
13345
17596
20330
19362
19367
9259
14761
13053
13350
1
10457
1
10458
1
10459
1
10460
7
10461
10158
10588
14560
18039
10589
10735
1
10462
19
10361
10360
10463
15388
15389
15391
10579
10582
10599
9511
10412
10324
10592
14995
10598
10600
15011
15257
15384
20
10464
14118
10360
10463
15388
15389
15391
10579
10582
10599
9511
10412
10324
10592
14995
10598
10600
15011
15257
15384
1
10465
1
10466
1
10467
1
10468
1
10469
1
10470
1
10471
1
10472
4
10473
10740
14225
14647
1
10474
1
10475
1
10476
1
10477
1
10478
1
10479
1
10480
1
10481
1
10482
1
10483
1
10484
1
10485
1
10486
1
10487
4
10488
12830
18700
18702
1
10489
4
10490
13119
13121
13396
1
10491
3
10302
9789
10492
1
10493
9
10494
10123
15415
9083
10435
8922
10522
11287
14452
1
10495
1
10496
1
10497
1
10498
1
10499
1
10500
1
10501
1
10502
13
10416
10503
10706
10123
15415
9083
10713
9096
9099
10456
9095
10729
10563
3
8920
10096
10504
13
10505
10490
13119
13121
13396
8887
13392
8889
13556
13571
13572
15649
17210
1
10506
1
10507
1
10508
1
10509
1
10510
1
10511
1
10512
1
10513
1
10514
1
10515
1
10516
1
10517
1
10518
10
8386
10519
17223
18616
18617
19135
18871
11715
18646
8389
1
10520
1
10521
10
10651
13016
13022
10548
10338
10540
12960
12987
16282
17487
7
13443
13719
18915
18916
13531
13787
13818
2
10144
10524
2
10324
10525
1
10526
1
10527
1
10528
4
13443
13719
18915
18916
4
13443
13719
18915
18916
4
13443
13719
18915
18916
1
10532
18
17731
17730
17729
19288
19289
17626
17629
9263
11915
19291
19292
8442
8443
19290
8446
8444
8445
15674
1
10534
1
10535
1
10536
4
13443
13719
18915
18916
1
10538
1
10539
4
10338
10540
12960
12987
1
10541
10
10651
13016
13022
10548
10338
10540
12960
12987
16282
17487
1
10543
10
10544
15442
9096
9099
10456
10713
9095
10729
10416
10563
4
10545
10883
12194
12864
1
10546
4
10448
10547
15318
15333
10
10651
13016
13022
10548
10338
10540
12960
12987
16282
17487
1
10549
1
10550
1
10551
1
10552
1
10553
1
10554
1
10555
1
10556
1
10557
1
10558
1
10559
1
10560
1
10561
1
10562
6
9476
10730
10183
10152
10451
10563
1
10564
1
10565
1
10566
1
10567
1
10568
1
10569
1
10570
10
10651
13016
13022
10548
10338
10540
12960
12987
16282
17487
1
10572
1
10573
1
10574
1
10575
1
10576
1
10577
10
10651
13016
13022
10548
10338
10540
12960
12987
16282
17487
18
17731
17730
17729
19288
19289
17626
17629
9263
11915
19291
19292
8442
8443
19290
8446
8444
8445
15674
1
10580
1
10581
12
10579
10582
10599
9511
10412
10324
10592
14995
10598
10600
14693
15211
4
10583
10777
18035
20443
1
10584
1
10585
1
10586
1
10587
7
10461
10158
10588
14560
18039
10589
10735
7
10461
10158
10588
14560
18039
10589
10735
1
10590
1
10591
12
10579
10582
10599
9511
10412
10324
10592
14995
10598
10600
14693
15211
1
10593
1
10594
1
10595
1
10596
1
10597
10
10579
10582
10599
9511
10412
10324
10592
14995
10598
10600
19
10361
10360
10463
15388
15389
15391
10579
10582
10599
9511
10412
10324
10592
14995
10598
10600
15011
15257
15384
8
10599
9511
10412
10324
10592
14995
10598
10600
1
10601
1
10602
1
10603
1
10604
1
10605
1
10606
2
10607
13209
1
10608
1
10609
1
10610
2
10742
10611
10
10651
13016
13022
10548
10338
10540
12960
12987
16282
17487
1
10613
1
10614
7
10548
10338
10540
12960
12987
16282
17487
1
10616
3
10617
17384
15841
1
10618
1
10619
1
10620
1
10621
1
10622
7
10548
10338
10540
12960
12987
16282
17487
1
10624
1
10625
1
10626
1
10627
1
10628
1
10629
1
10630
1
10631
1
10632
1
10633
1
10634
1
10635
1
10636
1
10637
4
10638
10639
14222
14583
4
10638
10639
14222
14583
5
9442
10138
10144
10524
10640
1
10641
3
17403
10642
16836
4
13443
13719
18915
18916
1
10644
1
10645
1
10646
1
10647
1
10648
1
10649
1
10650
7
10548
10338
10540
12960
12987
16282
17487
1
10652
1
10653
1
10654
1
10655
1
10656
1
10657
1
10658
1
10659
1
10660
15
10255
10256
9132
9451
9971
10248
9990
9996
10186
10661
10662
10261
10701
12098
10702
15
10255
10256
9132
9451
9971
10248
9990
9996
10186
10661
10662
10261
10701
12098
10702
1
10663
1
10664
1
10665
7
10548
10338
10540
12960
12987
16282
17487
10
10338
10540
12960
12987
10446
10542
10578
10612
10615
10623
7
10219
10668
9416
10129
10667
10710
15119
1
10669
1
10670
1
10671
10
10338
10540
12960
12987
10446
10542
10578
10612
10615
10623
1
10673
4
10126
10241
10674
10719
4
10243
10355
10675
12060
1
10676
1
10677
1
10678
1
10679
1
10680
1
10681
1
10682
1
10683
1
10684
1
10685
1
10686
1
10687
1
10688
1
10689
1
10690
1
10691
1
10692
1
10693
1
10694
1
10695
1
10696
1
10697
1
10698
1
10699
1
10700
15
10288
10261
10701
12098
9132
9451
9971
10248
9990
9996
10186
10702
10255
10256
14600
15
10255
10256
9132
9451
9971
10248
9990
9996
10186
10661
10662
10261
10701
12098
10702
1
10703
1
10704
1
10705
13
10416
10503
10706
10123
15415
9083
10713
9096
9099
10456
9095
10729
10563
1
10707
10
10338
10540
12960
12987
10446
10542
10578
10612
10615
10623
1
10709
10
10338
10540
12960
12987
10446
10542
10578
10612
10615
10623
1
10711
1
10712
13
10123
15415
9083
10713
9096
9099
10456
9095
10729
10416
10563
10544
15442
1
10714
1
10715
1
10716
1
10717
1
10718
4
10126
10241
10674
10719
1
10720
1
10721
3
10726
10722
9097
1
10723
1
10724
1
10725
2
10726
10722
4
10167
10727
10754
14480
1
10728
10
10338
10540
12960
12987
10446
10542
10578
10612
10615
10623
3
10730
10183
10152
1
10731
1
10732
7
10733
20226
16884
20229
15808
17171
17478
1
10734
7
10461
10158
10588
14560
18039
10589
10735
1
10736
1
10737
1
10738
1
10739
4
10473
10740
14225
14647
1
10741
2
10742
10611
1
10743
1
10744
1
10745
1
10746
1
10747
1
10748
1
10749
1
10750
1
10751
1
10752
3
10410
10753
10773
4
10167
10727
10754
14480
1
10755
1
10756
7
13473
20334
13402
14929
16590
16602
14548
1
10758
1
10759
3
10053
10760
13242
1
10761
1
10762
1
10763
1
10764
1
10765
1
10766
1
10767
1
10768
1
10769
1
10770
1
10771
1
10772
10
10338
10540
12960
12987
10446
10542
10578
10612
10615
10623
1
10774
1
10775
5
10726
10722
9097
10776
15122
4
10583
10777
18035
20443
1
10778
1
10779
1
10780
1
10781
2
9118
10782
1
10783
1
10784
1
10785
1
10786
7
13473
20334
13402
14929
16590
16602
14548
1
10788
1
10789
1
10790
1
10791
1
10792
1
10793
1
10794
1
10795
1
10796
1
10797
1
10798
1
10799
1
10800
1
10801
1
10802
1
10803
1
10804
1
10805
2
10806
10910
1
10807
1
10808
1
10809
1
10810
6
8323
10840
10811
16027
16029
19142
3
10812
12140
13048
2
9693
10813
1
10814
7
13473
20334
13402
14929
16590
16602
14548
1
10816
1
10817
1
10818
1
10819
1
10820
1
10821
1
10822
1
10823
1
10824
2
10825
14845
16
10439
12905
9751
11255
17275
9233
9627
9635
17272
17276
10145
11265
10116
10363
10533
12664
1
10827
2
13140
10828
1
10829
4
9149
10830
12202
12635
1
10831
1
10832
1
10833
1
10834
2
10835
9746
1
10836
1
10837
1
10838
2
10839
15115
4
10840
10811
16027
16029
1
10841
1
10842
1
10843
1
10844
3
10845
13221
19490
1
10846
1
10847
1
10848
1
10849
6
13402
14929
16590
16602
13473
20334
4
10851
11080
19281
20025
8
8305
10852
10877
8306
10990
11009
19015
19666
1
10853
1
10854
1
10855
1
10856
4
10857
13936
15318
15333
1
10858
1
10859
1
10860
1
10861
3
11068
10862
10950
16
10439
12905
9751
11255
17275
9233
9627
9635
17272
17276
10145
11265
10116
10363
10533
12664
1
10864
1
10865
1
10866
1
10867
1
10868
1
10869
1
10870
6
16590
16602
13402
14929
13473
20334
1
10872
1
10873
1
10874
1
10875
1
10876
8
8305
10852
10877
8306
10990
11009
19015
19666
1
10878
1
10879
6
10880
12032
13287
15361
15362
13294
1
10881
1
10882
4
10545
10883
12194
12864
1
10884
1
10885
1
10886
1
10887
1
10888
1
10889
1
10890
2
10891
11868
1
10892
1
10893
1
10894
1
10895
1
10896
1
10897
1
10898
1
10899
1
10900
6
13402
14929
16590
16602
13473
20334
1
10902
1
10903
1
10904
1
10905
1
10906
1
10907
7
10908
11304
19349
19351
20445
12907
19350
1
10909
5
9197
10806
10910
12432
12625
1
10911
1
10912
1
10913
1
10914
1
10915
1
10916
1
10917
1
10918
1
10919
1
10920
1
10921
1
10922
6
16590
16602
13402
14929
13473
20334
1
10924
5
10925
11011
10901
10923
11041
4
10377
10380
10926
10936
1
10927
1
10928
1
10929
3
11048
18553
10930
1
10931
10
10932
10989
11010
11013
18587
9909
11012
18588
18591
11476
1
10933
2
10934
11990
4
13229
13231
17287
17539
4
10377
10380
10926
10936
1
10937
1
10938
1
10939
1
10940
1
10941
1
10942
1
10943
1
10944
1
10945
1
10946
1
10947
1
10948
12
9826
10949
10932
10989
11010
11013
18587
9909
11012
18588
18591
11476
2
10950
13757
1
10951
1
10952
1
10953
1
10954
1
10955
1
10956
1
10957
1
10958
1
10959
1
10960
1
10961
1
10962
1
10963
8
8407
17562
13229
13231
17287
17539
14562
17538
1
10965
14
10966
11150
10583
10777
18035
20443
10108
11075
18033
9416
10129
10667
10710
15119
1
10967
1
10968
1
10969
1
10970
1
10971
1
10972
1
10973
1
10974
5
9770
10975
12242
12248
12247
1
10976
4
13229
13231
17287
17539
3
9345
9969
10978
5
9913
9969
10979
9345
10978
9
13992
14726
14730
17288
18734
13229
13231
17287
17539
1
10981
1
10982
1
10983
1
10984
1
10985
1
10986
1
10987
1
10988
10
10932
10989
11010
11013
18587
9909
11012
18588
18591
11476
4
13229
13231
17287
17539
1
10991
1
10992
1
10993
1
10994
4
9649
12164
10995
12172
7
10996
17733
11907
18570
17732
18569
10041
1
10997
1
10998
2
10999
19238
1
11000
1
11001
6
18963
13101
16332
16334
18962
20388
1
11003
1
11004
5
13101
16332
16334
18962
20388
1
11006
1
11007
1
11008
6
18963
13101
16332
16334
18962
20388
7
11010
11013
18587
9909
11012
18588
18591
5
10925
11011
10901
10923
11041
4
9909
11012
18588
18591
12
9826
10949
10932
10989
11010
11013
18587
9909
11012
18588
18591
11476
1
11014
1
11015
1
11016
1
11017
1
11018
1
11019
5
11020
13590
16583
11023
16586
1
11021
1
11022
16
10439
12905
9751
11255
17275
9233
9627
9635
17272
17276
10145
11265
10116
10363
10533
12664
1
11024
1
11025
1
11026
1
11027
1
11028
1
11029
1
11030
1
11031
1
11032
1
11033
1
11034
1
11035
1
11036
1
11037
1
11038
1
11039
1
11040
5
13101
16332
16334
18962
20388
1
11042
1
11043
1
11044
1
11045
3
16016
15124
11046
1
11047
1
11048
1
11049
1
11050
16
10439
12905
9751
11255
17275
9233
9627
9635
17272
17276
10145
11265
10116
10363
10533
12664
5
13101
16332
16334
18962
20388
18
17731
17730
17729
19288
19289
17626
17629
9263
11915
19291
19292
8442
8443
19290
8446
8444
8445
15674
1
11054
1
11055
6
11056
14628
9632
13182
13183
17944
1
11057
1
11058
8
9054
9364
11059
11094
12623
9795
9340
9258
5
13101
16332
16334
18962
20388
1
11061
1
11062
1
11063
1
11064
1
11065
1
11066
1
11067
5
11068
10862
10950
19491
19492
1
11069
1
11070
1
11071
1
11072
1
11073
1
11074
8
10108
11075
18033
9416
10129
10667
10710
15119
18
17731
17730
17729
19288
19289
17626
17629
9263
11915
19291
19292
8442
8443
19290
8446
8444
8445
15674
1
11077
3
10977
10980
11078
7
10089
11079
9273
9753
10054
15307
15309
4
10851
11080
19281
20025
1
11081
1
11082
5
13008
17559
17565
17575
19360
1
11084
1
11085
1
11086
1
11087
1
11088
1
11089
1
11090
18
12664
12735
12906
10439
12905
9751
11255
17275
9233
9627
9635
17272
17276
10145
11265
10116
10363
10533
1
11092
1
11093
3
11059
11094
12623
8
11095
11297
11551
10757
13147
13216
13217
14504
1
11096
5
13008
17559
17565
17575
19360
1
11098
1
11099
1
11100
1
11101
1
11102
1
11103
1
11104
1
11105
1
11106
1
11107
1
11108
1
11109
1
11110
1
11111
1
11112
1
11113
1
11114
1
11115
1
11116
5
13008
17559
17565
17575
19360
1
11118
1
11119
5
13008
17559
17565
17575
19360
1
11121
4
9169
9360
10175
11122
1
11123
5
10976
11124
11541
11408
9050
3
11125
12893
18485
1
11126
4
14723
12565
11127
15525
1
11128
8
17281
13006
18096
11253
9956
17283
11129
11146
1
11130
1
11131
1
11132
1
11133
1
11134
1
11135
1
11136
1
11137
1
11138
1
11139
1
11140
18
17731
17730
17729
19288
19289
17626
17629
9263
11915
19291
19292
8442
8443
19290
8446
8444
8445
15674
8
8402
8410
13008
17559
17565
17575
19360
18870
1
11143
1
11144
1
11145
1
11146
1
11147
1
11148
1
11149
14
10966
11150
10583
10777
18035
20443
10108
11075
18033
9416
10129
10667
10710
15119
1
11151
1
11152
1
11153
5
13008
17559
17565
17575
19360
1
11155
1
11156
1
11157
1
11158
1
11159
4
11051
11160
9653
18973
1
11161
10
12962
18253
9467
17305
18283
12957
12959
12972
17304
17306
1
11163
1
11164
5
12957
12959
12972
17304
17306
1
11166
16
10439
12905
9751
11255
17275
9233
9627
9635
17272
17276
10145
11265
10116
10363
10533
12664
1
11168
3
14990
11867
11169
1
11170
1
11171
1
11172
1
11173
1
11174
1
11175
4
9952
9647
11176
11178
1
11177
1
11178
5
12957
12959
12972
17304
17306
1
11180
5
12957
12959
12972
17304
17306
1
11182
1
11183
1
11184
1
11185
1
11186
1
11187
1
11188
1
11189
1
11190
1
11191
1
11192
1
11193
1
11194
1
11195
1
11196
1
11197
1
11198
1
11199
1
11200
1
11201
1
11202
1
11203
1
11204
1
11205
1
11206
5
12957
12959
12972
17304
17306
5
12957
12959
12972
17304
17306
1
11209
1
11210
1
11211
3
11780
11212
17916
1
11213
1
11214
4
11215
14247
14259
15060
1
11216
1
11217
11
12895
14182
14185
11807
12894
14722
19540
16248
11844
11847
14184
1
11219
1
11220
1
11221
1
11222
1
11223
1
11224
1
11225
1
11226
1
11227
1
11228
1
11229
1
11230
1
11231
1
11232
4
11233
15960
18487
18488
1
11234
1
11235
1
11236
1
11237
15
8399
8401
15480
16367
8405
18985
18986
15496
15504
15385
15583
15593
17471
20370
11343
4
11239
17011
17015
17258
1
11240
1
11241
1
11242
10
10156
10194
15380
18016
18018
18032
18034
9089
10132
10174
3
11244
12559
16013
1
11245
1
11246
1
11247
1
11248
4
8546
8548
11249
17588
10
18985
18986
15496
15504
15385
15583
15593
17471
20370
11343
1
11251
10
11252
11334
13010
12986
12989
12996
13000
13002
13011
13013
1
11253
1
11254
8
12895
14182
14185
11807
12894
14722
19540
16248
1
11256
1
11257
1
11258
1
11259
4
8931
11260
11451
11453
1
11261
1
11262
1
11263
1
11264
10
10156
10194
15380
18016
18018
18032
18034
9089
10132
10174
1
11266
1
11267
1
11268
1
11269
1
11270
1
11271
1
11272
1
11273
1
11274
26
10283
14161
14178
14649
10464
14118
10360
10463
15388
15389
15391
10579
10582
10599
9511
10412
10324
10592
14995
10598
10600
15011
15257
15384
15027
14582
5
10245
11276
13186
11470
13170
1
11277
1
11278
1
11279
1
11280
1
11281
1
11282
1
11283
1
11284
1
11285
1
11286
10
10156
10194
15380
18016
18018
18032
18034
9089
10132
10174
1
11288
1
11289
1
11290
1
11291
1
11292
1
11293
1
11294
1
11295
1
11296
8
11095
11297
11551
10757
13147
13216
13217
14504
1
11298
1
11299
2
11300
10016
1
11301
1
11302
1
11303
7
10908
11304
19349
19351
20445
12907
19350
1
11305
2
11306
17991
6
11307
17993
9278
17994
11306
17991
2
11308
18007
1
11309
1
11310
1
11311
1
11312
1
11313
1
11314
1
11315
1
11316
1
11317
1
11318
2
11319
18476
1
11320
1
11321
19
10060
8916
11322
12890
11686
12913
9911
12512
13882
17373
18783
8792
20111
20232
20237
10184
18769
17262
13888
1
11323
1
11324
1
11325
10
18985
18986
15496
15504
15385
15583
15593
17471
20370
11343
1
11327
1
11328
1
11329
1
11330
1
11331
1
11332
1
11333
10
11252
11334
13010
12986
12989
12996
13000
13002
13011
13013
9
11335
17479
12324
15429
9458
9453
17486
9365
9373
1
11336
8
12895
14182
14185
11807
12894
14722
19540
16248
8
12895
14182
14185
11807
12894
14722
19540
16248
1
11339
1
11340
8
12895
14182
14185
11807
12894
14722
19540
16248
1
11342
10
18985
18986
15496
15504
15385
15583
15593
17471
20370
11343
1
11344
1
11345
1
11346
4
11347
11493
13780
15959
1
11348
1
11349
1
11350
1
11351
1
11352
1
11353
4
11354
15922
16326
18957
1
11355
1
11356
1
11357
1
11358
1
11359
1
11360
1
11361
1
11362
1
11363
1
11364
1
11365
1
11366
9
9032
11367
11819
12002
13264
13267
13270
16963
17259
1
11368
10
18985
18986
15496
15504
15385
15583
15593
17471
20370
11343
1
11370
1
11371
1
11372
1
11373
1
11374
1
11375
1
11376
1
11377
1
11378
1
11379
1
11380
1
11381
1
11382
1
11383
1
11384
1
11385
1
11386
1
11387
1
11388
1
11389
1
11390
1
11391
1
11392
1
11393
1
11394
1
11395
1
11396
1
11397
1
11398
1
11399
1
11400
1
11401
1
11402
1
11403
1
11404
1
11405
1
11406
1
11407
5
10976
11124
11541
11408
9050
1
11409
7
11410
11978
12796
12798
8446
8447
18292
25
11411
9032
11367
11819
12002
13264
13267
13270
16963
17259
15205
11729
12763
15203
12044
10880
12032
13287
15361
15362
13294
8518
8519
8524
8528
1
11412
1
11413
1
11414
1
11415
1
11416
1
11417
1
11418
1
11419
1
11420
1
11421
1
11422
1
11423
1
11424
1
11425
1
11426
1
11427
1
11428
1
11429
1
11430
1
11431
1
11432
1
11433
1
11434
1
11435
9
11436
11611
12858
8986
17459
12831
12836
15974
18523
1
11437
1
11438
1
11439
1
11440
1
11441
1
11442
1
11443
1
11444
1
11445
1
11446
1
11447
1
11448
1
11449
1
11450
4
8931
11260
11451
11453
1
11452
4
8931
11260
11451
11453
1
11454
1
11455
1
11456
1
11457
1
11458
1
11459
4
11460
17098
17101
17102
1
11461
8
11462
19500
16012
14909
19501
11481
11483
11482
1
11463
1
11464
1
11465
1
11466
1
11467
1
11468
1
11469
5
10245
11276
13186
11470
13170
1
11471
10
11472
8916
11322
12890
11686
12913
9911
13880
13973
18477
1
11473
1
11474
1
11475
10
10932
10989
11010
11013
18587
9909
11012
18588
18591
11476
1
11477
1
11478
1
11479
1
11480
4
11481
11483
11462
11482
8
12895
14182
14185
11807
12894
14722
19540
16248
4
11481
11483
11462
11482
1
11484
1
11485
1
11486
1
11487
1
11488
11
11489
16904
11481
11483
11462
11482
8292
12943
16902
17482
17485
1
11490
5
11491
11527
12761
13174
11783
1
11492
4
11347
11493
13780
15959
1
11494
1
11495
1
11496
1
11497
1
11498
1
11499
1
11500
4
11501
11506
11774
12941
1
11502
1
11503
1
11504
1
11505
7
11501
11506
11774
12941
12159
13372
14331
1
11507
1
11508
10
18985
18986
15496
15504
15385
15583
15593
17471
20370
11343
1
11510
1
11511
1
11512
1
11513
1
11514
1
11515
1
11516
1
11517
1
11518
1
11519
4
17758
17762
8884
8886
10
10156
10194
15380
18016
18018
18032
18034
9089
10132
10174
1
11522
1
11523
1
11524
1
11525
1
11526
9
11491
11527
12761
13174
11783
11757
11780
11212
17916
1
11528
1
11529
1
11530
1
11531
4
17758
17762
8884
8886
4
17758
17762
8884
8886
1
11534
1
11535
1
11536
1
11537
4
11538
14543
12618
13795
1
11539
1
11540
3
10976
11124
11541
1
11542
1
11543
5
19595
19818
11368
19816
11544
1
11545
1
11546
1
11547
1
11548
1
11549
1
11550
8
11095
11297
11551
10757
13147
13216
13217
14504
1
11552
1
11553
1
11554
1
11555
1
11556
1
11557
1
11558
1
11559
1
11560
1
11561
1
11562
1
11563
5
12892
13778
15960
16951
18488
1
11565
1
11566
5
12892
13778
15960
16951
18488
1
11568
1
11569
1
11570
1
11571
1
11572
1
11573
4
17758
17762
8884
8886
1
11575
10
10156
10194
15380
18016
18018
18032
18034
9089
10132
10174
1
11577
1
11578
1
11579
1
11580
1
11581
1
11582
5
18860
18862
11583
11374
11509
4
11584
13076
16565
18868
1
11585
1
11586
4
11587
14724
16555
16556
1
11588
1
11589
1
11590
1
11591
1
11592
1
11593
1
11594
1
11595
1
11596
1
11597
1
11598
1
11599
1
11600
1
11601
1
11602
1
11603
1
11604
1
11605
1
11606
1
11607
1
11608
1
11609
1
11610
9
11436
11611
12858
8986
17459
12831
12836
15974
18523
1
11612
1
11613
1
11614
1
11615
1
11616
1
11617
1
11618
1
11619
1
11620
1
11621
1
11622
1
11623
4
10228
10293
11624
11769
1
11625
1
11626
1
11627
1
11628
1
11629
1
11630
1
11631
2
20348
11632
1
11633
1
11634
1
11635
1
11636
1
11637
1
11638
1
11639
1
11640
1
11641
1
11642
1
11643
1
11644
1
11645
1
11646
1
11647
1
11648
1
11649
2
11650
12825
1
11651
1
11652
1
11653
4
8611
11654
12880
17053
1
11655
1
11656
1
11657
1
11658
1
11659
1
11660
4
9721
11661
11973
15349
1
11662
5
9031
11663
14646
19774
19775
1
11664
1
11665
1
11666
1
11667
1
11668
1
11669
1
11670
2
11671
12861
1
11672
1
11673
1
11674
1
11675
1
11676
1
11677
1
11678
1
11679
1
11680
4
11681
16125
19819
19821
1
11682
1
11683
1
11684
1
11685
3
11686
12913
9911
1
11687
1
11688
1
11689
1
11690
1
11691
1
11692
8
11564
14003
19150
19152
13553
16157
19154
11693
1
11694
2
11695
18222
8
11696
13234
17239
12838
15138
19494
16080
19493
4
17758
17762
8884
8886
1
11698
1
11699
1
11700
1
11701
1
11702
1
11703
1
11704
4
11705
17324
11713
11740
1
11706
1
11707
4
11708
14725
14752
20358
1
11709
1
11710
1
11711
7
11712
17496
17413
17491
19699
19703
17502
4
11705
17324
11713
11740
1
11714
10
8386
10519
17223
18616
18617
19135
18871
11715
18646
8389
1
11716
1
11717
1
11718
1
11719
1
11720
1
11721
1
11722
1
11723
1
11724
1
11725
1
11726
1
11727
1
11728
4
17758
17762
8884
8886
1
11730
1
11731
8
17464
20156
20161
20126
20127
14352
14353
20158
5
12892
13778
15960
16951
18488
1
11734
1
11735
1
11736
5
12892
13778
15960
16951
18488
3
11737
11738
11734
1
11739
4
11705
17324
11713
11740
1
11741
1
11742
1
11743
1
11744
1
11745
1
11746
1
11747
1
11748
1
11749
1
11750
1
11751
1
11752
1
11753
1
11754
1
11755
1
11756
9
11491
11527
12761
13174
11783
11757
11780
11212
17916
1
11758
1
11759
1
11760
1
11761
1
11762
1
11763
1
11764
1
11765
1
11766
1
11767
1
11768
4
10228
10293
11624
11769
1
11770
1
11771
1
11772
1
11773
4
11501
11506
11774
12941
1
11775
1
11776
1
11777
1
11778
1
11779
11
11491
11527
12761
13174
11783
11757
11780
11212
17916
18053
18055
1
11781
1
11782
3
11527
13174
11783
1
11784
1
11785
4
11786
20267
16567
17581
1
11787
2
11788
13926
1
11789
1
11790
1
11791
5
12892
13778
15960
16951
18488
1
11793
1
11794
1
11795
1
11796
1
11797
1
11798
1
11799
1
11800
1
11801
1
11802
1
11803
1
11804
3
19031
11836
11805
1
11806
4
11807
12894
14722
19540
1
11808
1
11809
1
11810
8
9905
11811
18000
9234
9272
11005
11165
11812
5
12892
13778
15960
16951
18488
1
11813
1
11814
1
11815
1
11816
1
11817
1
11818
9
9032
11367
11819
12002
13264
13267
13270
16963
17259
1
11820
2
11821
19232
1
11822
1
11823
1
11824
1
11825
1
11826
1
11827
1
11828
1
11829
1
11830
1
11831
1
11832
1
11833
1
11834
1
11835
3
19031
11836
11805
1
11837
1
11838
1
11839
1
11840
1
11841
6
11842
13222
17794
10845
13221
19490
1
11843
11
12895
14182
14185
11807
12894
14722
19540
16248
11844
11847
14184
1
11845
15
12865
19623
20300
20302
8383
8384
19621
19918
20303
16881
8379
8382
19920
20455
20452
11
12895
14182
14185
11807
12894
14722
19540
16248
11844
11847
14184
1
11848
1
11849
1
11850
1
11851
1
11852
1
11853
1
11854
1
11855
1
11856
5
10372
10374
19258
11857
19257
1
11858
1
11859
1
11860
10
12865
19623
20300
20302
8383
8384
19621
19918
20303
16881
1
11862
1
11863
10
12865
19623
20300
20302
8383
8384
19621
19918
20303
16881
10
12865
19623
20300
20302
8383
8384
19621
19918
20303
16881
1
11866
3
14990
11867
11169
2
11868
14997
1
11869
1
11870
1
11871
1
11872
1
11873
1
11874
1
11875
1
11876
1
11877
9
9750
9380
9390
17921
9364
9388
17924
11071
11073
1
11879
1
11880
1
11881
1
11882
1
11883
1
11884
1
11885
1
11886
1
11887
1
11888
1
11889
1
11890
1
11891
1
11892
1
11893
1
11894
1
11895
1
11896
1
11897
1
11898
1
11899
1
11900
1
11901
1
11902
1
11903
1
11904
1
11905
1
11906
4
11907
18570
17732
18569
1
11908
4
11909
12219
14974
14975
3
9984
11910
16678
1
11911
1
11912
1
11913
1
11914
1
11915
1
11916
1
11917
1
11918
13
14676
12461
17157
12865
19623
20300
20302
8383
8384
19621
19918
20303
16881
1
11920
1
11921
4
11922
13376
16059
16061
1
11923
1
11924
1
11925
1
11926
10
12865
19623
20300
20302
8383
8384
19621
19918
20303
16881
1
11928
4
10376
11929
12393
14559
1
11930
1
11931
1
11932
1
11933
1
11934
1
11935
1
11936
1
11937
1
11938
1
11939
1
11940
1
11941
1
11942
1
11943
1
11944
8
18234
18236
12268
12801
18225
19408
11706
12800
5
12801
18225
19408
11706
12800
1
11947
1
11948
1
11949
1
11950
1
11951
1
11952
2
11953
20413
1
11954
4
11955
12065
15045
17964
1
11956
3
19313
11957
17816
1
11958
1
11959
1
11960
7
11961
11955
12065
15045
17964
15256
17962
1
11962
1
11963
1
11964
1
11965
1
11966
4
11967
12316
12325
12326
1
11968
1
11969
1
11970
1
11971
1
11972
1
11973
1
11974
9
11975
12298
9363
10964
15349
18009
12256
9607
9834
1
11976
1
11977
4
11410
11978
12796
12798
1
11979
1
11980
1
11981
1
11982
1
11983
1
11984
1
11985
1
11986
1
11987
1
11988
1
11989
2
10934
11990
1
11991
9
11992
16257
16260
8715
16252
16258
19545
16256
19546
1
11993
1
11994
1
11995
1
11996
1
11997
1
11998
1
11999
1
12000
1
12001
9
9750
9380
9390
17921
9364
9388
17924
11071
11073
1
12003
1
12004
1
12005
1
12006
1
12007
1
12008
1
12009
1
12010
1
12011
1
12012
1
12013
1
12014
1
12015
1
12016
1
12017
1
12018
1
12019
1
12020
1
12021
1
12022
1
12023
1
12024
1
12025
1
12026
1
12027
1
12028
1
12029
1
12030
1
12031
5
12801
18225
19408
11706
12800
1
12033
1
12034
1
12035
4
12036
15148
19549
19550
1
12037
1
12038
1
12039
1
12040
1
12041
1
12042
9
9750
9380
9390
17921
9364
9388
17924
11071
11073
7
12044
10880
12032
13287
15361
15362
13294
1
12045
1
12046
1
12047
1
12048
1
12049
1
12050
1
12051
1
12052
1
12053
1
12054
1
12055
1
12056
1
12057
1
12058
1
12059
4
10243
10355
10675
12060
1
12061
1
12062
1
12063
8
17464
20156
20161
20126
20127
14352
14353
20158
7
11961
11955
12065
15045
17964
15256
17962
1
12066
1
12067
1
12068
8
17464
20156
20161
20126
20127
14352
14353
20158
1
12070
1
12071
1
12072
1
12073
8
17469
20171
8788
14523
20163
12075
12074
16511
3
12075
12074
16511
1
12076
1
12077
1
12078
1
12079
1
12080
4
12081
15087
11308
18043
1
12082
4
12083
15658
15659
16051
6
14969
12084
13650
16048
19436
19437
1
12085
1
12086
1
12087
1
12088
2
12089
14927
1
12090
1
12091
1
12092
1
12093
1
12094
1
12095
1
12096
1
12097
9
10701
12098
9132
9451
9971
10248
9990
9996
10186
1
12099
1
12100
1
12101
1
12102
1
12103
1
12104
1
12105
1
12106
1
12107
1
12108
1
12109
1
12110
1
12111
1
12112
1
12113
1
12114
1
12115
1
12116
1
12117
7
12118
12271
12525
12991
12171
12528
17569
1
12119
1
12120
1
12121
1
12122
1
12123
1
12124
1
12125
1
12126
1
12127
1
12128
1
12129
1
12130
1
12131
1
12132
1
12133
1
12134
1
12135
4
12136
17224
20292
20294
1
12137
1
12138
1
12139
3
10812
12140
13048
1
12141
1
12142
1
12143
1
12144
1
12145
1
12146
1
12147
2
14829
12148
1
12149
1
12150
10
12151
12118
12271
12525
12991
12171
12528
17569
17566
17567
9
9750
9380
9390
17921
9364
9388
17924
11071
11073
1
12153
1
12154
8
10245
11276
13186
11470
13170
12155
15294
15296
1
12156
1
12157
1
12158
7
11501
11506
11774
12941
12159
13372
14331
1
12160
1
12161
1
12162
1
12163
2
9649
12164
8
17464
20156
20161
20126
20127
14352
14353
20158
9
9750
9380
9390
17921
9364
9388
17924
11071
11073
9
9750
9380
9390
17921
9364
9388
17924
11071
11073
1
12168
4
12169
20338
12304
13522
2
12170
14808
7
12118
12271
12525
12991
12171
12528
17569
5
12801
18225
19408
11706
12800
1
12173
1
12174
1
12175
1
12176
1
12177
1
12178
1
12179
1
12180
1
12181
1
12182
5
12583
15438
15440
15444
18792
1
12184
1
12185
1
12186
1
12187
1
12188
1
12189
1
12190
1
12191
1
12192
1
12193
4
10545
10883
12194
12864
1
12195
1
12196
1
12197
1
12198
1
12199
1
12200
1
12201
4
9149
10830
12202
12635
1
12203
1
12204
2
12205
13481
1
12206
1
12207
1
12208
1
12209
1
12210
1
12211
4
12212
12272
16652
17071
1
12213
1
12214
1
12215
1
12216
1
12217
1
12218
4
11909
12219
14974
14975
1
12220
1
12221
1
12222
1
12223
1
12224
1
12225
1
12226
1
12227
1
12228
1
12229
2
12232
12230
1
12231
2
12232
12230
1
12233
1
12234
1
12235
1
12236
1
12237
4
8609
12238
16299
16298
1
12239
1
12240
1
12241
5
9770
10975
12242
12248
12247
1
12243
1
12244
2
12245
17303
1
12246
2
12248
12247
5
9770
10975
12242
12248
12247
1
12249
1
12250
1
12251
1
12252
1
12253
1
12254
1
12255
1
12256
1
12257
5
12583
15438
15440
15444
18792
10
19186
20379
8939
12932
19184
12259
8947
19052
19185
19190
1
12260
1
12261
1
12262
1
12263
2
12264
13710
1
12265
5
12583
15438
15440
15444
18792
1
12267
1
12268
2
12769
12269
1
12270
4
12118
12271
12525
12991
4
12212
12272
16652
17071
8
17464
20156
20161
20126
20127
14352
14353
20158
1
12274
1
12275
1
12276
1
12277
1
12278
1
12279
1
12280
2
12281
12309
1
12282
2
19239
12283
1
12284
1
12285
1
12286
1
12287
1
12288
1
12289
1
12290
1
12291
1
12292
1
12293
5
12583
15438
15440
15444
18792
5
12583
15438
15440
15444
18792
5
12296
15106
9527
15136
15311
1
12297
1
12298
1
12299
1
12300
1
12301
3
11079
12302
17212
1
12303
1
12304
1
12305
1
12306
1
12307
1
12308
2
12281
12309
1
12310
1
12311
1
12312
1
12313
1
12314
1
12315
4
11967
12316
12325
12326
1
12317
1
12318
1
12319
1
12320
1
12321
1
12322
1
12323
1
12324
4
11967
12316
12325
12326
4
11967
12316
12325
12326
1
12327
1
12328
1
12329
1
12330
1
12331
1
12332
1
12333
1
12334
3
12363
12335
15071
1
12336
2
12337
14527
7
18843
12498
18792
12583
15438
15440
15444
1
12339
1
12340
18
12512
13882
17373
18783
8792
20111
20232
20237
10184
18769
17262
8890
17524
12495
12510
18785
17231
13889
1
12342
1
12343
1
12344
2
11780
12345
1
12346
1
12347
1
12348
1
12349
11
12512
13882
17373
18783
8792
20111
20232
20237
10184
18769
17262
1
12351
1
12352
1
12353
1
12354
1
12355
1
12356
1
12357
1
12358
1
12359
1
12360
1
12361
1
12362
3
12363
12335
15071
1
12364
1
12365
1
12366
1
12367
11
12512
13882
17373
18783
8792
20111
20232
20237
10184
18769
17262
1
12369
5
9603
9680
15631
18950
18951
1
12371
1
12372
1
12373
1
12374
1
12375
1
12376
1
12377
1
12378
1
12379
1
12380
1
12381
1
12382
1
12383
1
12384
1
12385
1
12386
1
12387
1
12388
1
12389
2
20341
12390
1
12391
1
12392
4
10376
11929
12393
14559
1
12394
1
12395
7
15970
16195
12501
12030
15968
12396
12580
1
12397
1
12398
1
12399
1
12400
8
17464
20156
20161
20126
20127
14352
14353
20158
3
18351
12402
12403
1
12403
1
12404
1
12405
1
12406
8
12407
16702
16724
8317
18314
18321
8314
18325
1
12408
1
12409
1
12410
1
12411
1
12412
1
12413
1
12414
1
12415
1
12416
1
12417
1
12418
1
12419
1
12420
1
12421
1
12422
1
12423
1
12424
1
12425
1
12426
1
12427
1
12428
1
12429
1
12430
1
12431
5
9197
10806
10910
12432
12625
1
12433
13
12434
16380
19003
12926
12438
19938
19004
12064
14963
15397
14914
16381
14832
1
12435
1
12436
1
12437
5
12438
14227
14228
19936
19938
1
12439
1
12440
1
12441
1
12442
1
12443
1
12444
1
12445
1
12446
1
12447
1
12448
1
12449
1
12450
4
12451
12618
19628
19629
1
12452
1
12453
1
12454
1
12455
1
12456
1
12457
3
12458
12619
13448
1
12459
1
12460
1
12461
1
12462
1
12463
1
12464
1
12465
1
12466
1
12467
1
12468
1
12469
1
12470
1
12471
1
12472
7
12473
13795
19625
12451
12618
19628
19629
1
12474
1
12475
1
12476
1
12477
1
12478
1
12479
4
12480
16836
20227
20229
1
12481
1
12482
1
12483
1
12484
1
12485
1
12486
1
12487
1
12488
1
12489
1
12490
1
12491
1
12492
1
12493
1
12494
2
12495
13889
1
12496
1
12497
2
12498
18841
1
12499
1
12500
1
12501
1
12502
1
12503
1
12504
1
12505
1
12506
1
12507
1
12508
1
12509
1
12510
1
12511
11
12512
13882
17373
18783
8792
20111
20232
20237
10184
18769
17262
1
12513
1
12514
1
12515
1
12516
1
12517
1
12518
1
12519
1
12520
1
12521
1
12522
1
12523
1
12524
4
12118
12271
12525
12991
1
12526
1
12527
10
12151
12118
12271
12525
12991
12171
12528
17569
17566
17567
1
12529
3
12530
12533
16075
1
12531
1
12532
3
12530
12533
16075
1
12534
1
12535
3
9710
12536
12581
4
12537
12597
15032
15134
1
12538
1
12539
1
12540
5
12541
14439
20264
20442
20266
1
12542
1
12543
1
12544
1
12545
1
12546
1
12547
3
13944
12548
16977
1
12549
1
12550
1
12551
1
12552
1
12553
1
12554
1
12555
1
12556
1
12557
2
18736
12558
3
11244
12559
16013
1
12560
1
12561
1
12562
11
12512
13882
17373
18783
8792
20111
20232
20237
10184
18769
17262
3
18745
16543
12564
4
14723
12565
11127
15525
1
12566
1
12567
1
12568
1
12569
5
12570
16546
16825
16826
16827
1
12571
1
12572
1
12573
1
12574
1
12575
1
12576
1
12577
1
12578
1
12579
7
15970
16195
12501
12030
15968
12396
12580
6
12581
13454
17134
13894
17084
17279
1
12582
19
10060
8916
11322
12890
11686
12913
9911
12512
13882
17373
18783
8792
20111
20232
20237
10184
18769
17262
13888
1
12584
1
12585
2
12586
12888
1
12587
1
12588
6
12589
11304
19349
19351
20445
20446
1
12590
1
12591
1
12592
1
12593
1
12594
1
12595
10
13294
16963
12002
13264
13267
13270
17259
12596
14316
12134
4
12537
12597
15032
15134
1
12598
1
12599
1
12600
1
12601
10
19186
20379
8939
12932
19184
12338
16895
17427
16891
17472
1
12603
1
12604
1
12605
1
12606
1
12607
1
12608
1
12609
1
12610
1
12611
1
12612
1
12613
1
12614
1
12615
1
12616
1
12617
4
12451
12618
19628
19629
3
12458
12619
13448
1
12620
1
12621
1
12622
3
11059
11094
12623
7
17155
12624
18993
19622
8383
8384
19621
5
9197
10806
10910
12432
12625
1
12626
1
12627
1
12628
1
12629
1
12630
3
14353
12631
12879
1
12632
1
12633
1
12634
4
9149
10830
12202
12635
1
12636
1
12637
1
12638
1
12639
1
12640
1
12641
1
12642
1
12643
1
12644
1
12645
1
12646
1
12647
1
12648
1
12649
1
12650
1
12651
1
12652
14
12653
18478
18771
9712
12846
18778
18779
8543
12867
12903
15905
18775
13880
13973
1
12654
1
12655
1
12656
1
12657
1
12658
4
12659
12790
19537
19539
1
12660
1
12661
1
12662
1
12663
18
12664
12735
12906
10439
12905
9751
11255
17275
9233
9627
9635
17272
17276
10145
11265
10116
10363
10533
1
12665
1
12666
1
12667
1
12668
1
12669
1
12670
1
12671
1
12672
4
8900
12673
12678
12682
1
12674
1
12675
1
12676
1
12677
6
8900
12673
12678
12682
12689
12785
1
12679
1
12680
1
12681
4
8900
12673
12678
12682
1
12683
1
12684
1
12685
1
12686
1
12687
1
12688
6
8900
12673
12678
12682
12689
12785
1
12690
1
12691
1
12692
1
12693
1
12694
1
12695
1
12696
1
12697
1
12698
1
12699
1
12700
1
12701
1
12702
1
12703
1
12704
1
12705
1
12706
1
12707
1
12708
1
12709
1
12710
1
12711
1
12712
1
12713
1
12714
1
12715
1
12716
1
12717
1
12718
1
12719
1
12720
1
12721
1
12722
1
12723
1
12724
1
12725
1
12726
1
12727
1
12728
1
12729
1
12730
1
12731
1
12732
1
12733
1
12734
18
12664
12735
12906
10439
12905
9751
11255
17275
9233
9627
9635
17272
17276
10145
11265
10116
10363
10533
1
12736
1
12737
1
12738
1
12739
1
12740
1
12741
1
12742
1
12743
1
12744
1
12745
1
12746
1
12747
1
12748
1
12749
1
12750
1
12751
1
12752
1
12753
1
12754
1
12755
1
12756
1
12757
1
12758
1
12759
1
12760
5
11491
11527
12761
13174
11783
1
12762
7
16657
16658
19867
19869
19873
19876
19870
1
12764
1
12765
1
12766
1
12767
1
12768
2
12769
12269
1
12770
1
12771
4
8610
12772
14136
16386
4
12773
19008
14341
16384
3
20364
10397
12774
1
12775
1
12776
7
16657
16658
19867
19869
19873
19876
19870
1
12778
1
12779
1
12780
6
12781
14253
12311
13707
13710
13700
1
12782
1
12783
1
12784
5
12338
16895
17427
16891
17472
1
12786
1
12787
1
12788
10
12789
12793
10524
9442
10138
10144
10640
10070
10523
10531
4
12659
12790
19537
19539
1
12791
1
12792
10
12789
12793
10524
9442
10138
10144
10640
10070
10523
10531
9
12794
15529
18872
20410
17282
14723
12565
11127
15525
1
12795
4
11410
11978
12796
12798
1
12797
7
11410
11978
12796
12798
8446
8447
18292
1
12799
1
12800
5
17427
16891
17472
12338
16895
1
12802
1
12803
1
12804
1
12805
1
12806
1
12807
1
12808
1
12809
1
12810
1
12811
1
12812
1
12813
1
12814
1
12815
1
12816
4
12817
13190
17332
16583
2
12818
14913
1
12819
1
12820
1
12821
1
12822
1
12823
1
12824
2
11650
12825
1
12826
1
12827
1
12828
1
12829
4
10488
12830
18700
18702
5
12338
16895
17427
16891
17472
1
12832
1
12833
1
12834
1
12835
10
19186
20379
8939
12932
19184
12338
16895
17427
16891
17472
1
12837
5
12838
15138
19494
16080
19493
1
12839
1
12840
1
12841
1
12842
1
12843
1
12844
3
10160
12845
14220
11
9712
12846
18778
18779
8543
12867
12903
15905
18775
13880
13973
1
12847
1
12848
1
12849
5
12338
16895
17427
16891
17472
1
12851
1
12852
1
12853
1
12854
1
12855
1
12856
1
12857
9
11436
11611
12858
8986
17459
12831
12836
15974
18523
1
12859
1
12860
2
11671
12861
5
12862
16824
16822
14077
17156
1
12863
4
10545
10883
12194
12864
11
12294
12295
18006
9721
11661
11973
15349
9363
10964
18009
12256
1
12866
4
8543
12867
12903
15905
1
12868
1
12869
6
12337
14527
12870
19640
19641
15857
1
12871
1
12872
1
12873
1
12874
1
12875
1
12876
1
12877
2
12878
16201
3
14353
12631
12879
4
8611
11654
12880
17053
1
12881
5
19024
10382
12882
8732
20283
1
12883
2
12884
17220
1
12885
1
12886
1
12887
2
12586
12888
1
12889
10
11472
8916
11322
12890
11686
12913
9911
13880
13973
18477
1
12891
11
12294
12295
18006
9721
11661
11973
15349
9363
10964
18009
12256
5
11125
12893
18485
11120
11233
4
11807
12894
14722
19540
11
12294
12295
18006
9721
11661
11973
15349
9363
10964
18009
12256
1
12896
11
12294
12295
18006
9721
11661
11973
15349
9363
10964
18009
12256
4
12898
14546
19055
19771
1
12899
2
18481
12900
1
12901
1
12902
4
8543
12867
12903
15905
1
12904
5
9603
9680
15631
18950
18951
18
12664
12735
12906
10439
12905
9751
11255
17275
9233
9627
9635
17272
17276
10145
11265
10116
10363
10533
7
10908
11304
19349
19351
20445
12907
19350
1
12908
1
12909
1
12910
1
12911
6
12912
10840
10811
16027
16029
16516
6
8916
11322
12890
11686
12913
9911
3
12914
17885
17888
1
12915
1
12916
1
12917
1
12918
1
12919
1
12920
1
12921
1
12922
1
12923
1
12924
1
12925
4
11509
12926
19001
19004
1
12927
1
12928
1
12929
26
14161
14178
14649
10464
14118
10360
10463
15388
15389
15391
10579
10582
10599
9511
10412
10324
10592
14995
10598
10600
15011
15257
15384
15027
14176
14179
7
12931
13051
16102
13920
14023
16815
16957
5
8939
12932
19184
19186
20379
4
12933
13018
13020
13371
1
12934
1
12935
1
12936
1
12937
1
12938
1
12939
1
12940
4
11501
11506
11774
12941
1
12942
11
12294
12295
18006
9721
11661
11973
15349
9363
10964
18009
12256
1
12944
1
12945
1
12946
1
12947
1
12948
1
12949
1
12950
1
12951
2
12952
12954
1
12953
2
12952
12954
1
12955
1
12956
11
12294
12295
18006
9721
11661
11973
15349
9363
10964
18009
12256
1
12958
4
12258
13718
15347
15888
5
9603
9680
15631
18950
18951
1
12961
10
12962
18253
9467
17305
18283
12957
12959
12972
17304
17306
1
12963
1
12964
1
12965
1
12966
1
12967
1
12968
1
12969
3
10831
12970
17277
1
12971
4
12258
13718
15347
15888
1
12973
1
12974
1
12975
1
12976
1
12977
1
12978
1
12979
1
12980
1
12981
1
12982
1
12983
1
12984
4
12985
13132
13625
14499
4
12986
12989
12996
13000
5
9603
9680
15631
18950
18951
1
12988
7
12986
12989
12996
13000
13002
13011
13013
1
12990
4
12118
12271
12525
12991
1
12992
1
12993
1
12994
1
12995
4
12986
12989
12996
13000
1
12997
1
12998
1
12999
4
12986
12989
12996
13000
1
13001
7
12986
12989
12996
13000
13002
13011
13013
1
13003
1
13004
1
13005
1
13006
1
13007
4
12258
13718
15347
15888
1
13009
10
11252
11334
13010
12986
12989
12996
13000
13002
13011
13013
10
11252
11334
13010
12986
12989
12996
13000
13002
13011
13013
1
13012
7
12986
12989
12996
13000
13002
13011
13013
1
13014
1
13015
5
9603
9680
15631
18950
18951
1
13017
4
12933
13018
13020
13371
1
13019
4
12933
13018
13020
13371
1
13021
5
9603
9680
15631
18950
18951
1
13023
1
13024
1
13025
1
13026
1
13027
1
13028
1
13029
1
13030
1
13031
1
13032
1
13033
1
13034
1
13035
1
13036
1
13037
1
13038
1
13039
1
13040
1
13041
1
13042
1
13043
1
13044
1
13045
1
13046
1
13047
3
10812
12140
13048
1
13049
1
13050
7
12931
13051
16102
13920
14023
16815
16957
1
13052
2
13053
13350
1
13054
1
13055
1
13056
1
13057
1
13058
1
13059
1
13060
4
12258
13718
15347
15888
1
13062
1
13063
1
13064
1
13065
1
13066
1
13067
1
13068
1
13069
4
13070
13304
13754
15544
1
13071
1
13072
1
13073
1
13074
1
13075
4
11584
13076
16565
18868
1
13077
1
13078
1
13079
1
13080
1
13081
1
13082
1
13083
1
13084
1
13085
1
13086
1
13087
1
13088
1
13089
1
13090
8
13091
16333
17419
17745
15900
13099
16141
17753
1
13092
1
13093
1
13094
1
13095
1
13096
1
13097
1
13098
1
13099
1
13100
4
12258
13718
15347
15888
1
13102
1
13103
1
13104
1
13105
1
13106
1
13107
7
13178
17660
13108
13100
13048
17661
12625
6
9984
11910
16678
13109
19382
19385
1
13110
1
13111
1
13112
1
13113
1
13114
1
13115
2
13116
13525
1
13117
1
13118
13
10505
10490
13119
13121
13396
8887
13392
8889
13556
13571
13572
15649
17210
1
13120
4
10490
13119
13121
13396
1
13122
1
13123
1
13124
11
9460
9481
9593
9494
9563
9521
9797
9936
11083
9147
9446
1
13126
1
13127
1
13128
1
13129
1
13130
1
13131
4
12985
13132
13625
14499
1
13133
1
13134
1
13135
1
13136
1
13137
1
13138
1
13139
2
13140
10828
1
13141
1
13142
4
12258
13718
15347
15888
1
13144
4
13145
14906
19422
19424
1
13146
9
12183
12266
15123
15137
10323
11919
15105
17627
17983
2
13148
20345
2
9927
13149
2
10337
13150
1
13151
1
13152
1
13153
1
13154
1
13155
1
13156
1
13157
1
13158
1
13159
1
13160
1
13161
1
13162
1
13163
4
13164
18144
18577
19987
1
13165
1
13166
1
13167
1
13168
4
16025
13169
17309
18552
5
10245
11276
13186
11470
13170
1
13171
4
8467
13172
17191
19957
1
13173
3
11527
13174
11783
1
13175
11
9460
9481
9593
9494
9563
9521
9797
9936
11083
9147
9446
1
13177
1
13178
1
13179
1
13180
1
13181
6
11056
14628
9632
13182
13183
17944
6
11056
14628
9632
13182
13183
17944
3
17692
13184
19973
1
13185
2
11276
13186
1
13187
1
13188
1
13189
1
13190
1
13191
1
13192
1
13193
1
13194
1
13195
1
13196
1
13197
1
13198
1
13199
1
13200
1
13201
1
13202
4
13203
13457
13464
13470
1
13204
1
13205
1
13206
1
13207
1
13208
2
10607
13209
1
13210
1
13211
1
13212
1
13213
1
13214
1
13215
9
12183
12266
15123
15137
10323
11919
15105
17627
17983
9
12183
12266
15123
15137
10323
11919
15105
17627
17983
1
13218
2
13219
14877
1
13220
3
10845
13221
19490
6
11842
13222
17794
10845
13221
19490
1
13223
1
13224
1
13225
1
13226
1
13227
1
13228
9
12183
12266
15123
15137
10323
11919
15105
17627
17983
3
13230
10950
13757
18
12183
12266
15123
15137
10323
11919
15105
17627
17983
17982
17985
9058
9385
11737
11738
11734
15312
9529
1
13232
1
13233
8
11696
13234
17239
12838
15138
19494
16080
19493
1
13235
1
13236
1
13237
1
13238
1
13239
1
13240
1
13241
11
9460
9481
9593
9494
9563
9521
9797
9936
11083
9147
9446
1
13243
1
13244
2
13245
16311
2
13246
16318
1
13247
1
13248
1
13249
1
13250
1
13251
1
13252
1
13253
1
13254
1
13255
1
13256
1
13257
1
13258
1
13259
1
13260
1
13261
1
13262
1
13263
9
12183
12266
15123
15137
10323
11919
15105
17627
17983
4
13265
13266
15244
15245
4
13265
13266
15244
15245
6
12002
13264
13267
13270
16963
17259
1
13268
1
13269
6
12002
13264
13267
13270
16963
17259
1
13271
1
13272
1
13273
1
13274
1
13275
1
13276
1
13277
1
13278
1
13279
1
13280
1
13281
1
13282
4
13283
13285
13296
13326
1
13284
4
13283
13285
13296
13326
1
13286
7
10880
12032
13287
15361
15362
13294
12044
1
13288
1
13289
1
13290
1
13291
1
13292
1
13293
3
15361
15362
13294
1
13295
4
13283
13285
13296
13326
1
13297
1
13298
1
13299
1
13300
1
13301
1
13302
1
13303
4
13070
13304
13754
15544
1
13305
1
13306
1
13307
1
13308
1
13309
1
13310
1
13311
1
13312
2
13313
16436
1
13314
1
13315
1
13316
1
13317
1
13318
1
13319
1
13320
1
13321
1
13322
1
13323
1
13324
1
13325
4
13283
13285
13296
13326
1
13327
1
13328
1
13329
1
13330
1
13331
1
13332
1
13333
1
13334
1
13335
1
13336
1
13337
1
13338
1
13339
1
13340
1
13341
1
13342
1
13343
1
13344
11
9460
9481
9593
9494
9563
9521
9797
9936
11083
9147
9446
1
13346
1
13347
1
13348
1
13349
2
13053
13350
1
13351
1
13352
1
13353
1
13354
6
13355
13356
13378
13493
18013
18014
6
13355
13356
13378
13493
18013
18014
1
13357
1
13358
1
13359
1
13360
1
13361
11
9460
9481
9593
9494
9563
9521
9797
9936
11083
9147
9446
1
13363
1
13364
1
13365
1
13366
1
13367
1
13368
1
13369
1
13370
4
12933
13018
13020
13371
7
11501
11506
11774
12941
12159
13372
14331
1
13373
1
13374
1
13375
4
11922
13376
16059
16061
1
13377
6
13355
13356
13378
13493
18013
18014
1
13379
1
13380
1
13381
1
13382
1
13383
1
13384
4
14219
16336
13385
8601
6
12002
13264
13267
13270
16963
17259
1
13387
7
16657
16658
19867
19869
19873
19876
19870
7
16657
16658
19867
19869
19873
19876
19870
6
12002
13264
13267
13270
16963
17259
1
13391
8
8887
13392
8889
13556
13571
13572
15649
17210
1
13393
1
13394
1
13395
4
10490
13119
13121
13396
1
13397
10
9034
13398
18011
8326
18010
8325
10294
15297
9384
11231
25
11411
9032
11367
11819
12002
13264
13267
13270
16963
17259
15205
11729
12763
15203
12044
10880
12032
13287
15361
15362
13294
8518
8519
8524
8528
1
13400
1
13401
6
12002
13264
13267
13270
16963
17259
1
13403
1
13404
1
13405
1
13406
1
13407
1
13408
1
13409
1
13410
1
13411
1
13412
1
13413
1
13414
1
13415
1
13416
1
13417
1
13418
1
13419
3
13421
13420
15546
3
13421
13420
15546
1
13422
1
13423
1
13424
1
13425
1
13426
1
13427
1
13428
1
13429
1
13430
1
13431
1
13432
1
13433
1
13434
1
13435
1
13436
1
13437
1
13438
1
13439
1
13440
1
13441
1
13442
5
11946
13390
18062
18069
18689
1
13444
1
13445
1
13446
1
13447
3
12458
12619
13448
4
13449
14676
20089
20090
5
11946
13390
18062
18069
18689
1
13451
1
13452
2
13453
17243
4
17084
13454
17134
13894
1
13455
1
13456
4
13203
13457
13464
13470
1
13458
5
11946
13390
18062
18069
18689
1
13460
1
13461
4
13462
19624
12473
19625
1
13463
11
11946
13390
18062
18069
18689
18687
18688
11238
11326
13388
13389
4
13465
20413
13250
16311
1
13466
1
13467
1
13468
1
13469
4
13203
13457
13464
13470
1
13471
1
13472
6
11946
13390
18062
18069
18689
18061
1
13474
1
13475
1
13476
1
13477
2
13478
17387
1
13479
1
13480
2
12205
13481
1
13482
1
13483
1
13484
2
18474
13485
1
13486
1
13487
1
13488
1
13489
1
13490
1
13491
1
13492
6
13355
13356
13378
13493
18013
18014
1
13494
1
13495
3
13576
9196
13496
1
13497
1
13498
1
13499
1
13500
1
13501
1
13502
1
13503
1
13504
1
13505
1
13506
1
13507
7
16657
16658
19867
19869
19873
19876
19870
1
13509
1
13510
1
13511
1
13512
1
13513
1
13514
1
13515
1
13516
1
13517
1
13518
1
13519
1
13520
1
13521
1
13522
1
13523
1
13524
2
13116
13525
1
13526
1
13527
1
13528
1
13529
1
13530
11
9460
9481
9593
9494
9563
9521
9797
9936
11083
9147
9446
1
13532
1
13533
1
13534
1
13535
1
13536
1
13537
1
13538
1
13539
1
13540
1
13541
1
13542
2
15301
13543
1
13544
1
13545
1
13546
8
14862
14863
17295
17296
17297
13176
13547
14956
1
13548
1
13549
1
13550
1
13551
1
13552
4
11864
11865
14878
14881
1
13554
8
13555
11705
17324
11713
11740
13629
13570
18304
4
11864
11865
14878
14881
1
13557
1
13558
1
13559
1
13560
1
13561
1
13562
1
13563
1
13564
1
13565
1
13566
1
13567
1
13568
6
13569
15063
18696
20359
16078
18679
5
13629
13570
18304
13632
15682
4
11864
11865
14878
14881
4
11864
11865
14878
14881
1
13573
1
13574
1
13575
1
13576
1
13577
1
13578
1
13579
1
13580
1
13581
1
13582
1
13583
1
13584
1
13585
1
13586
1
13587
2
13588
14584
1
13589
11
11020
13590
16583
11023
16586
12817
15930
15098
15101
16694
16696
1
13591
4
13592
14584
15692
13588
1
13593
1
13594
1
13595
1
13596
1
13597
1
13598
1
13599
1
13600
1
13601
1
13602
1
13603
1
13604
1
13605
1
13606
1
13607
1
13608
1
13609
1
13610
1
13611
1
13612
1
13613
1
13614
1
13615
2
17842
13616
1
13617
1
13618
1
13619
1
13620
1
13621
1
13622
1
13623
1
13624
4
12985
13132
13625
14499
1
13626
1
13627
1
13628
5
13629
13570
18304
13632
15682
1
13630
1
13631
12
13629
13570
18304
13632
15682
13633
8889
13556
13571
13572
15649
17210
12
13629
13570
18304
13632
15682
13633
8889
13556
13571
13572
15649
17210
1
13634
1
13635
1
13636
1
13637
1
13638
1
13639
1
13640
1
13641
1
13642
1
13643
1
13644
1
13645
1
13646
1
13647
1
13648
1
13649
3
14969
12084
13650
1
13651
1
13652
1
13653
1
13654
1
13655
4
13656
15322
15862
15863
1
13657
1
13658
1
13659
1
13660
1
13661
1
13662
1
13663
1
13664
1
13665
1
13666
1
13667
1
13668
1
13669
1
13670
1
13671
1
13672
1
13673
1
13674
1
13675
1
13676
1
13677
1
13678
1
13679
1
13680
1
13681
1
13682
1
13683
1
13684
1
13685
1
13686
1
13687
1
13688
1
13689
1
13690
5
9427
9766
9819
9966
10571
1
13692
1
13693
1
13694
1
13695
1
13696
1
13697
1
13698
1
13699
1
13700
1
13701
1
13702
1
13703
1
13704
1
13705
1
13706
1
13707
1
13708
1
13709
2
12264
13710
1
13711
1
13712
3
13713
12825
11650
2
13714
13713
1
13715
1
13716
1
13717
13
11864
11865
14878
14881
14883
14894
15609
15647
8557
8564
8550
8563
15646
4
11864
11865
14878
14881
1
13720
1
13721
1
13722
1
13723
1
13724
1
13725
1
13726
1
13727
1
13728
1
13729
1
13730
1
13731
1
13732
1
13733
1
13734
1
13735
1
13736
1
13737
1
13738
1
13739
1
13740
1
13741
1
13742
1
13743
1
13744
1
13745
1
13746
5
19487
13747
13749
19441
19443
1
13748
4
13747
13749
19441
19443
2
11038
13750
1
13751
1
13752
1
13753
4
13070
13304
13754
15544
1
13755
1
13756
2
10950
13757
1
13758
1
13759
1
13760
1
13761
1
13762
1
13763
1
13764
1
13765
1
13766
1
13767
1
13768
1
13769
1
13770
1
13771
1
13772
1
13773
1
13774
1
13775
1
13776
1
13777
4
11861
11927
11945
15329
1
13779
4
11347
11493
13780
15959
1
13781
1
13782
1
13783
1
13784
1
13785
1
13786
1
13787
1
13788
1
13789
1
13790
1
13791
1
13792
1
13793
1
13794
7
12473
13795
19625
12451
12618
19628
19629
1
13796
1
13797
1
13798
1
13799
5
9427
9766
9819
9966
10571
1
13801
1
13802
1
13803
1
13804
1
13805
1
13806
1
13807
1
13808
1
13809
1
13810
1
13811
5
9427
9766
9819
9966
10571
1
13813
1
13814
1
13815
1
13816
1
13817
1
13818
1
13819
1
13820
1
13821
1
13822
1
13823
1
13824
1
13825
1
13826
1
13827
1
13828
1
13829
1
13830
1
13831
1
13832
1
13833
1
13834
1
13835
1
13836
1
13837
1
13838
1
13839
1
13840
1
13841
1
13842
1
13843
1
13844
1
13845
1
13846
1
13847
1
13848
1
13849
1
13850
1
13851
1
13852
1
13853
1
13854
1
13855
1
13856
1
13857
4
13858
16357
17434
17437
1
13859
1
13860
1
13861
1
13862
1
13863
1
13864
1
13865
1
13866
1
13867
1
13868
1
13869
1
13870
1
13871
1
13872
1
13873
1
13874
1
13875
1
13876
1
13877
1
13878
1
13879
2
13880
13973
1
13881
4
11861
11927
11945
15329
1
13883
1
13884
1
13885
1
13886
1
13887
19
10060
8916
11322
12890
11686
12913
9911
12512
13882
17373
18783
8792
20111
20232
20237
10184
18769
17262
13888
1
13889
1
13890
1
13891
1
13892
1
13893
6
12581
13454
17134
13894
17084
17279
1
13895
1
13896
1
13897
1
13898
1
13899
1
13900
1
13901
5
13902
19031
11836
11805
19035
1
13903
1
13904
1
13905
1
13906
1
13907
1
13908
4
11861
11927
11945
15329
1
13910
1
13911
1
13912
1
13913
7
16657
16658
19867
19869
19873
19876
19870
1
13915
1
13916
1
13917
1
13918
1
13919
4
13920
14023
16815
16957
1
13921
4
13922
16174
12541
20264
1
13923
1
13924
1
13925
2
11788
13926
1
13927
3
17474
13928
18745
1
13929
1
13930
1
13931
1
13932
1
13933
1
13934
1
13935
4
10857
13936
15318
15333
1
13937
1
13938
1
13939
1
13940
1
13941
1
13942
4
13943
14135
16478
16387
3
13944
12548
16977
1
13945
4
13946
13949
13951
14471
1
13947
1
13948
4
13946
13949
13951
14471
1
13950
4
13946
13949
13951
14471
1
13952
4
11861
11927
11945
15329
1
13954
1
13955
1
13956
1
13957
1
13958
1
13959
1
13960
1
13961
6
13962
13982
15180
15182
14379
15197
4
11861
11927
11945
15329
1
13964
1
13965
1
13966
1
13967
1
13968
1
13969
1
13970
1
13971
1
13972
10
11472
8916
11322
12890
11686
12913
9911
13880
13973
18477
1
13974
1
13975
1
13976
4
8492
8494
13977
14093
1
13978
1
13979
1
13980
1
13981
4
13962
13982
15180
15182
1
13983
1
13984
4
11861
11927
11945
15329
1
13986
1
13987
1
13988
1
13989
1
13990
1
13991
26
10283
14161
14178
14649
10464
14118
10360
10463
15388
15389
15391
10579
10582
10599
9511
10412
10324
10592
14995
10598
10600
15011
15257
15384
15027
14582
1
13993
4
8825
13994
17043
17045
1
13995
5
11792
12341
18758
11675
20354
1
13997
1
13998
1
13999
1
14000
1
14001
1
14002
5
11792
12341
18758
11675
20354
1
14004
1
14005
1
14006
1
14007
1
14008
1
14009
1
14010
1
14011
1
14012
1
14013
1
14014
1
14015
1
14016
1
14017
1
14018
1
14019
1
14020
1
14021
1
14022
4
13920
14023
16815
16957
1
14024
1
14025
1
14026
1
14027
1
14028
1
14029
1
14030
1
14031
1
14032
1
14033
1
14034
1
14035
1
14036
1
14037
6
14038
14106
8492
8494
13977
14093
1
14039
1
14040
1
14041
1
14042
1
14043
1
14044
1
14045
1
14046
1
14047
1
14048
1
14049
1
14050
1
14051
1
14052
1
14053
1
14054
1
14055
1
14056
1
14057
1
14058
1
14059
1
14060
1
14061
1
14062
1
14063
1
14064
4
14065
17264
13985
14669
1
14066
1
14067
1
14068
1
14069
1
14070
1
14071
1
14072
1
14073
1
14074
1
14075
1
14076
5
12862
16824
16822
14077
17156
1
14078
1
14079
1
14080
1
14081
1
14082
1
14083
1
14084
1
14085
1
14086
1
14087
1
14088
1
14089
1
14090
1
14091
1
14092
4
8492
8494
13977
14093
1
14094
1
14095
1
14096
1
14097
1
14098
1
14099
1
14100
1
14101
1
14102
1
14103
1
14104
1
14105
6
14038
14106
8492
8494
13977
14093
1
14107
1
14108
1
14109
1
14110
1
14111
1
14112
1
14113
3
8495
14114
8493
1
14115
1
14116
1
14117
20
10464
14118
10360
10463
15388
15389
15391
10579
10582
10599
9511
10412
10324
10592
14995
10598
10600
15011
15257
15384
1
14119
1
14120
27
14161
14178
14649
10464
14118
10360
10463
15388
15389
15391
10579
10582
10599
9511
10412
10324
10592
14995
10598
10600
15011
15257
15384
15027
14176
14179
14121
6
8495
14114
8493
14122
15501
15503
1
14123
1
14124
1
14125
1
14126
1
14127
4
14128
14555
19112
19114
1
14129
1
14130
1
14131
1
14132
24
14161
14178
14649
10464
14118
10360
10463
15388
15389
15391
10579
10582
10599
9511
10412
10324
10592
14995
10598
10600
15011
15257
15384
15027
1
14134
1
14135
4
8610
12772
14136
16386
1
14137
1
14138
4
10027
11521
14139
14374
1
14140
1
14141
1
14142
1
14143
5
11792
12341
18758
11675
20354
4
14145
14168
14194
14216
1
14146
5
11792
12341
18758
11675
20354
1
14148
1
14149
1
14150
7
15900
13091
16333
17419
17745
13099
16141
1
14152
1
14153
1
14154
1
14155
7
15900
13091
16333
17419
17745
13099
16141
1
14157
1
14158
1
14159
5
11792
12341
18758
11675
20354
10
14530
12930
15938
8453
8466
8454
8455
19958
19959
16005
1
14162
5
11792
12341
18758
11675
20354
1
14164
1
14165
1
14166
1
14167
4
14145
14168
14194
14216
1
14169
1
14170
1
14171
1
14172
1
14173
1
14174
1
14175
26
14161
14178
14649
10464
14118
10360
10463
15388
15389
15391
10579
10582
10599
9511
10412
10324
10592
14995
10598
10600
15011
15257
15384
15027
14176
14179
1
14177
10
14530
12930
15938
8453
8466
8454
8455
19958
19959
16005
26
14161
14178
14649
10464
14118
10360
10463
15388
15389
15391
10579
10582
10599
9511
10412
10324
10592
14995
10598
10600
15011
15257
15384
15027
14176
14179
1
14180
3
14181
17389
18953
7
11179
11181
15993
9955
9345
9969
10978
1
14183
11
12895
14182
14185
11807
12894
14722
19540
16248
11844
11847
14184
7
11179
11181
15993
9955
9345
9969
10978
1
14186
1
14187
4
8894
14188
16426
16430
1
14189
1
14190
1
14191
1
14192
1
14193
4
14145
14168
14194
14216
1
14195
1
14196
1
14197
1
14198
1
14199
1
14200
1
14201
1
14202
1
14203
1
14204
1
14205
1
14206
1
14207
1
14208
1
14209
1
14210
7
11179
11181
15993
9955
9345
9969
10978
1
14212
1
14213
11
8962
8997
14214
15233
17125
17126
10181
11733
15228
16268
17013
7
11179
11181
15993
9955
9345
9969
10978
4
14145
14168
14194
14216
1
14217
1
14218
2
14219
16336
1
14220
1
14221
4
10638
10639
14222
14583
1
14223
5
9427
9766
9819
9966
10571
4
10473
10740
14225
14647
1
14226
2
14227
14228
5
12438
14227
14228
19936
19938
1
14229
5
14230
14538
16988
16391
16394
1
14231
1
14232
1
14233
1
14234
1
14235
1
14236
1
14237
1
14238
1
14239
1
14240
1
14241
1
14242
1
14243
1
14244
1
14245
1
14246
4
11215
14247
14259
15060
1
14248
1
14249
1
14250
1
14251
1
14252
6
12781
14253
12311
13707
13710
13700
1
14254
1
14255
1
14256
1
14257
1
14258
4
11215
14247
14259
15060
1
14260
1
14261
5
9427
9766
9819
9966
10571
1
14263
1
14264
1
14265
1
14266
1
14267
1
14268
1
14269
1
14270
1
14271
1
14272
1
14273
1
14274
1
14275
1
14276
1
14277
1
14278
1
14279
1
14280
1
14281
1
14282
1
14283
3
14284
14809
17631
1
14285
1
14286
1
14287
1
14288
1
14289
1
14290
1
14291
1
14292
1
14293
1
14294
1
14295
1
14296
1
14297
1
14298
1
14299
1
14300
1
14301
1
14302
1
14303
1
14304
1
14305
1
14306
1
14307
1
14308
1
14309
1
14310
1
14311
1
14312
1
14313
1
14314
1
14315
10
13294
16963
12002
13264
13267
13270
17259
12596
14316
12134
1
14317
1
14318
1
14319
1
14320
1
14321
1
14322
1
14323
1
14324
1
14325
1
14326
1
14327
1
14328
1
14329
1
14330
7
11501
11506
11774
12941
12159
13372
14331
1
14332
1
14333
1
14334
1
14335
1
14336
1
14337
1
14338
1
14339
1
14340
1
14341
1
14342
1
14343
1
14344
1
14345
1
14346
1
14347
4
14348
14351
14455
14458
1
14349
1
14350
4
14348
14351
14455
14458
1
14352
3
14353
12631
12879
1
14354
1
14355
1
14356
1
14357
1
14358
1
14359
1
14360
1
14361
1
14362
1
14363
1
14364
1
14365
1
14366
1
14367
1
14368
1
14369
1
14370
1
14371
3
17426
14372
18736
1
14373
4
10027
11521
14139
14374
1
14375
1
14376
1
14377
1
14378
6
13962
13982
15180
15182
14379
15197
4
9305
10310
14380
15185
1
14381
1
14382
1
14383
1
14384
1
14385
1
14386
1
14387
1
14388
1
14389
1
14390
1
14391
1
14392
1
14393
1
14394
1
14395
1
14396
1
14397
1
14398
1
14399
13
14400
19073
19085
19086
16457
19153
19152
12912
10840
10811
16027
16029
16516
1
14401
1
14402
1
14403
1
14404
1
14405
1
14406
1
14407
1
14408
1
14409
1
14410
1
14411
1
14412
1
14413
1
14414
1
14415
1
14416
1
14417
1
14418
1
14419
1
14420
1
14421
1
14422
1
14423
1
14424
1
14425
1
14426
1
14427
1
14428
1
14429
1
14430
1
14431
1
14432
1
14433
1
14434
1
14435
1
14436
1
14437
1
14438
5
12541
14439
20264
20442
20266
3
14440
10180
10185
1
14441
1
14442
1
14443
1
14444
1
14445
1
14446
1
14447
1
14448
1
14449
1
14450
1
14451
5
9427
9766
9819
9966
10571
1
14453
1
14454
4
14348
14351
14455
14458
1
14456
1
14457
4
14348
14351
14455
14458
1
14459
1
14460
1
14461
1
14462
1
14463
1
14464
1
14465
1
14466
1
14467
1
14468
1
14469
1
14470
4
13946
13949
13951
14471
1
14472
1
14473
1
14474
1
14475
1
14476
1
14477
1
14478
1
14479
4
10167
10727
10754
14480
1
14481
1
14482
1
14483
1
14484
1
14485
1
14486
1
14487
1
14488
1
14489
1
14490
1
14491
1
14492
1
14493
1
14494
1
14495
1
14496
1
14497
4
14498
14544
14420
14525
4
12985
13132
13625
14499
1
14500
1
14501
1
14502
1
14503
7
11179
11181
15993
9955
9345
9969
10978
1
14505
1
14506
1
14507
1
14508
1
14509
1
14510
1
14511
2
14512
14561
3
14513
17436
20377
1
14514
1
14515
1
14516
2
14517
17769
1
14518
1
14519
1
14520
7
11179
11181
15993
9955
9345
9969
10978
1
14522
8
17469
20171
8788
14523
20163
12075
12074
16511
1
14524
1
14525
1
14526
6
12337
14527
12870
19640
19641
15857
1
14528
1
14529
10
14530
12930
15938
8453
8466
8454
8455
19958
19959
16005
1
14531
1
14532
1
14533
6
19121
19088
8308
14534
14156
19122
1
14535
1
14536
1
14537
5
14230
14538
16988
16391
16394
1
14539
1
14540
1
14541
1
14542
4
11538
14543
12618
13795
4
14498
14544
14420
14525
1
14545
4
12898
14546
19055
19771
1
14547
7
13473
20334
13402
14929
16590
16602
14548
1
14549
1
14550
1
14551
1
14552
1
14553
1
14554
4
14128
14555
19112
19114
4
11120
11125
12893
11233
1
14557
1
14558
4
10376
11929
12393
14559
4
10158
10588
14560
18039
2
14512
14561
4
11120
11125
12893
11233
1
14563
1
14564
1
14565
1
14566
1
14567
1
14568
1
14569
1
14570
1
14571
1
14572
1
14573
1
14574
1
14575
4
14576
15580
19237
19322
1
14577
5
11120
11125
12893
11233
18485
1
14579
1
14580
1
14581
26
10283
14161
14178
14649
10464
14118
10360
10463
15388
15389
15391
10579
10582
10599
9511
10412
10324
10592
14995
10598
10600
15011
15257
15384
15027
14582
4
10638
10639
14222
14583
2
13588
14584
1
14585
1
14586
1
14587
2
14744
14588
1
14589
1
14590
7
15900
13091
16333
17419
17745
13099
16141
1
14592
4
11120
11125
12893
11233
1
14594
1
14595
1
14596
2
14597
14868
1
14598
3
14599
14690
9726
15
10288
10261
10701
12098
9132
9451
9971
10248
9990
9996
10186
10702
10255
10256
14600
4
11120
11125
12893
11233
10
10375
14602
17121
8282
17123
20262
20272
8286
20271
20274
1
14603
1
14604
1
14605
1
14606
1
14607
1
14608
1
14609
1
14610
6
14611
18455
20210
20212
17234
18456
12
14612
15014
20337
15046
18455
20210
20212
17234
18456
15015
15749
15760
1
14613
1
14614
1
14615
7
15900
13091
16333
17419
17745
13099
16141
1
14617
2
20063
14618
1
14619
1
14620
7
15900
13091
16333
17419
17745
13099
16141
2
10334
14622
1
14623
1
14624
1
14625
1
14626
1
14627
3
11056
14628
9632
1
14629
1
14630
1
14631
2
15387
14632
1
14633
1
14634
1
14635
1
14636
1
14637
1
14638
1
14639
7
11117
15236
10871
11337
11338
11341
15235
1
14641
1
14642
1
14643
1
14644
2
14645
19770
2
11663
14646
4
10473
10740
14225
14647
1
14648
10
14530
12930
15938
8453
8466
8454
8455
19958
19959
16005
1
14650
1
14651
1
14652
1
14653
1
14654
1
14655
1
14656
1
14657
1
14658
1
14659
1
14660
1
14661
1
14662
1
14663
4
8301
8532
14664
20257
1
14665
1
14666
1
14667
1
14668
2
14669
11729
1
14670
1
14671
1
14672
1
14673
1
14674
7
11117
15236
10871
11337
11338
11341
15235
4
13449
14676
20089
20090
1
14677
1
14678
1
14679
1
14680
17
14681
14870
11462
19500
16012
14909
19501
11481
11483
11482
11489
16904
8292
12943
16902
17482
17485
1
14682
1
14683
1
14684
1
14685
1
14686
1
14687
1
14688
1
14689
6
14599
14690
9726
19969
10831
12970
4
9544
14691
17511
17522
1
14692
12
10579
10582
10599
9511
10412
10324
10592
14995
10598
10600
14693
15211
1
14694
1
14695
1
14696
1
14697
1
14698
1
14699
1
14700
1
14701
1
14702
1
14703
1
14704
4
9811
14705
14939
17271
1
14706
1
14707
1
14708
1
14709
1
14710
1
14711
1
14712
1
14713
1
14714
1
14715
1
14716
1
14717
1
14718
1
14719
1
14720
1
14721
7
11117
15236
10871
11337
11338
11341
15235
4
14723
12565
11127
15525
4
11587
14724
16555
16556
4
11708
14725
14752
20358
9
13992
14726
14730
17288
18734
13229
13231
17287
17539
1
14727
1
14728
1
14729
7
14726
14730
17288
16932
17543
17546
13322
1
14731
1
14732
1
14733
1
14734
7
14735
14738
17548
17549
10914
10938
13367
1
14736
2
14737
15755
7
14735
14738
17548
17549
10914
10938
13367
1
14739
7
14740
14814
18941
18942
14831
15990
14797
1
14741
1
14742
1
14743
2
14744
14588
1
14745
1
14746
1
14747
1
14748
1
14749
4
14750
16485
16486
18879
1
14751
4
11708
14725
14752
20358
1
14753
1
14754
1
14755
1
14756
1
14757
1
14758
1
14759
1
14760
5
9416
10129
10667
10710
15119
1
14762
1
14763
7
11117
15236
10871
11337
11338
11341
15235
1
14765
1
14766
1
14767
7
11117
15236
10871
11337
11338
11341
15235
1
14769
4
14770
14773
14775
14781
1
14771
1
14772
4
14770
14773
14775
14781
1
14774
4
14770
14773
14775
14781
1
14776
1
14777
1
14778
7
11117
15236
10871
11337
11338
11341
15235
1
14780
4
14770
14773
14775
14781
1
14782
1
14783
1
14784
1
14785
1
14786
1
14787
1
14788
1
14789
1
14790
1
14791
1
14792
1
14793
1
14794
1
14795
1
14796
1
14797
1
14798
1
14799
1
14800
1
14801
1
14802
1
14803
1
14804
1
14805
1
14806
4
14807
15549
15551
15553
2
12170
14808
3
14284
14809
17631
1
14810
1
14811
1
14812
1
14813
7
14740
14814
18941
18942
14831
15990
14797
1
14815
1
14816
1
14817
1
14818
1
14819
1
14820
1
14821
1
14822
1
14823
1
14824
9
11002
17740
17978
17980
9234
9272
11005
11165
11812
1
14826
3
14827
14829
12148
1
14828
3
14827
14829
12148
1
14830
1
14831
1
14832
1
14833
1
14834
1
14835
1
14836
1
14837
1
14838
1
14839
4
14840
14844
14951
14954
4
14841
14842
14851
14855
4
14841
14842
14851
14855
1
14843
4
14840
14844
14951
14954
2
10825
14845
9
14846
14841
14842
14851
14855
14840
14844
14951
14954
1
14847
1
14848
1
14849
1
14850
4
14841
14842
14851
14855
1
14852
1
14853
1
14854
9
14846
14841
14842
14851
14855
14840
14844
14951
14954
1
14856
1
14857
1
14858
1
14859
1
14860
1
14861
17
17489
17497
17545
18042
18043
11002
17740
17978
17980
9234
9272
11005
11165
11812
9278
17994
20328
9
11002
17740
17978
17980
9234
9272
11005
11165
11812
1
14864
1
14865
1
14866
1
14867
2
14597
14868
1
14869
17
14681
14870
11462
19500
16012
14909
19501
11481
11483
11482
11489
16904
8292
12943
16902
17482
17485
1
14871
1
14872
1
14873
1
14874
1
14875
1
14876
2
13219
14877
9
11002
17740
17978
17980
9234
9272
11005
11165
11812
1
14879
4
14880
14882
17682
17684
9
11002
17740
17978
17980
9234
9272
11005
11165
11812
4
14880
14882
17682
17684
13
11864
11865
14878
14881
14883
14894
15609
15647
8557
8564
8550
8563
15646
1
14884
1
14885
1
14886
1
14887
1
14888
1
14889
1
14890
1
14891
2
14892
17302
1
14893
13
11864
11865
14878
14881
14883
14894
15609
15647
8557
8564
8550
8563
15646
1
14895
1
14896
1
14897
1
14898
4
14899
14901
17705
17706
1
14900
4
14899
14901
17705
17706
1
14902
1
14903
1
14904
1
14905
4
13145
14906
19422
19424
2
14908
14907
2
14908
14907
17
14681
14870
11462
19500
16012
14909
19501
11481
11483
11482
11489
16904
8292
12943
16902
17482
17485
1
14910
1
14911
9
11002
17740
17978
17980
9234
9272
11005
11165
11812
2
12818
14913
8
13091
16333
17419
17745
15900
13099
16141
17753
1
14915
1
14916
1
14917
1
14918
1
14919
1
14920
1
14921
1
14922
1
14923
1
14924
1
14925
1
14926
2
12089
14927
1
14928
8
10935
11097
11052
11162
9444
11053
11076
11098
1
14930
1
14931
1
14932
1
14933
1
14934
1
14935
4
10935
11052
11097
11162
1
14937
1
14938
4
9811
14705
14939
17271
1
14940
1
14941
1
14942
1
14943
1
14944
1
14945
1
14946
1
14947
1
14948
1
14949
1
14950
4
14840
14844
14951
14954
1
14952
1
14953
19
10231
15388
15389
15391
10579
10582
10599
9511
10412
10324
10592
14995
10598
10600
15011
15257
15384
15387
14632
1
14955
1
14956
1
14957
1
14958
1
14959
1
14960
1
14961
1
14962
3
14963
15397
14914
1
14964
1
14965
1
14966
1
14967
1
14968
3
14969
12084
13650
1
14970
1
14971
1
14972
1
14973
4
11909
12219
14974
14975
4
11909
12219
14974
14975
1
14976
1
14977
5
14978
9566
9591
10145
9635
1
14979
4
14980
17391
17498
19993
1
14981
1
14982
1
14983
1
14984
1
14985
1
14986
1
14987
1
14988
1
14989
3
14990
11867
11169
1
14991
4
14992
14996
15099
16035
1
14993
1
14994
6
10599
9511
10412
10324
10592
14995
4
14992
14996
15099
16035
2
11868
14997
1
14998
2
14999
14997
1
15000
1
15001
1
15002
1
15003
1
15004
1
15005
1
15006
4
15007
15114
14994
15010
1
15008
1
15009
1
15010
19
10231
15388
15389
15391
10579
10582
10599
9511
10412
10324
10592
14995
10598
10600
15011
15257
15384
15387
14632
1
15012
1
15013
1
15014
4
14612
15015
15749
15760
1
15016
1
15017
1
15018
1
15019
1
15020
1
15021
1
15022
1
15023
1
15024
1
15025
1
15026
16
15388
15389
15391
10579
10582
10599
9511
10412
10324
10592
14995
10598
10600
15011
15257
15384
1
15028
1
15029
1
15030
1
15031
4
12537
12597
15032
15134
1
15033
1
15034
1
15035
1
15036
8
8351
8353
15037
18462
18649
18651
17350
18648
1
15038
4
10935
11052
11097
11162
1
15040
1
15041
1
15042
1
15043
1
15044
4
11955
12065
15045
17964
5
17349
18656
20337
15046
15014
1
15047
1
15048
1
15049
1
15050
2
20398
15051
1
15052
1
15053
1
15054
1
15055
1
15056
1
15057
1
15058
1
15059
4
11215
14247
14259
15060
1
15061
1
15062
6
13569
15063
18696
20359
16078
18679
1
15064
1
15065
1
15066
1
15067
1
15068
1
15069
1
15070
3
12363
12335
15071
1
15072
1
15073
1
15074
1
15075
1
15076
1
15077
1
15078
1
15079
1
15080
1
15081
1
15082
1
15083
1
15084
1
15085
1
15086
4
12081
15087
11308
18043
1
15088
1
15089
1
15090
1
15091
1
15092
1
15093
1
15094
1
15095
1
15096
1
15097
4
15098
15101
16694
16696
4
14992
14996
15099
16035
1
15100
12
15098
15101
16694
16696
8626
8628
12185
15692
13592
14584
16450
12809
1
15102
1
15103
1
15104
4
10935
11052
11097
11162
5
12296
15106
9527
15136
15311
1
15107
9
15108
15109
18335
18345
20313
18346
20217
20221
20318
9
15108
15109
18335
18345
20313
18346
20217
20221
20318
4
15110
20313
9773
15107
4
15111
15112
15121
15125
4
15111
15112
15121
15125
1
15113
4
15007
15114
14994
15010
2
10839
15115
1
15116
1
15117
1
15118
5
9416
10129
10667
10710
15119
1
15120
4
15111
15112
15121
15125
5
9416
10129
10667
10710
15119
5
10901
10923
11041
10925
11011
3
16016
15124
11046
7
8490
8488
8486
16751
15125
16749
17458
1
15126
1
15127
1
15128
1
15129
1
15130
1
15131
1
15132
1
15133
4
12537
12597
15032
15134
1
15135
5
12296
15106
9527
15136
15311
5
10901
10923
11041
10925
11011
5
12838
15138
19494
16080
19493
1
15139
1
15140
1
15141
1
15142
1
15143
1
15144
1
15145
4
9116
15146
15162
15166
1
15147
4
12036
15148
19549
19550
1
15149
1
15150
1
15151
1
15152
1
15153
1
15154
1
15155
1
15156
1
15157
1
15158
1
15159
1
15160
1
15161
4
9116
15146
15162
15166
1
15163
1
15164
1
15165
4
9116
15146
15162
15166
1
15167
1
15168
1
15169
1
15170
1
15171
1
15172
1
15173
1
15174
1
15175
1
15176
1
15177
1
15178
1
15179
4
13962
13982
15180
15182
1
15181
4
13962
13982
15180
15182
1
15183
5
15184
17137
20134
20135
15186
4
9305
10310
14380
15185
1
15186
1
15187
1
15188
1
15189
1
15190
1
15191
1
15192
1
15193
1
15194
1
15195
1
15196
14
10966
11150
10583
10777
18035
20443
10108
11075
18033
9416
10129
10667
10710
15119
1
15198
3
15199
15200
16442
3
15199
15200
16442
1
15201
1
15202
16
15388
15389
15391
10579
10582
10599
9511
10412
10324
10592
14995
10598
10600
15011
15257
15384
1
15204
25
11411
9032
11367
11819
12002
13264
13267
13270
16963
17259
15205
11729
12763
15203
12044
10880
12032
13287
15361
15362
13294
8518
8519
8524
8528
1
15206
1
15207
1
15208
1
15209
1
15210
12
10579
10582
10599
9511
10412
10324
10592
14995
10598
10600
14693
15211
1
15212
1
15213
1
15214
1
15215
1
15216
1
15217
1
15218
1
15219
1
15220
1
15221
1
15222
1
15223
1
15224
1
15225
1
15226
1
15227
5
10901
10923
11041
10925
11011
1
15229
1
15230
1
15231
1
15232
8
15233
17125
17126
10181
11733
15228
16268
17013
1
15234
1
15235
5
10901
10923
11041
10925
11011
1
15237
1
15238
1
15239
1
15240
1
15241
1
15242
1
15243
4
13265
13266
15244
15245
4
13265
13266
15244
15245
1
15246
1
15247
1
15248
1
15249
1
15250
1
15251
1
15252
1
15253
1
15254
4
9256
15255
10801
18045
7
11961
11955
12065
15045
17964
15256
17962
10
14530
12930
15938
8453
8466
8454
8455
19958
19959
16005
1
15258
1
15259
1
15260
5
10901
10923
11041
10925
11011
1
15262
1
15263
4
8510
15264
15280
18210
1
15265
1
15266
1
15267
7
9142
9857
9860
9921
9877
15268
15269
7
9142
9857
9860
9921
9877
15268
15269
1
15270
1
15271
1
15272
1
15273
1
15274
1
15275
1
15276
1
15277
1
15278
1
15279
4
8510
15264
15280
18210
1
15281
1
15282
1
15283
1
15284
1
15285
1
15286
4
9424
10340
15287
15365
1
15288
1
15289
1
15290
1
15291
1
15292
1
15293
8
10245
11276
13186
11470
13170
12155
15294
15296
1
15295
8
10245
11276
13186
11470
13170
12155
15294
15296
4
10871
11337
11338
11341
1
15298
1
15299
1
15300
2
15301
13543
1
15302
1
15303
1
15304
1
15305
1
15306
4
10871
11337
11338
11341
1
15308
4
10871
11337
11338
11341
1
15310
1
15311
4
10871
11337
11338
11341
1
15313
1
15314
1
15315
1
15316
1
15317
4
10857
13936
15318
15333
1
15319
1
15320
1
15321
4
13656
15322
15862
15863
1
15323
1
15324
1
15325
1
15326
1
15327
1
15328
4
10871
11337
11338
11341
1
15330
1
15331
1
15332
4
10857
13936
15318
15333
1
15334
8
19243
19249
10815
17699
9693
10813
17698
19415
1
15336
1
15337
1
15338
1
15339
1
15340
1
15341
1
15342
1
15343
1
15344
1
15345
1
15346
8
10815
17699
19243
19249
9693
10813
16045
19245
1
15348
6
19243
19249
10815
17699
9693
10813
1
15350
1
15351
1
15352
1
15353
1
15354
1
15355
1
15356
4
8398
15357
11343
15345
1
15358
1
15359
1
15360
6
10880
12032
13287
15361
15362
13294
5
9416
10129
10667
10710
15119
4
14621
10617
17384
15841
6
10815
17699
19243
19249
9693
10813
4
9424
10340
15287
15365
6
10815
17699
19243
19249
9693
10813
1
15367
8
15368
15370
15373
18522
8409
17113
17117
18524
1
15369
8
15368
15370
15373
18522
8409
17113
17117
18524
1
15371
1
15372
5
15373
18522
8409
17113
17117
8
15374
15942
17058
8409
17113
17117
15373
18522
1
15375
1
15376
1
15377
1
15378
1
15379
5
9412
9413
9423
10047
10051
1
15381
1
15382
1
15383
4
14621
10617
17384
15841
7
10787
12152
12563
14723
12565
11127
15525
1
15386
19
10231
15388
15389
15391
10579
10582
10599
9511
10412
10324
10592
14995
10598
10600
15011
15257
15384
15387
14632
4
14621
10617
17384
15841
4
14621
10617
17384
15841
1
15390
4
14621
10617
17384
15841
1
15392
1
15393
2
15394
16247
1
15395
4
14621
10617
17384
15841
9
14591
18176
18598
15591
20196
18175
18602
20194
14937
1
15398
1
15399
1
15400
1
15401
1
15402
3
15405
15403
9982
1
15404
5
9982
15405
15403
17981
17984
1
15406
1
15407
5
9412
9413
9423
10047
10051
1
15409
1
15410
1
15411
1
15412
1
15413
1
15414
9
10494
10123
15415
9083
10435
8922
10522
11287
14452
1
15416
7
10787
12152
12563
14723
12565
11127
15525
1
15418
1
15419
1
15420
1
15421
1
15422
1
15423
1
15424
1
15425
1
15426
7
10787
12152
12563
14723
12565
11127
15525
1
15428
3
15429
9458
9453
1
15430
1
15431
1
15432
4
8508
15433
18211
20420
1
15434
1
15435
1
15436
1
15437
7
10787
12152
12563
14723
12565
11127
15525
1
15439
7
10787
12152
12563
14723
12565
11127
15525
1
15441
10
10544
15442
9096
9099
10456
10713
9095
10729
10416
10563
1
15443
9
15524
18091
15525
10787
12152
12563
14723
12565
11127
1
15445
1
15446
1
15447
1
15448
1
15449
1
15450
1
15451
1
15452
1
15453
1
15454
1
15455
1
15456
2
15457
15460
1
15458
1
15459
2
15457
15460
7
15461
17293
17294
18158
18584
20187
19321
5
10757
13147
13216
13217
14504
1
15463
1
15464
1
15465
1
15466
1
15467
1
15468
1
15469
1
15470
1
15471
1
15472
1
15473
1
15474
1
15475
1
15476
1
15477
10
15478
16366
18988
18989
11671
13263
18985
18986
15496
15504
5
10757
13147
13216
13217
14504
4
8399
8401
15480
16367
5
10757
13147
13216
13217
14504
1
15482
1
15483
1
15484
1
15485
1
15486
1
15487
1
15488
1
15489
1
15490
1
15491
1
15492
1
15493
1
15494
1
15495
9
14591
18176
18598
15591
20196
18175
18602
20194
14937
1
15497
1
15498
1
15499
1
15500
6
8495
14114
8493
14122
15501
15503
1
15502
6
8495
14114
8493
14122
15501
15503
9
14591
18176
18598
15591
20196
18175
18602
20194
14937
1
15505
1
15506
1
15507
1
15508
1
15509
4
15510
15577
15582
15675
1
15511
1
15512
1
15513
1
15514
1
15515
1
15516
1
15517
9
14591
18176
18598
15591
20196
18175
18602
20194
14937
1
15519
1
15520
1
15521
1
15522
1
15523
9
15524
18091
15525
10787
12152
12563
14723
12565
11127
5
10757
13147
13216
13217
14504
1
15526
1
15527
1
15528
8
12794
15529
18872
8428
15570
17554
18098
20410
1
15530
1
15531
1
15532
1
15533
1
15534
1
15535
1
15536
1
15537
1
15538
1
15539
5
10757
13147
13216
13217
14504
8
11095
11297
11551
10757
13147
13216
13217
14504
1
15542
1
15543
4
13070
13304
13754
15544
5
10323
11919
15105
17627
17983
3
13421
13420
15546
1
15547
1
15548
4
14807
15549
15551
15553
1
15550
4
14807
15549
15551
15553
1
15552
4
14807
15549
15551
15553
1
15554
1
15555
1
15556
1
15557
1
15558
1
15559
1
15560
1
15561
1
15562
1
15563
1
15564
1
15565
1
15566
1
15567
1
15568
1
15569
4
8428
15570
17554
18098
1
15571
1
15572
1
15573
1
15574
1
15575
1
15576
4
15510
15577
15582
15675
1
15578
1
15579
4
14576
15580
19237
19322
1
15581
4
15510
15577
15582
15675
5
10323
11919
15105
17627
17983
1
15584
1
15585
1
15586
1
15587
1
15588
1
15589
1
15590
6
15591
20196
18175
18602
20194
14937
11
15592
14937
20193
14591
18176
18598
15591
20196
18175
18602
20194
5
10323
11919
15105
17627
17983
1
15594
1
15595
7
8581
15596
12325
8627
8648
13801
13885
1
15597
1
15598
1
15599
1
15600
3
15601
20348
11632
1
15602
1
15603
1
15604
1
15605
1
15606
1
15607
1
15608
7
15609
15647
8557
8564
8550
8563
15646
1
15610
1
15611
1
15612
1
15613
1
15614
1
15615
1
15616
2
15617
12227
1
15618
1
15619
1
15620
1
15621
1
15622
1
15623
1
15624
1
15625
1
15626
1
15627
1
15628
1
15629
1
15630
5
9412
9413
9423
10047
10051
1
15632
1
15633
1
15634
1
15635
1
15636
1
15637
1
15638
1
15639
1
15640
1
15641
1
15642
1
15643
1
15644
1
15645
1
15646
7
15609
15647
8557
8564
8550
8563
15646
1
15648
5
10323
11919
15105
17627
17983
1
15650
1
15651
1
15652
8
15653
17568
15269
8550
8563
15427
13950
15265
1
15654
1
15655
1
15656
1
15657
4
12083
15658
15659
16051
4
12083
15658
15659
16051
4
15660
15661
18259
18260
4
15660
15661
18259
18260
1
15662
1
15663
1
15664
1
15665
1
15666
1
15667
1
15668
1
15669
1
15670
1
15671
2
15672
15673
2
15672
15673
1
15674
4
15510
15577
15582
15675
1
15676
1
15677
1
15678
1
15679
1
15680
1
15681
5
13629
13570
18304
13632
15682
1
15683
1
15684
1
15685
1
15686
1
15687
1
15688
1
15689
1
15690
1
15691
1
15692
1
15693
1
15694
1
15695
1
15696
1
15697
6
8785
8786
15727
15758
15698
15709
1
15699
1
15700
1
15701
1
15702
1
15703
1
15704
1
15705
1
15706
1
15707
1
15708
11
15592
14937
20193
14591
18176
18598
15591
20196
18175
18602
20194
1
15710
1
15711
1
15712
1
15713
1
15714
1
15715
1
15716
1
15717
4
15718
15913
15518
15721
1
15719
1
15720
5
10323
11919
15105
17627
17983
1
15722
1
15723
1
15724
1
15725
4
15726
15738
15866
15868
4
8785
8786
15727
15758
1
15728
1
15729
1
15730
1
15731
1
15732
1
15733
1
15734
1
15735
1
15736
1
15737
4
15726
15738
15866
15868
1
15739
1
15740
1
15741
1
15742
1
15743
1
15744
1
15745
1
15746
1
15747
1
15748
4
14612
15015
15749
15760
1
15750
1
15751
1
15752
1
15753
1
15754
2
14737
15755
1
15756
1
15757
4
8785
8786
15727
15758
1
15759
4
14612
15015
15749
15760
1
15761
1
15762
1
15763
1
15764
1
15765
1
15766
1
15767
1
15768
1
15769
1
15770
1
15771
1
15772
1
15773
1
15774
1
15775
5
9412
9413
9423
10047
10051
1
15777
1
15778
1
15779
1
15780
4
15781
15880
8629
15129
1
15782
1
15783
1
15784
1
15785
10
14530
12930
15938
8453
8466
8454
8455
19958
19959
16005
1
15787
1
15788
1
15789
1
15790
1
15791
5
9412
9413
9423
10047
10051
9
14591
18176
18598
15591
20196
18175
18602
20194
14937
1
15794
1
15795
1
15796
1
15797
1
15798
1
15799
1
15800
1
15801
1
15802
1
15803
1
15804
1
15805
1
15806
1
15807
4
15808
16884
17171
17478
4
15809
17169
17173
17174
1
15810
1
15811
1
15812
1
15813
1
15814
1
15815
1
15816
1
15817
1
15818
1
15819
1
15820
1
15821
1
15822
1
15823
1
15824
1
15825
1
15826
1
15827
1
15828
1
15829
1
15830
1
15831
1
15832
1
15833
1
15834
1
15835
1
15836
1
15837
1
15838
1
15839
1
15840
3
10617
17384
15841
1
15842
1
15843
1
15844
1
15845
1
15846
1
15847
1
15848
1
15849
1
15850
1
15851
5
9412
9413
9423
10047
10051
1
15853
1
15854
1
15855
1
15856
1
15857
1
15858
1
15859
1
15860
1
15861
4
13656
15322
15862
15863
4
13656
15322
15862
15863
1
15864
1
15865
4
15726
15738
15866
15868
1
15867
4
15726
15738
15866
15868
4
15869
17401
20215
20216
1
15870
4
15871
17397
17392
17390
10
10061
10187
10537
10643
16006
15852
9063
15994
16308
9937
1
15873
1
15874
1
15875
1
15876
1
15877
1
15878
1
15879
4
15781
15880
8629
15129
1
15881
1
15882
14
15883
15884
12273
12401
14616
15793
18464
20437
18459
18460
14627
15126
15792
15783
14
15883
15884
12273
12401
14616
15793
18464
20437
18459
18460
14627
15126
15792
15783
1
15885
4
15886
18383
18395
18384
2
18374
15887
7
10187
10537
10643
16006
15852
9063
15994
1
15889
1
15890
1
15891
1
15892
1
15893
1
15894
1
15895
1
15896
1
15897
1
15898
1
15899
7
13914
16259
8715
16252
16258
19545
16253
1
15901
1
15902
1
15903
1
15904
7
12846
18778
18779
8543
12867
12903
15905
1
15906
14
15907
18492
19626
12517
16232
16231
19340
18493
19336
16236
13462
19624
12473
19625
1
15908
1
15909
1
15910
1
15911
1
15912
4
15718
15913
15518
15721
1
15914
1
15915
1
15916
1
15917
1
15918
1
15919
1
15920
1
15921
4
11354
15922
16326
18957
1
15923
1
15924
1
15925
1
15926
1
15927
1
15928
1
15929
8
15930
15098
15101
16694
16696
13590
16583
12817
1
15931
1
15932
1
15933
1
15934
1
15935
1
15936
1
15937
3
15938
14530
12930
1
15939
2
15940
14530
1
15941
11
15374
15942
17058
8409
17113
17117
15373
18522
15945
15952
17110
1
15943
1
15944
11
15374
15942
17058
8409
17113
17117
15373
18522
15945
15952
17110
1
15946
1
15947
1
15948
1
15949
1
15950
1
15951
11
15374
15942
17058
8409
17113
17117
15373
18522
15945
15952
17110
1
15953
1
15954
1
15955
1
15956
1
15957
1
15958
4
11347
11493
13780
15959
7
10187
10537
10643
16006
15852
9063
15994
1
15961
2
15962
15960
1
15963
1
15964
1
15965
1
15966
1
15967
7
10187
10537
10643
16006
15852
9063
15994
1
15969
7
10187
10537
10643
16006
15852
9063
15994
1
15971
1
15972
1
15973
5
10181
11733
15228
16268
17013
1
15975
1
15976
1
15977
1
15978
1
15979
1
15980
1
15981
1
15982
1
15983
1
15984
1
15985
1
15986
1
15987
1
15988
1
15989
1
15990
1
15991
1
15992
8
10319
10181
11733
15228
16268
17013
19679
20029
5
10181
11733
15228
16268
17013
1
15995
1
15996
1
15997
1
15998
1
15999
1
16000
1
16001
1
16002
1
16003
1
16004
7
8455
16005
8453
14530
12930
15938
15940
3
16006
15852
9063
1
16007
1
16008
1
16009
1
16010
1
16011
10
16012
11462
19500
16017
19503
14909
19501
11481
11483
11482
5
10181
11733
15228
16268
17013
1
16014
1
16015
1
16016
10
16012
11462
19500
16017
19503
14909
19501
11481
11483
11482
1
16018
1
16019
1
16020
2
16021
16023
11
16022
18732
13992
14726
14730
17288
18734
13229
13231
17287
17539
2
16021
16023
1
16024
11
8962
8997
14214
15233
17125
17126
10181
11733
15228
16268
17013
1
16026
8
12912
10840
10811
16027
16029
16516
8323
19142
3
16028
17225
20431
6
12912
10840
10811
16027
16029
16516
1
16030
1
16031
1
16032
1
16033
1
16034
4
14992
14996
15099
16035
1
16036
1
16037
1
16038
1
16039
1
16040
1
16041
2
16042
16043
2
16042
16043
1
16044
8
10815
17699
19243
19249
9693
10813
16045
19245
1
16046
13
19418
13577
13194
16047
10815
17699
19243
19249
9693
10813
16045
19245
17326
6
14969
12084
13650
16048
19436
19437
1
16049
1
16050
4
12083
15658
15659
16051
1
16052
1
16053
1
16054
1
16055
1
16056
1
16057
1
16058
4
11922
13376
16059
16061
1
16060
4
11922
13376
16059
16061
1
16062
1
16063
1
16064
1
16065
1
16066
1
16067
1
16068
1
16069
1
16070
1
16071
1
16072
1
16073
2
9690
16074
8
9143
9419
10672
11265
9566
9591
10145
9635
1
16076
1
16077
3
20359
16078
18679
1
16079
1
16080
5
16081
11068
10862
16082
16083
2
16082
16083
3
16082
16083
13233
1
16084
1
16085
1
16086
1
16087
1
16088
1
16089
1
16090
1
16091
1
16092
1
16093
1
16094
1
16095
1
16096
1
16097
1
16098
1
16099
1
16100
1
16101
7
12931
13051
16102
13920
14023
16815
16957
1
16103
1
16104
1
16105
1
16106
1
16107
1
16108
1
16109
1
16110
1
16111
1
16112
1
16113
1
16114
1
16115
1
16116
1
16117
8
16118
11681
16839
16840
16841
19834
19822
19819
1
16119
1
16120
8
16121
11678
16113
13944
12548
16977
16126
16122
6
16122
20145
12548
16126
13944
16977
1
16123
1
16124
4
11681
16125
19819
19821
1
16126
1
16127
1
16128
1
16129
1
16130
1
16131
1
16132
1
16133
1
16134
1
16135
1
16136
4
16137
16243
18781
18784
1
16138
1
16139
1
16140
1
16141
1
16142
1
16143
1
16144
1
16145
1
16146
1
16147
1
16148
1
16149
1
16150
1
16151
1
16152
1
16153
1
16154
1
16155
1
16156
5
10181
11733
15228
16268
17013
1
16158
1
16159
1
16160
1
16161
1
16162
1
16163
1
16164
1
16165
1
16166
1
16167
1
16168
1
16169
1
16170
1
16171
1
16172
1
16173
4
13922
16174
12541
20264
1
16175
4
16176
16955
20263
20265
1
16177
1
16178
1
16179
1
16180
1
16181
1
16182
1
16183
1
16184
1
16185
1
16186
1
16187
1
16188
1
16189
1
16190
1
16191
1
16192
1
16193
1
16194
4
10067
17988
17990
17998
1
16196
1
16197
1
16198
1
16199
1
16200
2
12878
16201
5
16202
18846
18847
14231
14232
3
17948
17946
16203
1
16204
1
16205
1
16206
1
16207
1
16208
1
16209
1
16210
1
16211
1
16212
1
16213
1
16214
1
16215
1
16216
1
16217
1
16218
1
16219
1
16220
1
16221
1
16222
1
16223
1
16224
1
16225
1
16226
1
16227
1
16228
1
16229
1
16230
4
16231
19340
18493
19336
1
16232
1
16233
1
16234
1
16235
12
19626
12517
16232
16231
19340
18493
19336
16236
13462
19624
12473
19625
1
16237
1
16238
1
16239
1
16240
1
16241
1
16242
4
16137
16243
18781
18784
1
16244
2
8973
16245
1
16246
1
16247
4
10067
17988
17990
17998
2
16338
16249
4
10067
17988
17990
17998
2
16251
16256
4
8715
16252
16258
19545
1
16253
1
16254
1
16255
2
16251
16256
4
11992
16257
16260
16632
9
11992
16257
16260
8715
16252
16258
19545
16256
19546
8
13914
16259
8715
16252
16258
19545
16253
16795
1
16260
1
16261
1
16262
1
16263
1
16264
1
16265
1
16266
1
16267
4
10067
17988
17990
17998
1
16269
1
16270
1
16271
1
16272
1
16273
1
16274
1
16275
1
16276
4
10067
17988
17990
17998
1
16278
1
16279
1
16280
1
16281
10
9233
9928
9143
9419
10672
11265
9566
9591
10145
9635
1
16283
1
16284
2
16285
16336
1
16286
3
16287
8606
8605
1
16288
1
16289
1
16290
1
16291
6
16292
13943
14135
16478
16387
8840
1
16293
1
16294
1
16295
1
16296
1
16297
2
16298
16299
2
16298
16299
1
16300
1
16301
1
16302
1
16303
1
16304
1
16305
1
16306
1
16307
3
16006
16308
9937
1
16309
1
16310
2
13245
16311
1
16312
1
16313
1
16314
1
16315
1
16316
1
16317
2
13246
16318
1
16319
1
16320
2
14950
16321
1
16322
1
16323
1
16324
1
16325
4
11354
15922
16326
18957
1
16327
1
16328
1
16329
1
16330
1
16331
4
10067
17988
17990
17998
7
13914
16259
8715
16252
16258
19545
16253
13
10261
10701
12098
9132
9451
9971
10248
9990
9996
10186
10702
10255
10256
1
16335
4
14219
16336
13385
8601
1
16337
4
16338
16649
14521
14163
1
16339
1
16340
1
16341
1
16342
1
16343
1
16344
1
16345
1
16346
4
16347
14172
14535
16340
1
16348
1
16349
7
13914
16259
8715
16252
16258
19545
16253
15
10288
10261
10701
12098
9132
9451
9971
10248
9990
9996
10186
10702
10255
10256
14600
1
16352
1
16353
4
16354
16953
18529
18530
1
16355
1
16356
4
13858
16357
17434
17437
1
16358
1
16359
1
16360
7
9132
9451
9971
10248
9990
9996
10186
1
16362
1
16363
1
16364
1
16365
10
15478
16366
18988
18989
11671
13263
18985
18986
15496
15504
4
8399
8401
15480
16367
1
16368
7
15385
15583
15593
17471
20370
16369
16643
1
16370
1
16371
1
16372
2
16376
16373
9
10701
12098
9132
9451
9971
10248
9990
9996
10186
8
16374
16965
18863
19002
19006
16375
16378
16379
2
16376
16373
1
16377
8
16374
16965
18863
19002
19006
16375
16378
16379
8
16374
16965
18863
19002
19006
16375
16378
16379
13
12434
16380
19003
12926
12438
19938
19004
12064
14963
15397
14914
16381
14832
7
13914
16259
8715
16252
16258
19545
16253
1
16382
1
16383
3
14341
16384
19008
1
16385
4
8610
12772
14136
16386
3
14135
16478
16387
1
16388
1
16389
1
16390
5
14230
14538
16988
16391
16394
1
16392
9
16393
14230
14538
16988
16391
16394
16989
12878
16201
9
16393
14230
14538
16988
16391
16394
16989
12878
16201
1
16395
1
16396
7
16397
19134
19131
19148
19167
20276
19168
1
16398
1
16399
1
16400
1
16401
1
16402
1
16403
1
16404
1
16405
1
16406
1
16407
1
16408
1
16409
1
16410
1
16411
1
16412
1
16413
1
16414
1
16415
1
16416
1
16417
1
16418
1
16419
1
16420
1
16421
1
16422
1
16423
1
16424
1
16425
4
8894
14188
16426
16430
1
16427
1
16428
1
16429
4
8894
14188
16426
16430
1
16431
1
16432
1
16433
1
16434
1
16435
2
13313
16436
1
16437
1
16438
1
16439
1
16440
1
16441
1
16442
1
16443
1
16444
1
16445
4
16446
16447
19056
19057
4
16446
16447
19056
19057
1
16448
1
16449
1
16450
1
16451
1
16452
1
16453
1
16454
1
16455
1
16456
7
9132
9451
9971
10248
9990
9996
10186
1
16458
1
16459
1
16460
1
16461
1
16462
1
16463
1
16464
1
16465
1
16466
12
9950
10188
9132
9451
9971
10248
9990
9996
10186
9542
10529
10530
1
16468
1
16469
1
16470
1
16471
1
16472
1
16473
1
16474
1
16475
1
16476
1
16477
3
14135
16478
16387
1
16479
1
16480
1
16481
1
16482
1
16483
1
16484
4
14750
16485
16486
18879
4
14750
16485
16486
18879
1
16487
1
16488
1
16489
1
16490
1
16491
1
16492
1
16493
1
16494
1
16495
1
16496
1
16497
1
16498
1
16499
1
16500
1
16501
1
16502
1
16503
1
16504
1
16505
1
16506
1
16507
1
16508
1
16509
1
16510
3
12075
12074
16511
1
16512
1
16513
1
16514
1
16515
6
12912
10840
10811
16027
16029
16516
1
16517
1
16518
1
16519
1
16520
1
16521
1
16522
1
16523
1
16524
1
16525
2
16526
16570
1
16527
1
16528
5
9959
13061
14764
14825
17612
4
8541
16530
17178
17221
1
16531
1
16532
1
16533
1
16534
1
16535
1
16536
1
16537
1
16538
1
16539
1
16540
1
16541
1
16542
3
18745
16543
12564
1
16544
1
16545
5
12570
16546
16825
16826
16827
1
16547
1
16548
1
16549
1
16550
1
16551
1
16552
1
16553
4
9629
16554
19099
19815
4
11587
14724
16555
16556
4
11587
14724
16555
16556
5
13061
14825
9959
14764
17612
1
16558
1
16559
1
16560
1
16561
1
16562
1
16563
1
16564
4
11584
13076
16565
18868
1
16566
1
16567
1
16568
1
16569
2
16526
16570
8
16571
16573
17651
12269
17653
17656
9197
12432
1
16572
8
16571
16573
17651
12269
17653
17656
9197
12432
1
16574
1
16575
1
16576
1
16577
1
16578
1
16579
1
16580
1
16581
1
16582
1
16583
1
16584
1
16585
1
16586
1
16587
1
16588
1
16589
5
9959
13061
14764
14825
17612
1
16591
1
16592
1
16593
1
16594
1
16595
1
16596
4
17233
17334
18263
16597
1
16598
1
16599
1
16600
1
16601
5
13061
14825
9959
14764
17612
1
16603
1
16604
1
16605
1
16606
2
19253
16607
1
16608
1
16609
1
16610
1
16611
1
16612
1
16613
1
16614
1
16615
1
16616
1
16617
1
16618
2
17817
16619
1
16620
1
16621
1
16622
1
16623
1
16624
1
16625
1
16626
1
16627
1
16628
1
16629
1
16630
1
16631
4
11992
16257
16260
16632
5
16633
16636
8571
8640
16634
1
16634
1
16635
1
16636
1
16637
1
16638
1
16639
1
16640
1
16641
1
16642
7
15385
15583
15593
17471
20370
16369
16643
1
16644
1
16645
7
16646
12659
12790
19537
19539
19541
19543
1
16647
1
16648
4
16338
16649
14521
14163
1
16650
1
16651
4
12212
12272
16652
17071
1
16653
1
16654
1
16655
1
16656
7
13914
16259
8715
16252
16258
19545
16253
8
9143
9419
10672
11265
9566
9591
10145
9635
1
16659
1
16660
1
16661
1
16662
1
16663
1
16664
1
16665
1
16666
1
16667
1
16668
1
16669
1
16670
1
16671
4
10341
16672
17008
19678
1
16673
1
16674
1
16675
1
16676
6
16677
18165
18168
12796
19378
12798
5
9959
13061
14764
14825
17612
1
16679
4
16680
17393
16324
20353
1
16681
1
16682
5
9959
13061
14764
14825
17612
1
16684
1
16685
1
16686
1
16687
1
16688
1
16689
1
16690
1
16691
1
16692
1
16693
1
16694
1
16695
1
16696
1
16697
1
16698
1
16699
1
16700
1
16701
8
12407
16702
16724
8317
18314
18321
8314
18325
1
16703
1
16704
1
16705
1
16706
1
16707
1
16708
1
16709
1
16710
1
16711
1
16712
1
16713
1
16714
1
16715
1
16716
1
16717
1
16718
1
16719
1
16720
1
16721
1
16722
1
16723
2
17270
16724
1
16725
1
16726
1
16727
1
16728
1
16729
1
16730
1
16731
1
16732
1
16733
1
16734
1
16735
3
18860
18864
16736
1
16737
1
16738
1
16739
1
16740
1
16741
1
16742
1
16743
1
16744
1
16745
1
16746
1
16747
1
16748
7
8490
8488
8486
16751
15125
16749
17458
1
16750
4
8490
8488
8486
16751
1
16752
1
16753
1
16754
3
16877
16755
18497
1
16756
1
16757
1
16758
2
8387
16759
1
16760
1
16761
1
16762
1
16763
4
16764
19728
16765
18853
1
16765
1
16766
4
9807
9810
9273
9762
1
16768
1
16769
1
16770
1
16771
1
16772
1
16773
4
9807
9810
9273
9762
16
16775
19928
19929
8383
8384
19621
16882
17165
20452
20453
14640
17949
14675
17951
17952
20454
1
16776
1
16777
1
16778
1
16779
1
16780
1
16781
1
16782
1
16783
1
16784
1
16785
1
16786
1
16787
1
16788
1
16789
1
16790
1
16791
1
16792
4
16793
19776
11663
19775
3
16795
12850
16794
8
13914
16259
8715
16252
16258
19545
16253
16795
1
16796
1
16797
1
16798
1
16799
1
16800
1
16801
7
16802
12897
12602
19559
19560
16793
16797
1
16803
1
16804
10
9233
9928
9143
9419
10672
11265
9566
9591
10145
9635
1
16806
4
9807
9810
9273
9762
7
16808
16811
13909
16807
16941
16942
19569
5
16809
16810
16807
16808
13910
4
16809
16810
16807
16808
4
9807
9810
9273
9762
1
16812
1
16813
1
16814
7
12931
13051
16102
13920
14023
16815
16957
1
16816
1
16817
1
16818
1
16819
1
16820
4
17476
16821
18998
16822
3
12862
16824
16822
1
16823
11
12862
16824
16822
17476
16821
18998
18999
19000
17156
19913
19914
6
17215
12570
16546
16825
16826
16827
5
12570
16546
16825
16826
16827
10
18749
12569
12570
16546
16825
16826
16827
14215
15417
18750
1
16828
1
16829
1
16830
1
16831
1
16832
1
16833
1
16834
1
16835
4
12480
16836
20227
20229
1
16837
1
16838
8
16118
11681
16839
16840
16841
19834
19822
19819
8
16118
11681
16839
16840
16841
19834
19822
19819
4
16840
16841
19834
19822
1
16842
1
16843
1
16844
1
16845
1
16846
1
16847
1
16848
1
16849
1
16850
1
16851
1
16852
1
16853
1
16854
14
16915
17425
19738
14150
20428
16855
19761
11533
17424
17051
17475
20433
17908
17923
16
16856
19760
16915
17425
19738
14150
20428
16855
19761
11533
17424
17051
17475
20433
17908
17923
1
16857
1
16858
1
16859
1
16860
1
16861
1
16862
1
16863
1
16864
8
9143
9419
10672
11265
9566
9591
10145
9635
1
16866
1
16867
1
16868
1
16869
1
16870
1
16871
1
16872
1
16873
1
16874
1
16875
1
16876
3
16877
16755
18497
1
16878
1
16879
11
9807
9810
9273
9762
9753
10054
15307
15309
9607
9834
9267
6
16881
8383
8384
19621
19918
20303
4
9807
9810
9273
9762
1
16883
7
10733
20226
16884
20229
15808
17171
17478
1
16885
1
16886
1
16887
1
16888
1
16889
1
16890
3
17427
16891
17472
1
16892
1
16893
1
16894
11
9982
15405
15403
17981
17984
9771
9852
9876
17591
17975
17582
1
16896
1
16897
1
16898
1
16899
1
16900
1
16901
5
9771
9852
9876
17591
17975
1
16903
11
11489
16904
11481
11483
11462
11482
8292
12943
16902
17482
17485
1
16905
1
16906
1
16907
1
16908
1
16909
1
16910
1
16911
1
16912
1
16913
8
9143
9419
10672
11265
9566
9591
10145
9635
5
9771
9852
9876
17591
17975
1
16916
8
9143
9419
10672
11265
9566
9591
10145
9635
1
16918
1
16919
1
16920
1
16921
1
16922
1
16923
1
16924
1
16925
1
16926
1
16927
1
16928
1
16929
1
16930
1
16931
7
14726
14730
17288
16932
17543
17546
13322
1
16933
1
16934
1
16935
1
16936
1
16937
1
16938
1
16939
1
16940
5
9771
9852
9876
17591
17975
5
9771
9852
9876
17591
17975
1
16943
1
16944
1
16945
1
16946
1
16947
1
16948
1
16949
1
16950
5
9771
9852
9876
17591
17975
1
16952
4
16354
16953
18529
18530
1
16954
4
16176
16955
20263
20265
1
16956
4
13920
14023
16815
16957
1
16958
1
16959
1
16960
1
16961
1
16962
10
9751
11255
17275
9233
9627
9635
17272
17276
10145
11265
1
16964
8
9143
9419
10672
11265
9566
9591
10145
9635
1
16966
1
16967
1
16968
1
16969
1
16970
1
16971
1
16972
1
16973
1
16974
1
16975
1
16976
5
13944
12548
16977
16126
16122
1
16978
1
16979
1
16980
1
16981
1
16982
1
16983
1
16984
1
16985
1
16986
1
16987
2
16988
16391
9
16393
14230
14538
16988
16391
16394
16989
12878
16201
1
16990
1
16991
1
16992
1
16993
1
16994
1
16995
1
16996
1
16997
1
16998
1
16999
1
17000
10
9751
11255
17275
9233
9627
9635
17272
17276
10145
11265
11
12273
12401
14616
15793
18464
20437
18459
18460
14627
15126
15792
1
17003
1
17004
1
17005
10
9751
11255
17275
9233
9627
9635
17272
17276
10145
11265
11
12273
12401
14616
15793
18464
20437
18459
18460
14627
15126
15792
4
10341
16672
17008
19678
1
17009
1
17010
4
11239
17011
17015
17258
1
17012
5
9701
10350
11207
11208
11846
1
17014
4
11239
17011
17015
17258
1
17016
1
17017
1
17018
12
17019
15809
17169
17173
17174
8425
8427
15786
8424
8426
8422
19707
1
17020
1
17021
1
17022
1
17023
1
17024
1
17025
1
17026
1
17027
1
17028
1
17029
1
17030
1
17031
1
17032
1
17033
1
17034
1
17035
1
17036
1
17037
1
17038
1
17039
1
17040
1
17041
1
17042
4
8825
13994
17043
17045
1
17044
4
8825
13994
17043
17045
1
17046
1
17047
1
17048
1
17049
1
17050
14
15883
15884
12273
12401
14616
15793
18464
20437
18459
18460
14627
15126
15792
15783
1
17052
4
8611
11654
12880
17053
1
17054
1
17055
1
17056
1
17057
8
15374
15942
17058
8409
17113
17117
15373
18522
1
17059
1
17060
1
17061
1
17062
1
17063
1
17064
1
17065
4
17066
17067
17068
17077
4
17066
17067
17068
17077
4
17066
17067
17068
17077
1
17069
1
17070
4
12212
12272
16652
17071
1
17072
1
17073
1
17074
1
17075
1
17076
4
17066
17067
17068
17077
1
17078
1
17079
1
17080
1
17081
1
17082
1
17083
6
12581
13454
17134
13894
17084
17279
1
17085
1
17086
1
17087
1
17088
3
17089
17439
17091
5
9701
10350
11207
11208
11846
1
17091
5
9701
10350
11207
11208
11846
1
17093
1
17094
1
17095
1
17096
1
17097
4
11460
17098
17101
17102
1
17099
1
17100
4
11460
17098
17101
17102
4
11460
17098
17101
17102
1
17103
1
17104
1
17105
1
17106
1
17107
1
17108
1
17109
11
15374
15942
17058
8409
17113
17117
15373
18522
15945
15952
17110
1
17111
5
9701
10350
11207
11208
11846
5
9701
10350
11207
11208
11846
8
17114
17115
17116
8409
17113
17117
15373
18522
8
17114
17115
17116
8409
17113
17117
15373
18522
8
17114
17115
17116
8409
17113
17117
15373
18522
5
9701
10350
11207
11208
11846
1
17118
1
17119
1
17120
10
10375
14602
17121
8282
17123
20262
20272
8286
20271
20274
1
17122
4
8282
17123
20262
20272
1
17124
8
15233
17125
17126
10181
11733
15228
16268
17013
8
15233
17125
17126
10181
11733
15228
16268
17013
1
17127
1
17128
1
17129
1
17130
1
17131
1
17132
1
17133
3
13454
17134
13894
1
17135
1
17136
5
15184
17137
20134
20135
15186
1
17138
1
17139
1
17140
1
17141
1
17142
1
17143
1
17144
1
17145
1
17146
1
17147
1
17148
1
17149
1
17150
1
17151
1
17152
1
17153
1
17154
1
17155
5
9691
11060
15479
15481
17411
1
17157
1
17158
1
17159
1
17160
1
17161
1
17162
1
17163
11
16549
16540
19731
17164
8580
8582
19729
19730
8584
8587
16768
5
9691
11060
15479
15481
17411
1
17166
1
17167
1
17168
4
15809
17169
17173
17174
1
17170
4
15808
16884
17171
17478
1
17172
12
17019
15809
17169
17173
17174
8425
8427
15786
8424
8426
8422
19707
11
12273
12401
14616
15793
18464
20437
18459
18460
14627
15126
15792
1
17175
1
17176
1
17177
4
8541
16530
17178
17221
1
17179
1
17180
1
17181
1
17182
1
17183
1
17184
1
17185
2
17186
20032
1
17187
1
17188
1
17189
1
17190
4
8467
13172
17191
19957
8
17192
17218
13813
13800
13812
17196
13808
13869
1
17193
1
17194
1
17195
8
9096
9099
10456
10713
9095
10729
10416
10563
1
17197
1
17198
1
17199
1
17200
1
17201
1
17202
1
17203
1
17204
1
17205
1
17206
2
17207
11622
1
17208
1
17209
5
9691
11060
15479
15481
17411
1
17211
3
11079
12302
17212
1
17213
1
17214
6
17215
12570
16546
16825
16826
16827
1
17216
1
17217
8
17192
17218
13813
13800
13812
17196
13808
13869
1
17219
2
12884
17220
4
8541
16530
17178
17221
1
17222
8
10519
17223
18616
18617
19135
18871
18646
8389
4
12136
17224
20292
20294
3
16028
17225
20431
1
17226
1
17227
1
17228
1
17229
1
17230
1
17231
1
17232
3
17233
17334
18263
6
14611
18455
20210
20212
17234
18456
1
17235
1
17236
5
9691
11060
15479
15481
17411
1
17238
8
11696
13234
17239
12838
15138
19494
16080
19493
1
17240
1
17241
1
17242
3
13453
17243
13450
1
17244
1
17245
1
17246
1
17247
1
17248
1
17249
1
17250
1
17251
1
17252
1
17253
1
17254
1
17255
5
8544
17256
18476
11319
20074
1
17257
4
11239
17011
17015
17258
5
9691
11060
15479
15481
17411
1
17260
1
17261
5
9691
11060
15479
15481
17411
1
17263
4
14065
17264
13985
14669
1
17265
1
17266
1
17267
1
17268
1
17269
2
17270
16724
4
9811
14705
14939
17271
6
9627
9635
17272
17276
10145
11265
19
10120
10121
17273
9024
10111
17274
10116
10363
10533
9751
11255
17275
9233
9627
9635
17272
17276
10145
11265
16
9024
10111
17274
10116
10363
10533
9751
11255
17275
9233
9627
9635
17272
17276
10145
11265
6
9627
9635
17272
17276
10145
11265
6
9627
9635
17272
17276
10145
11265
3
10831
12970
17277
1
17278
6
12581
13454
17134
13894
17084
17279
2
17084
17280
6
9627
9635
17272
17276
10145
11265
9
12794
15529
18872
20410
17282
14723
12565
11127
15525
6
9627
9635
17272
17276
10145
11265
1
17284
1
17285
1
17286
6
9627
9635
17272
17276
10145
11265
3
14726
14730
17288
1
17289
1
17290
1
17291
1
17292
7
15461
17293
17294
18158
18584
20187
19321
4
17294
18158
18584
20187
4
14862
14863
17295
17296
4
14862
14863
17295
17296
1
17297
1
17298
1
17299
1
17300
1
17301
1
17302
2
12245
17303
6
9627
9635
17272
17276
10145
11265
3
18253
9467
17305
4
9566
9591
10145
9635
1
17307
1
17308
2
13169
17309
1
17310
2
17311
17307
4
17312
17731
17730
17729
1
17313
1
17314
1
17315
1
17316
5
17317
17297
20412
18192
19999
1
17318
1
17319
1
17320
1
17321
1
17322
1
17323
11
12273
12401
14616
15793
18464
20437
18459
18460
14627
15126
15792
3
17325
11695
18222
13
19418
13577
13194
16047
10815
17699
19243
19249
9693
10813
16045
19245
17326
1
17327
1
17328
1
17329
8
9096
9099
10456
10713
9095
10729
10416
10563
1
17331
3
17332
12817
13190
7
17333
19971
19965
19968
17510
19964
19963
2
17233
17334
1
17335
1
17336
6
17337
18403
18419
12832
18416
17329
1
17338
1
17339
1
17340
1
17341
1
17342
1
17343
1
17344
1
17345
1
17346
1
17347
1
17348
5
17349
18656
20337
15046
15014
8
8351
8353
15037
18462
18649
18651
17350
18648
1
17351
1
17352
1
17353
1
17354
1
17355
13
10123
15415
9083
10713
9096
9099
10456
9095
10729
10416
10563
10544
15442
2
17357
17383
1
17358
1
17359
1
17360
1
17361
1
17362
2
20400
17363
2
17364
14984
1
17365
1
17366
1
17367
1
17368
1
17369
1
17370
1
17371
1
17372
13
10123
15415
9083
10713
9096
9099
10456
9095
10729
10416
10563
10544
15442
1
17374
1
17375
1
17376
1
17377
1
17378
1
17379
2
16072
17380
13
10416
10503
10706
10123
15415
9083
10713
9096
9099
10456
9095
10729
10563
1
17382
2
17357
17383
3
10617
17384
15841
1
17385
1
17386
2
13478
17387
1
17388
3
14181
17389
18953
2
17390
18458
4
14980
17391
17498
19993
1
17392
4
16680
17393
16324
20353
1
17394
1
17395
2
17396
19348
1
17397
1
17398
3
17399
18480
18479
1
17400
4
15869
17401
20215
20216
1
17402
3
17403
10642
16836
2
17404
12347
1
17405
1
17406
1
17407
1
17408
1
17409
1
17410
10
10544
15442
9096
9099
10456
10713
9095
10729
10416
10563
1
17412
1
17413
1
17414
1
17415
7
9089
10132
10174
18016
18018
18032
18034
4
17417
17418
18851
20382
4
17418
18851
17417
20382
10
13091
16333
17419
17745
18959
12586
12888
20388
18961
16332
1
17420
7
9089
10132
10174
18016
18018
18032
18034
6
17422
17423
20096
20174
20253
20252
4
17422
17423
20096
20174
11
17424
17051
17475
20433
16549
12911
14211
8504
16529
19742
20432
10
18016
18018
18032
18034
9089
10132
10174
10156
10194
15380
7
17426
14372
18736
16917
19051
19656
19739
7
9593
9494
9563
9521
9797
9936
11083
1
17428
1
17429
1
17430
1
17431
1
17432
1
17433
4
13858
16357
17434
17437
1
17435
3
14513
17436
20377
4
13858
16357
17434
17437
7
9089
10132
10174
18016
18018
18032
18034
7
9593
9494
9563
9521
9797
9936
11083
1
17440
1
17441
1
17442
1
17443
1
17444
1
17445
1
17446
1
17447
1
17448
1
17449
1
17450
1
17451
12
8549
10345
20434
17463
19087
11275
14133
16865
11051
11160
9653
18973
1
17453
1
17454
1
17455
1
17456
1
17457
7
9593
9494
9563
9521
9797
9936
11083
2
8986
17459
1
17460
1
17461
1
17462
3
20434
17463
19087
11
12273
12401
14616
15793
18464
20437
18459
18460
14627
15126
15792
7
9089
10132
10174
18016
18018
18032
18034
1
17466
1
17467
1
17468
3
8788
14523
17469
1
17470
7
9593
9494
9563
9521
9797
9936
11083
5
17427
16891
17472
12338
16895
1
17473
3
17474
13928
18745
11
17424
17051
17475
20433
16549
12911
14211
8504
16529
19742
20432
6
17476
16821
18998
16822
19913
19914
5
8922
10435
10522
11287
14452
4
15808
16884
17171
17478
9
11335
17479
12324
15429
9458
9453
17486
9365
9373
1
17480
1
17481
7
9593
9494
9563
9521
9797
9936
11083
14
17483
15429
9458
9453
17486
9365
9373
11335
17479
12324
17421
17477
18059
18057
3
17482
17485
17484
3
17482
17485
17484
6
15429
9458
9453
17486
9365
9373
5
8922
10435
10522
11287
14452
1
17488
7
9593
9494
9563
9521
9797
9936
11083
1
17490
3
17491
19699
19703
1
17492
1
17493
1
17494
1
17495
7
11712
17496
17413
17491
19699
19703
17502
7
9593
9494
9563
9521
9797
9936
11083
4
14980
17391
17498
19993
1
17499
1
17500
1
17501
1
17502
1
17503
1
17504
1
17505
1
17506
1
17507
1
17508
1
17509
7
17333
19971
19965
19968
17510
19964
19963
4
9544
14691
17511
17522
1
17512
1
17513
1
17514
1
17515
1
17516
1
17517
1
17518
1
17519
1
17520
1
17521
4
9544
14691
17511
17522
1
17523
8
9442
10138
10144
10524
10640
10070
10523
10531
4
10236
10252
17525
17526
4
10236
10252
17525
17526
1
17527
1
17528
1
17529
1
17530
1
17531
1
17532
1
17533
1
17534
1
17535
1
17536
1
17537
8
9442
10138
10144
10524
10640
10070
10523
10531
8
9442
10138
10144
10524
10640
10070
10523
10531
1
17540
1
17541
1
17542
7
14726
14730
17288
16932
17543
17546
13322
11
17544
17288
17546
13322
14562
17538
17539
17287
17562
13229
13231
8
9442
10138
10144
10524
10640
10070
10523
10531
11
17544
17288
17546
13322
14562
17538
17539
17287
17562
13229
13231
1
17547
4
17548
17549
10914
10938
7
14735
14738
17548
17549
10914
10938
13367
1
17550
1
17551
1
17552
1
17553
8
12794
15529
18872
8428
15570
17554
18098
20410
1
17555
1
17556
1
17557
1
17558
8
9442
10138
10144
10524
10640
10070
10523
10531
1
17560
1
17561
8
8407
17562
13229
13231
17287
17539
14562
17538
1
17563
1
17564
10
12789
12793
10524
9442
10138
10144
10640
10070
10523
10531
10
12151
12118
12271
12525
12991
12171
12528
17569
17566
17567
2
12528
17567
8
15653
17568
15269
8550
8563
15427
13950
15265
7
12118
12271
12525
12991
12171
12528
17569
1
17570
1
17571
1
17572
1
17573
1
17574
5
9407
10850
12350
12368
13386
1
17576
1
17577
1
17578
1
17579
1
17580
1
17581
11
9982
15405
15403
17981
17984
9771
9852
9876
17591
17975
17582
1
17583
1
17584
1
17585
1
17586
1
17587
4
8546
8548
11249
17588
1
17589
1
17590
5
9407
10850
12350
12368
13386
1
17592
1
17593
1
17594
1
17595
6
9259
13345
17596
20330
19362
19367
1
17597
1
17598
5
9407
10850
12350
12368
13386
5
9407
10850
12350
12368
13386
1
17601
1
17602
4
17603
17604
9121
10209
4
17603
17604
9121
10209
1
17605
1
17606
1
17607
1
17608
1
17609
1
17610
1
17611
5
9407
10850
12350
12368
13386
1
17613
1
17614
1
17615
1
17616
1
17617
1
17618
1
17619
1
17620
1
17621
1
17622
1
17623
1
17624
1
17625
4
17626
17629
9263
11915
5
9407
10850
12350
12368
13386
1
17628
4
17626
17629
9263
11915
1
17630
5
9380
9390
17921
9364
9388
1
17632
1
17633
1
17634
1
17635
1
17636
4
17637
18134
18135
18143
1
17638
1
17639
1
17640
7
9454
17641
11953
20413
13465
13250
16311
1
17642
1
17643
5
9380
9390
17921
9364
9388
1
17645
1
17646
1
17647
1
17648
2
17649
18194
1
17650
8
16571
16573
17651
12269
17653
17656
9197
12432
1
17652
4
17653
17656
9197
12432
1
17654
1
17655
11
12273
12401
14616
15793
18464
20437
18459
18460
14627
15126
15792
1
17657
12
12069
12165
18881
18883
18178
18882
18177
12318
18894
18896
12328
15595
1
17659
3
13178
17660
13108
7
13178
17660
13108
13100
13048
17661
12625
12
12069
12165
18881
18883
18178
18882
18177
12318
18894
18896
12328
15595
2
17663
15396
8
9146
9147
9446
9593
9494
9563
17664
9936
1
17665
12
8549
10345
20434
17463
19087
11275
14133
16865
11051
11160
9653
18973
1
17667
1
17668
1
17669
1
17670
1
17671
1
17672
1
17673
1
17674
1
17675
1
17676
1
17677
1
17678
1
17679
4
17680
17685
9685
13138
1
17681
4
14880
14882
17682
17684
1
17683
4
14880
14882
17682
17684
4
17680
17685
9685
13138
1
17686
1
17687
1
17688
1
17689
1
17690
1
17691
3
17692
13184
19973
1
17693
1
17694
1
17695
1
17696
15
19418
13577
13194
16047
10815
17699
19243
19249
9693
10813
16045
19245
17697
19416
18615
8
19243
19249
10815
17699
9693
10813
17698
19415
5
9380
9390
17921
9364
9388
1
17700
1
17701
1
17702
1
17703
1
17704
4
14899
14901
17705
17706
4
14899
14901
17705
17706
1
17707
1
17708
1
17709
1
17710
1
17711
1
17712
1
17713
1
17714
1
17715
1
17716
1
17717
2
17718
17726
1
17719
4
17720
17721
10830
12202
4
17720
17721
10830
12202
1
17722
1
17723
1
17724
1
17725
1
17726
1
17727
1
17728
1
17729
7
14556
20349
17730
17731
17729
17312
10799
9
17731
17730
17729
19288
19289
17626
17629
9263
11915
3
10041
17732
18569
7
10996
17733
11907
18570
17732
18569
10041
1
17734
1
17735
1
17736
5
9380
9390
17921
9364
9388
1
17738
1
17739
5
9380
9390
17921
9364
9388
1
17741
1
17742
1
17743
5
8333
17744
20004
20002
20393
4
13091
16333
17419
17745
5
8922
10435
10522
11287
14452
1
17747
1
17748
1
17749
1
17750
1
17751
1
17752
8
13091
16333
17419
17745
15900
13099
16141
17753
1
17754
1
17755
1
17756
2
17757
17326
12
12069
12165
18881
18883
18178
18882
18177
12318
18894
18896
12328
15595
1
17759
1
17760
2
17761
17760
4
17758
17762
8884
8886
1
17763
1
17764
1
17765
1
17766
1
17767
2
17768
10894
2
14517
17769
1
17770
1
17771
1
17772
1
17773
1
17774
1
17775
1
17776
1
17777
1
17778
1
17779
1
17780
1
17781
6
8653
17782
17948
17946
16203
8652
1
17783
1
17784
1
17785
1
17786
1
17787
1
17788
1
17789
4
17790
19464
9633
13222
1
17791
1
17792
2
17793
13221
6
11842
13222
17794
10845
13221
19490
1
17795
1
17796
1
17797
1
17798
1
17799
1
17800
1
17801
1
17802
1
17803
1
17804
1
17805
1
17806
1
17807
1
17808
1
17809
1
17810
1
17811
1
17812
1
17813
1
17814
1
17815
3
19313
11957
17816
2
17817
16619
1
17818
1
17819
1
17820
1
17821
1
17822
1
17823
1
17824
1
17825
1
17826
1
17827
4
17830
17828
17829
17831
4
17830
17828
17829
17831
2
17830
17828
5
8922
10435
10522
11287
14452
2
11719
17832
1
17833
1
17834
1
17835
1
17836
1
17837
1
17838
1
17839
2
17840
17841
2
17840
17841
2
17842
13616
1
17843
1
17844
1
17845
1
17846
1
17847
1
17848
1
17849
1
17850
1
17851
1
17852
1
17853
1
17854
1
17855
1
17856
1
17857
1
17858
1
17859
1
17860
1
17861
1
17862
1
17863
1
17864
6
17865
15149
10933
17866
10023
15147
5
9380
9390
17921
9364
9388
1
17867
1
17868
1
17869
1
17870
1
17871
1
17872
1
17873
1
17874
1
17875
1
17876
1
17877
1
17878
1
17879
1
17880
1
17881
4
17882
17884
11367
17259
1
17883
4
17882
17884
11367
17259
3
12914
17885
17888
1
17886
1
17887
5
9380
9390
17921
9364
9388
1
17889
1
17890
1
17891
1
17892
1
17893
1
17894
1
17895
1
17896
1
17897
1
17898
1
17899
14
17900
20112
20117
20118
20178
20177
20113
14675
8379
8382
19920
20455
8383
20452
1
17901
1
17902
1
17903
1
17904
1
17905
1
17906
1
17907
12
12069
12165
18881
18883
18178
18882
18177
12318
18894
18896
12328
15595
1
17909
1
17910
1
17911
1
17912
1
17913
1
17914
1
17915
9
11491
11527
12761
13174
11783
11757
11780
11212
17916
1
17917
5
8922
10435
10522
11287
14452
1
17919
1
17920
11
9369
13143
13399
16351
9209
15364
15366
9322
15367
8347
13401
1
17922
12
12069
12165
18881
18883
18178
18882
18177
12318
18894
18896
12328
15595
9
10494
10123
15415
9083
10435
8922
10522
11287
14452
1
17925
1
17926
1
17927
1
17928
1
17929
1
17930
1
17931
1
17932
1
17933
1
17934
1
17935
11
8347
9369
13143
13399
16351
9209
15364
15366
9322
15367
13401
11
17937
20066
8680
8681
17936
17942
12511
18730
15340
17938
17941
1
17938
1
17939
1
17940
1
17941
9
9369
13143
13399
16351
9209
15364
15366
9322
15367
3
17943
17942
12511
9
9369
13143
13399
16351
9209
15364
15366
9322
15367
1
17945
6
8653
17782
17948
17946
16203
8652
1
17947
1
17948
10
14640
17949
14675
8383
8384
19621
16882
17165
20452
20453
1
17950
9
9369
13143
13399
16351
9209
15364
15366
9322
15367
12
17952
20454
8383
8384
19621
16882
17165
20452
20453
16775
19928
19929
1
17953
1
17954
1
17955
1
17956
1
17957
1
17958
1
17959
1
17960
7
8622
17961
15781
15880
8629
15129
19267
7
11961
11955
12065
15045
17964
15256
17962
1
17963
4
11955
12065
15045
17964
1
17965
1
17966
1
17967
1
17968
1
17969
1
17970
1
17971
1
17972
1
17973
1
17974
9
9369
13143
13399
16351
9209
15364
15366
9322
15367
1
17976
1
17977
5
9363
10964
15349
18009
12256
1
17979
5
9363
10964
15349
18009
12256
5
9982
15405
15403
17981
17984
18
12183
12266
15123
15137
10323
11919
15105
17627
17983
17982
17985
9058
9385
11737
11738
11734
15312
9529
5
9363
10964
15349
18009
12256
5
9982
15405
15403
17981
17984
18
12183
12266
15123
15137
10323
11919
15105
17627
17983
17982
17985
9058
9385
11737
11738
11734
15312
9529
1
17986
1
17987
5
9363
10964
15349
18009
12256
1
17989
5
9363
10964
15349
18009
12256
8
17996
11307
17993
9278
17994
11306
17991
17992
1
17992
6
11307
17993
9278
17994
11306
17991
17
17489
17497
17545
18042
18043
11002
17740
17978
17980
9234
9272
11005
11165
11812
9278
17994
20328
1
17995
8
17996
11307
17993
9278
17994
11306
17991
17992
1
17997
9
11975
12298
9363
10964
15349
18009
12256
9607
9834
1
17999
8
9905
11811
18000
9234
9272
11005
11165
11812
1
18001
1
18002
1
18003
1
18004
1
18005
5
9363
10964
15349
18009
12256
2
11308
18007
1
18008
5
9337
9757
10042
10977
10980
8
8326
18010
8325
10294
15297
9384
11231
9034
10
9034
13398
18011
8326
18010
8325
10294
15297
9384
11231
1
18012
6
13355
13356
13378
13493
18013
18014
5
8710
16805
16804
8703
8701
1
18015
5
8710
16805
16804
8703
8701
1
18017
5
8710
16805
16804
8703
8701
1
18019
1
18020
1
18021
1
18022
1
18023
1
18024
1
18025
1
18026
1
18027
1
18028
1
18029
1
18030
1
18031
5
8710
16805
16804
8703
8701
8
10108
11075
18033
9416
10129
10667
10710
15119
10
18016
18018
18032
18034
9089
10132
10174
10156
10194
15380
4
10583
10777
18035
20443
1
18036
1
18037
1
18038
4
10158
10588
14560
18039
1
18040
1
18041
5
9337
9757
10042
10977
10980
12
8549
10345
20434
17463
19087
11275
14133
16865
11051
11160
9653
18973
1
18044
1
18045
1
18046
5
8710
16805
16804
8703
8701
1
18048
1
18049
1
18050
1
18051
1
18052
11
11491
11527
12761
13174
11783
11757
11780
11212
17916
18053
18055
1
18054
11
11491
11527
12761
13174
11783
11757
11780
11212
17916
18053
18055
1
18056
1
18057
1
18058
5
8710
16805
16804
8703
8701
1
18060
6
11946
13390
18062
18069
18689
18061
5
9337
9757
10042
10977
10980
1
18063
1
18064
1
18065
1
18066
1
18067
1
18068
5
9337
9757
10042
10977
10980
1
18070
1
18071
1
18072
1
18073
1
18074
1
18075
1
18076
1
18077
1
18078
1
18079
1
18080
1
18081
1
18082
1
18083
1
18084
1
18085
1
18086
1
18087
1
18088
1
18089
1
18090
9
15524
18091
15525
10787
12152
12563
14723
12565
11127
1
18092
1
18093
1
18094
1
18095
1
18096
1
18097
4
8428
15570
17554
18098
1
18099
1
18100
1
18101
1
18102
1
18103
1
18104
1
18105
1
18106
1
18107
5
9337
9757
10042
10977
10980
1
18109
1
18110
1
18111
1
18112
1
18113
1
18114
1
18115
1
18116
1
18117
1
18118
1
18119
1
18120
1
18121
1
18122
1
18123
1
18124
1
18125
1
18126
1
18127
1
18128
1
18129
1
18130
1
18131
1
18132
1
18133
6
17637
18134
18135
18143
18571
18573
4
17637
18134
18135
18143
1
18136
1
18137
1
18138
1
18139
1
18140
1
18141
1
18142
4
17637
18134
18135
18143
4
13164
18144
18577
19987
2
18145
18579
4
18146
18147
10942
10972
5
9337
9757
10042
10977
10980
1
18148
1
18149
1
18150
1
18151
1
18152
1
18153
1
18154
1
18155
1
18156
1
18157
4
17294
18158
18584
20187
1
18159
1
18160
1
18161
1
18162
1
18163
1
18164
6
16677
18165
18168
12796
19378
12798
1
18166
1
18167
3
18165
18168
12796
1
18169
1
18170
1
18171
1
18172
1
18173
1
18174
6
15591
20196
18175
18602
20194
14937
12
12069
12165
18881
18883
18178
18882
18177
12318
18894
18896
12328
15595
2
18177
12318
6
12069
12165
18881
18883
18178
18882
1
18179
5
9337
9757
10042
10977
10980
1
18181
1
18182
1
18183
1
18184
1
18185
1
18186
1
18187
5
8332
18294
18293
18188
13767
1
18189
6
18190
18293
8328
8330
8332
18294
1
18191
4
18192
19999
17317
20412
1
18193
2
17649
18194
1
18195
1
18196
1
18197
1
18198
7
18199
18221
12321
15694
18202
18204
18219
1
18200
1
18201
7
18199
18221
12321
15694
18202
18204
18219
5
9273
9753
10054
15307
15309
7
18199
18221
12321
15694
18202
18204
18219
1
18205
1
18206
1
18207
1
18208
1
18209
4
8510
15264
15280
18210
4
8508
15433
18211
20420
1
18212
11
9807
9810
9273
9762
9753
10054
15307
15309
9607
9834
9267
1
18214
1
18215
1
18216
1
18217
1
18218
7
18199
18221
12321
15694
18202
18204
18219
1
18220
4
18199
18221
12321
15694
3
17325
11695
18222
1
18223
7
18224
11007
11740
13555
13629
13570
18304
7
10089
11079
9273
9753
10054
15307
15309
1
18226
6
873
2814
7846
7847
874
1584
1
18228
4
18229
19398
19399
19404
1
18230
1
18231
6
873
2814
7846
7847
874
1584
1
18233
8
18234
18236
12268
12801
18225
19408
11706
12800
1
18235
8
18234
18236
12268
12801
18225
19408
11706
12800
1
18237
1
18238
1
18239
1
18240
1
18241
1
18242
1
18243
1
18244
1
18245
1
18246
1
18247
1
18248
1
18249
1
18250
1
18251
1
18252
10
12962
18253
9467
17305
18283
12957
12959
12972
17304
17306
7
18254
18307
9387
18308
9421
18253
9467
1
18255
1
18256
1
18257
1
18258
4
15660
15661
18259
18260
4
15660
15661
18259
18260
2
9387
18261
1
18262
3
17233
17334
18263
1
18264
1
18265
1
18266
1
18267
2
18268
18270
1
18269
4
18270
18271
18274
18277
4
18270
18271
18274
18277
1
18272
1
18273
4
18270
18271
18274
18277
1
18275
1
18276
4
18270
18271
18274
18277
1
18278
1
18279
1
18280
1
18281
1
18282
10
12962
18253
9467
17305
18283
12957
12959
12972
17304
17306
1
18284
1
18285
1
18286
1
18287
1
18288
1
18289
1
18290
1
18291
3
8446
8447
18292
6
18190
18293
8328
8330
8332
18294
5
8328
8330
8332
18294
18293
1
18295
1
18296
1
18297
1
18298
1
18299
5
9273
9753
10054
15307
15309
1
18301
1
18302
5
14440
10180
10185
18303
20047
5
11740
13555
13629
13570
18304
1
18305
1
18306
7
18254
18307
9387
18308
9421
18253
9467
4
9387
18308
9421
18253
1
18309
1
18310
1
18311
1
18312
1
18313
7
10089
11079
9273
9753
10054
15307
15309
1
18315
1
18316
1
18317
1
18318
1
18319
1
18320
5
9273
9753
10054
15307
15309
1
18322
1
18323
1
18324
1
18325
1
18326
1
18327
1
18328
1
18329
1
18330
1
18331
1
18332
1
18333
1
18334
12
15108
15109
18335
18345
20313
18346
20217
20221
20318
18343
18344
20312
1
18336
1
18337
1
18338
1
18339
1
18340
1
18341
1
18342
4
18343
18344
18345
20312
4
18343
18344
18345
20312
4
18343
18344
18345
20312
9
15108
15109
18335
18345
20313
18346
20217
20221
20318
1
18347
1
18348
1
18349
1
18350
3
18351
12402
12403
1
18352
1
18353
1
18354
1
18355
1
18356
1
18357
1
18358
1
18359
2
18360
12392
1
18361
8
18362
18366
18674
18365
20396
13751
19310
19307
1
18363
1
18364
8
18362
18366
18674
18365
20396
13751
19310
19307
1
18366
8
18367
18682
18685
9220
9232
9264
18902
18903
1
18368
1
18369
1
18370
1
18371
1
18372
1
18373
2
18374
15887
1
18375
4
17240
18376
9690
12825
1
18377
4
18378
18382
18385
18387
1
18379
6
18380
17240
18376
9690
12825
16074
1
18381
4
18378
18382
18385
18387
4
15886
18383
18395
18384
2
18384
15886
4
18378
18382
18385
18387
1
18386
4
18378
18382
18385
18387
1
18388
1
18389
1
18390
1
18391
1
18392
1
18393
1
18394
4
15886
18383
18395
18384
2
20386
18396
1
18397
1
18398
1
18399
1
18400
1
18401
1
18402
6
17337
18403
18419
12832
18416
17329
1
18404
1
18405
1
18406
1
18407
1
18408
1
18409
1
18410
1
18411
1
18412
1
18413
1
18414
1
18415
6
17337
18403
18419
12832
18416
17329
1
18417
1
18418
3
18403
18419
12832
5
18420
18421
18424
18708
18429
5
18420
18421
18424
18708
18429
3
18422
18945
13478
1
18423
5
18420
18421
18424
18708
18429
1
18425
1
18426
1
18427
1
18428
5
18420
18421
18424
18708
18429
1
18430
1
18431
1
18432
1
18433
1
18434
1
18435
1
18436
1
18437
1
18438
7
18439
18441
18450
18453
13480
14549
13414
1
18440
7
18439
18441
18450
18453
13480
14549
13414
1
18442
1
18443
1
18444
1
18445
1
18446
1
18447
1
18448
1
18449
4
18450
18453
13480
14549
1
18451
1
18452
7
18439
18441
18450
18453
13480
14549
13414
1
18454
7
9266
9888
9272
9543
9297
10394
18555
5
18455
20210
20212
17234
18456
1
18457
2
17390
18458
4
18459
18460
18464
20437
4
18459
18460
18464
20437
1
18461
8
8351
8353
15037
18462
18649
18651
17350
18648
1
18463
6
18464
20437
18459
18460
14627
15126
1
18465
1
18466
6
18467
18470
18680
18681
18468
18469
6
18467
18470
18680
18681
18468
18469
6
18467
18470
18680
18681
18468
18469
4
18467
18470
18680
18681
1
18471
1
18472
1
18473
2
18474
13485
1
18475
5
8544
17256
18476
11319
20074
1
18477
14
12653
18478
18771
9712
12846
18778
18779
8543
12867
12903
15905
18775
13880
13973
1
18479
3
17399
18480
18479
2
18481
12900
1
18482
1
18483
1
18484
3
11125
12893
18485
4
8416
8418
18486
18487
4
8416
8418
18486
18487
7
9266
9888
9272
9543
9297
10394
18555
1
18489
7
9266
9888
9272
9543
9297
10394
18555
1
18491
14
15907
18492
19626
12517
16232
16231
19340
18493
19336
16236
13462
19624
12473
19625
1
18493
1
18494
1
18495
1
18496
1
18497
1
18498
1
18499
1
18500
1
18501
1
18502
4
18503
18505
11484
13824
1
18504
4
18503
18505
11484
13824
1
18506
1
18507
1
18508
1
18509
1
18510
1
18511
1
18512
1
18513
1
18514
1
18515
1
18516
1
18517
1
18518
1
18519
1
18520
1
18521
8
15368
15370
15373
18522
8409
17113
17117
18524
7
9266
9888
9272
9543
9297
10394
18555
8
15368
15370
15373
18522
8409
17113
17117
18524
1
18525
1
18526
1
18527
1
18528
4
16354
16953
18529
18530
4
16354
16953
18529
18530
1
18531
7
9266
9888
9272
9543
9297
10394
18555
1
18533
1
18534
1
18535
1
18536
7
9266
9888
9272
9543
9297
10394
18555
1
18538
1
18539
1
18540
1
18541
1
18542
1
18543
1
18544
1
18545
1
18546
1
18547
1
18548
1
18549
1
18550
1
18551
4
16025
13169
17309
18552
3
11048
18553
10930
1
18554
8
9905
11811
18000
9234
9272
11005
11165
11812
1
18556
2
18557
20384
1
18558
1
18559
1
18560
1
18561
1
18562
1
18563
1
18564
1
18565
1
18566
5
9234
9272
11005
11165
11812
1
18568
1
18569
7
10996
17733
11907
18570
17732
18569
10041
6
17637
18134
18135
18143
18571
18573
3
17308
18572
18579
13
12434
16380
19003
12926
12438
19938
19004
12064
14963
15397
14914
16381
14832
1
18574
1
18575
1
18576
4
13164
18144
18577
19987
1
18578
2
18145
18579
1
18580
1
18581
1
18582
1
18583
7
15461
17293
17294
18158
18584
20187
19321
1
18585
1
18586
12
9826
10949
10932
10989
11010
11013
18587
9909
11012
18588
18591
11476
7
11010
11013
18587
9909
11012
18588
18591
1
18589
1
18590
4
9909
11012
18588
18591
1
18592
1
18593
1
18594
1
18595
1
18596
8
18597
18600
20196
18175
18602
20194
14937
15591
11
12064
14963
15397
14914
16381
19003
12926
12438
19938
19004
14832
1
18599
8
18597
18600
20196
18175
18602
20194
14937
15591
1
18601
3
18602
20194
14937
1
18603
1
18604
1
18605
1
18606
1
18607
1
18608
1
18609
1
18610
1
18611
1
18612
3
18300
18213
18613
1
18614
2
13193
18615
10
8386
10519
17223
18616
18617
19135
18871
11715
18646
8389
6
10519
17223
18616
18617
19135
18871
1
18618
1
18619
1
18620
1
18621
7
18622
17720
17721
10830
12202
10837
18624
1
18623
1
18624
1
18625
5
9234
9272
11005
11165
11812
1
18627
1
18628
1
18629
1
18630
1
18631
1
18632
1
18633
1
18634
1
18635
1
18636
1
18637
1
18638
1
18639
1
18640
1
18641
1
18642
1
18643
1
18644
1
18645
8
10519
17223
18616
18617
19135
18871
18646
8389
1
18647
8
8351
8353
15037
18462
18649
18651
17350
18648
8
8351
8353
15037
18462
18649
18651
17350
18648
1
18650
5
9234
9272
11005
11165
11812
1
18652
1
18653
1
18654
1
18655
5
17349
18656
20337
15046
15014
1
18657
1
18658
1
18659
1
18660
1
18661
1
18662
1
18663
1
18664
1
18665
1
18666
1
18667
1
18668
1
18669
1
18670
1
18671
1
18672
1
18673
3
18366
18674
18365
1
18675
1
18676
1
18677
1
18678
3
20359
16078
18679
4
18467
18470
18680
18681
4
18467
18470
18680
18681
1
18682
1
18683
1
18684
1
18685
1
18686
11
11946
13390
18062
18069
18689
18687
18688
11238
11326
13388
13389
11
11946
13390
18062
18069
18689
18687
18688
11238
11326
13388
13389
5
9234
9272
11005
11165
11812
1
18690
1
18691
1
18692
1
18693
1
18694
1
18695
6
13569
15063
18696
20359
16078
18679
5
9220
9232
9264
18902
18903
1
18698
2
9760
18699
1
18700
8
18367
18682
18685
9220
9232
9264
18902
18903
1
18702
1
18703
1
18704
5
17385
18705
18697
18701
17840
1
18706
1
18707
1
18708
1
18709
1
18710
1
18711
4
18712
11643
13475
18710
1
18713
1
18714
1
18715
1
18716
1
18717
1
18718
1
18719
1
18720
1
18721
6
873
2814
7846
7847
874
1584
1
18723
1
18724
6
873
2814
7846
7847
874
1584
6
873
2814
7846
7847
874
1584
1
18727
1
18728
1
18729
5
9220
9232
9264
18902
18903
1
18731
11
16022
18732
13992
14726
14730
17288
18734
13229
13231
17287
17539
1
18733
9
13992
14726
14730
17288
18734
13229
13231
17287
17539
1
18735
2
18736
12558
1
18737
1
18738
1
18739
1
18740
1
18741
1
18742
1
18743
1
18744
3
18745
16543
12564
5
9220
9232
9264
18902
18903
1
18747
1
18748
10
18749
12569
12570
16546
16825
16826
16827
14215
15417
18750
10
18901
18905
20359
16078
18679
9220
9232
9264
18902
18903
1
18751
1
18752
1
18753
1
18754
1
18755
1
18756
1
18757
5
9220
9232
9264
18902
18903
1
18759
1
18760
1
18761
4
18762
20295
11399
20292
1
18763
1
18764
2
18765
20162
5
18766
10184
18769
12512
8916
1
18767
1
18768
5
18766
10184
18769
12512
8916
1
18770
14
12653
18478
18771
9712
12846
18778
18779
8543
12867
12903
15905
18775
13880
13973
1
18772
1
18773
1
18774
11
9712
12846
18778
18779
8543
12867
12903
15905
18775
13880
13973
1
18776
1
18777
7
12846
18778
18779
8543
12867
12903
15905
7
12846
18778
18779
8543
12867
12903
15905
1
18780
4
16137
16243
18781
18784
1
18782
6
873
2814
7846
7847
874
1584
4
16137
16243
18781
18784
8
18785
17231
12495
13889
8890
17524
8792
12510
1
18786
1
18787
1
18788
1
18789
1
18790
1
18791
5
9209
15364
15366
9322
15367
1
18793
6
18794
11779
14009
14513
12498
18841
1
18795
1
18796
1
18797
1
18798
1
18799
1
18800
1
18801
1
18802
4
18803
18805
13858
14021
1
18804
4
18803
18805
13858
14021
11
8347
9369
13143
13399
16351
9209
15364
15366
9322
15367
13401
1
18807
1
18808
1
18809
1
18810
1
18811
1
18812
1
18813
11
9369
13143
13399
16351
9209
15364
15366
9322
15367
8347
13401
1
18815
1
18816
1
18817
1
18818
1
18819
1
18820
1
18821
1
18822
1
18823
1
18824
1
18825
1
18826
1
18827
1
18828
1
18829
1
18830
1
18831
1
18832
1
18833
1
18834
4
18835
18837
18843
18844
1
18836
4
18835
18837
18843
18844
1
18838
1
18839
1
18840
2
12498
18841
1
18842
4
18835
18837
18843
18844
4
18835
18837
18843
18844
1
18845
3
16202
18846
18847
3
16202
18846
18847
1
18848
1
18849
1
18850
4
17417
17418
18851
20382
1
18852
1
18853
1
18854
1
18855
1
18856
1
18857
1
18858
1
18859
5
18860
18862
11583
11374
11509
1
18861
8
18860
18862
11583
16374
16965
18863
19002
19006
11
9369
13143
13399
16351
9209
15364
15366
9322
15367
8347
13401
3
18860
18864
16736
3
20392
18865
20375
1
18866
1
18867
4
11584
13076
16565
18868
1
18869
8
8402
8410
13008
17559
17565
17575
19360
18870
6
10519
17223
18616
18617
19135
18871
9
12794
15529
18872
20410
17282
14723
12565
11127
15525
1
18873
5
18537
18874
19007
12773
17213
1
18875
1
18876
1
18877
1
18878
4
14750
16485
16486
18879
1
18880
4
12069
12165
18881
18883
6
9194
17438
17089
17439
20102
20106
4
12069
12165
18881
18883
1
18884
1
18885
1
18886
1
18887
1
18888
1
18889
1
18890
1
18891
1
18892
1
18893
4
18894
18896
12328
15595
1
18895
4
18894
18896
12328
15595
1
18897
1
18898
1
18899
1
18900
10
18901
18905
20359
16078
18679
9220
9232
9264
18902
18903
6
9194
17438
17089
17439
20102
20106
6
9194
17438
17089
17439
20102
20106
1
18904
10
18901
18905
20359
16078
18679
9220
9232
9264
18902
18903
1
18906
1
18907
1
18908
1
18909
1
18910
1
18911
10
5363
5364
2112
4863
2306
4041
4797
7064
7063
8089
1
18913
1
18914
1
18915
1
18916
1
18917
1
18918
1
18919
1
18920
1
18921
1
18922
1
18923
1
18924
1
18925
1
18926
1
18927
1
18928
1
18929
1
18930
1
18931
1
18932
1
18933
1
18934
1
18935
1
18936
1
18937
1
18938
1
18939
1
18940
4
18941
18942
14831
15990
7
14740
14814
18941
18942
14831
15990
14797
1
18943
1
18944
2
18945
13478
4
18946
13478
17387
18945
1
18947
1
18948
1
18949
10
7064
5363
5364
2112
4863
2306
4041
4797
7063
8089
10
5363
5364
2112
4863
2306
4041
4797
7064
7063
8089
1
18952
2
18953
17389
6
10308
18954
11336
12492
16683
19342
1
18955
6
9194
17438
17089
17439
20102
20106
4
11354
15922
16326
18957
1
18958
10
13091
16333
17419
17745
18959
12586
12888
20388
18961
16332
1
18960
1
18961
6
9194
17438
17089
17439
20102
20106
6
18963
13101
16332
16334
18962
20388
1
18964
1
18965
1
18966
1
18967
1
18968
1
18969
1
18970
2
13912
18971
1
18972
1
18973
1
18974
1
18975
4
18976
18978
12446
13554
1
18977
4
18976
18978
12446
13554
3
8726
8735
18979
1
18980
1
18981
1
18982
1
18983
1
18984
11
12064
14963
15397
14914
16381
19003
12926
12438
19938
19004
14832
11
12064
14963
15397
14914
16381
19003
12926
12438
19938
19004
14832
1
18987
4
18988
18989
11671
13263
4
18988
18989
11671
13263
1
18990
1
18991
1
18992
3
17155
12624
18993
1
18994
1
18995
1
18996
1
18997
11
12862
16824
16822
17476
16821
18998
18999
19000
17156
19913
19914
11
12862
16824
16822
17476
16821
18998
18999
19000
17156
19913
19914
4
18999
19000
16824
17156
4
11509
12926
19001
19004
6
9194
17438
17089
17439
20102
20106
5
19003
12926
12438
19938
19004
11
12064
14963
15397
14914
16381
19003
12926
12438
19938
19004
14832
1
19005
7
9132
9451
9971
10248
9542
10529
10530
1
19007
4
14341
16384
19008
19639
1
19009
1
19010
1
19011
4
19012
19013
19019
19020
4
19012
19013
19019
19020
2
16028
19014
7
9132
9451
9971
10248
9542
10529
10530
1
19016
1
19017
2
12879
19018
4
19012
19013
19019
19020
4
19012
19013
19019
19020
1
19021
1
19022
1
19023
1
19024
1
19025
1
19026
1
19027
1
19028
1
19029
1
19030
5
13902
19031
11836
11805
19035
4
19032
19033
19036
19037
4
19032
19033
19036
19037
1
19034
7
9132
9451
9971
10248
9542
10529
10530
4
19032
19033
19036
19037
4
19032
19033
19036
19037
1
19038
1
19039
1
19040
1
19041
1
19042
1
19043
1
19044
1
19045
1
19046
1
19047
1
19048
1
19049
1
19050
10
7064
5363
5364
2112
4863
2306
4041
4797
7063
8089
11
14963
15397
14914
12064
16381
19003
12926
12438
19938
19004
14832
1
19053
2
19054
19058
7
9132
9451
9971
10248
9542
10529
10530
4
16446
16447
19056
19057
4
16446
16447
19056
19057
10
7064
5363
5364
2112
4863
2306
4041
4797
7063
8089
1
19059
1
19060
1
19061
1
19062
1
19063
1
19064
1
19065
5
5417
6148
6240
6251
6957
10
9014
19067
9005
11142
13996
19085
19086
16457
19153
19152
1
19068
1
19069
1
19070
1
19071
1
19072
13
14400
19073
19085
19086
16457
19153
19152
12912
10840
10811
16027
16029
16516
17
19074
14400
19073
19085
19086
16457
19153
19152
12912
10840
10811
16027
16029
16516
9005
11142
13996
4
19075
19077
9653
18973
1
19076
4
19075
19077
9653
18973
3
12851
18974
19078
1
19079
1
19080
1
19081
1
19082
1
19083
1
19084
5
19085
19086
16457
19153
19152
17
19074
14400
19073
19085
19086
16457
19153
19152
12912
10840
10811
16027
16029
16516
9005
11142
13996
3
20434
17463
19087
4
19088
8308
14534
19121
1
19089
1
19090
1
19091
1
19092
1
19093
1
19094
1
19095
1
19096
1
19097
1
19098
4
9629
16554
19099
19815
1
19100
1
19101
1
19102
1
19103
1
19104
1
19105
1
19106
1
19107
1
19108
1
19109
7
19110
19121
19088
8308
14534
14156
19122
1
19111
4
14128
14555
19112
19114
1
19113
4
14128
14555
19112
19114
1
19115
4
19116
19114
14555
16361
1
19117
1
19118
1
19119
1
19120
4
19088
8308
14534
19121
7
19110
19121
19088
8308
14534
14156
19122
1
19123
1
19124
1
19125
1
19126
1
19127
1
19128
1
19129
1
19130
4
19131
19148
19167
20276
1
19132
1
19133
7
16397
19134
19131
19148
19167
20276
19168
12
9950
10188
9132
9451
9971
10248
9990
9996
10186
9542
10529
10530
1
19136
7
8819
9148
9181
19171
19174
19137
19140
1
19138
1
19139
7
8819
9148
9181
19171
19174
19137
19140
1
19141
1
19142
1
19143
1
19144
1
19145
1
19146
1
19147
4
19131
19148
19167
20276
1
19149
7
9058
9385
11737
11738
11734
15312
9529
1
19151
18
12183
12266
15123
15137
10323
11919
15105
17627
17983
17982
17985
9058
9385
11737
11738
11734
15312
9529
8
19085
19086
16457
19153
19152
9005
11142
13996
7
9058
9385
11737
11738
11734
15312
9529
1
19155
1
19156
1
19157
1
19158
1
19159
1
19160
1
19161
1
19162
1
19163
1
19164
1
19165
1
19166
7
16397
19134
19131
19148
19167
20276
19168
7
16397
19134
19131
19148
19167
20276
19168
1
19169
1
19170
4
9148
9181
19171
19174
1
19172
1
19173
4
9148
9181
19171
19174
1
19175
1
19176
1
19177
1
19178
1
19179
1
19180
1
19181
1
19182
1
19183
3
8939
12932
19184
4
8947
19052
19185
19190
7
9058
9385
11737
11738
11734
15312
9529
1
19187
1
19188
1
19189
4
8947
19052
19185
19190
1
19191
7
9058
9385
11737
11738
11734
15312
9529
7
9058
9385
11737
11738
11734
15312
9529
1
19194
1
19195
1
19196
1
19197
1
19198
1
19199
1
19200
1
19201
1
19202
1
19203
1
19204
1
19205
1
19206
1
19207
1
19208
1
19209
1
19210
1
19211
3
19212
19213
20407
3
19212
19213
20407
1
19214
1
19215
1
19216
1
19217
6
9050
9795
9340
9258
17918
11112
9
19219
20392
18865
20375
16557
19218
19223
12907
18867
1
19220
1
19221
1
19222
6
9050
9795
9340
9258
17918
11112
1
19224
1
19225
1
19226
1
19227
1
19228
1
19229
1
19230
1
19231
2
11821
19232
1
19233
1
19234
1
19235
1
19236
4
14576
15580
19237
19322
2
10999
19238
2
19239
12283
1
19240
1
19241
1
19242
6
9050
9795
9340
9258
17918
11112
2
19244
19248
13
19418
13577
13194
16047
10815
17699
19243
19249
9693
10813
16045
19245
17326
1
19246
1
19247
2
19244
19248
6
9050
9795
9340
9258
17918
11112
1
19250
2
19251
12201
1
19252
2
19253
16607
1
19254
1
19255
1
19256
5
10372
10374
19258
11857
19257
2
10374
19258
1
19259
1
19260
6
9050
9795
9340
9258
17918
11112
1
19262
1
19263
1
19264
1
19265
1
19266
2
19267
19270
1
19268
1
19269
1
19270
1
19271
1
19272
1
19273
1
19274
1
19275
1
19276
1
19277
1
19278
5
5417
6148
6240
6251
6957
1
19280
5
5417
6148
6240
6251
6957
1
19282
1
19283
4
19284
19285
19286
19287
4
8572
8750
19285
19286
4
8572
8750
19285
19286
1
19287
9
17731
17730
17729
19288
19289
17626
17629
9263
11915
25
11411
9032
11367
11819
12002
13264
13267
13270
16963
17259
15205
11729
12763
15203
12044
10880
12032
13287
15361
15362
13294
8518
8519
8524
8528
1
19290
14
11729
12763
15203
12044
10880
12032
13287
15361
15362
13294
8518
8519
8524
8528
14
11729
12763
15203
12044
10880
12032
13287
15361
15362
13294
8518
8519
8524
8528
1
19293
1
19294
1
19295
1
19296
1
19297
1
19298
1
19299
1
19300
1
19301
1
19302
2
19303
8355
1
19304
1
19305
1
19306
1
19307
1
19308
1
19309
8
18362
18366
18674
18365
20396
13751
19310
19307
1
19311
1
19312
6
9050
9795
9340
9258
17918
11112
1
19314
4
19315
12826
12828
19314
1
19316
1
19317
1
19318
1
19319
1
19320
7
15461
17293
17294
18158
18584
20187
19321
4
14576
15580
19237
19322
1
19323
1
19324
1
19325
1
19326
1
19327
1
19328
1
19329
1
19330
1
19331
3
19332
19333
19334
1
19333
1
19334
1
19335
14
11729
12763
15203
12044
10880
12032
13287
15361
15362
13294
8518
8519
8524
8528
1
19337
1
19338
1
19339
4
16231
19340
18493
19336
1
19341
2
16683
19342
1
19343
1
19344
1
19345
1
19346
1
19347
1
19348
6
12589
11304
19349
19351
20445
20446
7
10908
11304
19349
19351
20445
12907
19350
5
20446
11304
19349
19351
20445
1
19352
2
19351
19353
1
19354
1
19355
1
19356
1
19357
1
19358
1
19359
5
5417
6148
6240
6251
6957
1
19361
4
19362
19367
9259
13345
1
19363
1
19364
1
19365
1
19366
4
19362
19367
9259
13345
2
19368
20332
1
19369
1
19370
1
19371
1
19372
1
19373
1
19374
1
19375
1
19376
1
19377
6
16677
18165
18168
12796
19378
12798
1
19379
1
19380
1
19381
6
9984
11910
16678
13109
19382
19385
1
19383
1
19384
6
9984
11910
16678
13109
19382
19385
1
19386
1
19387
1
19388
1
19389
1
19390
1
19391
1
19392
1
19393
1
19394
1
19395
1
19396
1
19397
4
18229
19398
19399
19404
4
18229
19398
19399
19404
1
19400
1
19401
1
19402
1
19403
4
18229
19398
19399
19404
1
19405
1
19406
1
19407
10
9014
19067
9005
11142
13996
19085
19086
16457
19153
19152
1
19409
1
19410
1
19411
1
19412
1
19413
1
19414
8
19243
19249
10815
17699
9693
10813
17698
19415
15
19418
13577
13194
16047
10815
17699
19243
19249
9693
10813
16045
19245
17697
19416
18615
1
19417
14
11729
12763
15203
12044
10880
12032
13287
15361
15362
13294
8518
8519
8524
8528
1
19419
1
19420
1
19421
4
13145
14906
19422
19424
1
19423
4
13145
14906
19422
19424
1
19425
1
19426
2
19427
16709
1
19428
1
19429
1
19430
1
19431
1
19432
1
19433
1
19434
1
19435
6
14969
12084
13650
16048
19436
19437
6
14969
12084
13650
16048
19436
19437
1
19438
1
19439
1
19440
4
13747
13749
19441
19443
1
19442
4
13747
13749
19441
19443
4
8318
8320
19444
19488
1
19445
1
19446
1
19447
2
20399
19448
1
19449
1
19450
1
19451
1
19452
1
19453
1
19454
1
19455
1
19456
1
19457
1
19458
1
19459
1
19460
1
19461
1
19462
1
19463
4
17790
19464
9633
13222
1
19465
1
19466
1
19467
1
19468
1
19469
1
19470
1
19471
1
19472
1
19473
1
19474
1
19475
1
19476
1
19477
1
19478
1
19479
1
19480
1
19481
1
19482
1
19483
1
19484
1
19485
1
19486
5
19487
13747
13749
19441
19443
4
8318
8320
19444
19488
2
19489
19490
3
10845
13221
19490
5
11068
10862
10950
19491
19492
8
9005
11142
13996
19085
19086
16457
19153
19152
1
19493
5
12838
15138
19494
16080
19493
1
19495
1
19496
1
19497
1
19498
5
5417
6148
6240
6251
6957
5
8458
11462
19500
16012
8456
8
11462
19500
16012
14909
19501
11481
11483
11482
1
19502
10
16012
11462
19500
16017
19503
14909
19501
11481
11483
11482
1
19504
1
19505
1
19506
1
19507
1
19508
1
19509
1
19510
1
19511
1
19512
1
19513
1
19514
1
19515
1
19516
1
19517
1
19518
1
19519
1
19520
1
19521
1
19522
3
19523
19525
17256
1
19524
3
19523
19525
17256
1
19526
1
19527
1
19528
5
5417
6148
6240
6251
6957
1
19530
1
19531
1
19532
1
19533
1
19534
1
19535
1
19536
7
16646
12659
12790
19537
19539
19541
19543
1
19538
4
12659
12790
19537
19539
4
11807
12894
14722
19540
7
16646
12659
12790
19537
19539
19541
19543
1
19542
7
16646
12659
12790
19537
19539
19541
19543
1
19544
14
11729
12763
15203
12044
10880
12032
13287
15361
15362
13294
8518
8519
8524
8528
9
16256
19546
11992
16257
16260
8715
16252
16258
19545
1
19547
1
19548
8
9005
11142
13996
19085
19086
16457
19153
19152
4
12036
15148
19549
19550
9
11238
11326
13388
13389
11946
13390
18062
18069
18689
1
19552
1
19553
1
19554
1
19555
1
19556
1
19557
1
19558
4
19559
19560
16793
16797
7
16802
12897
12602
19559
19560
16793
16797
1
19561
1
19562
1
19563
1
19564
1
19565
1
19566
1
19567
1
19568
8
19085
19086
16457
19153
19152
9005
11142
13996
1
19570
1
19571
1
19572
1
19573
1
19574
1
19575
4
19576
19582
19785
19792
1
19577
1
19578
1
19579
1
19580
1
19581
4
19576
19582
19785
19792
1
19583
1
19584
1
19585
1
19586
1
19587
1
19588
1
19589
9
11436
11611
12858
8986
17459
12831
12836
15974
18523
6
8986
17459
12831
12836
15974
18523
1
19592
4
19593
19594
16814
19116
4
19593
19594
16814
19116
4
19595
19818
11368
19816
1
19596
4
19597
19598
16558
19354
4
19597
19598
16558
19354
1
19599
1
19600
1
19601
1
19602
1
19603
4
19604
19606
16640
16964
1
19605
4
19604
19606
16640
16964
1
19607
1
19608
7
19609
19613
18983
20430
19610
12861
19885
3
12861
19610
19885
1
19611
4
19612
19887
19895
19899
4
19609
19613
18983
20430
6
8986
17459
12831
12836
15974
18523
1
19615
1
19616
1
19617
1
19618
1
19619
1
19620
6
16881
8383
8384
19621
19918
20303
1
19622
6
8986
17459
12831
12836
15974
18523
14
15907
18492
19626
12517
16232
16231
19340
18493
19336
16236
13462
19624
12473
19625
7
12473
13795
19625
12451
12618
19628
19629
6
8986
17459
12831
12836
15974
18523
1
19627
7
12473
13795
19625
12451
12618
19628
19629
4
12451
12618
19628
19629
1
19630
1
19631
1
19632
1
19633
1
19634
1
19635
1
19636
9
11238
11326
13388
13389
11946
13390
18062
18069
18689
12
8549
10345
20434
17463
19087
11275
14133
16865
11051
11160
9653
18973
4
14341
16384
19008
19639
6
12337
14527
12870
19640
19641
15857
12
8549
10345
20434
17463
19087
11275
14133
16865
11051
11160
9653
18973
1
19642
1
19643
2
19644
15501
1
19645
1
19646
1
19647
1
19648
1
19649
1
19650
1
19651
1
19652
1
19653
1
19654
1
19655
4
16917
19051
19656
19739
1
19657
1
19658
1
19659
1
19660
1
19661
1
19662
1
19663
1
19664
1
19665
6
8986
17459
12831
12836
15974
18523
1
19667
1
19668
1
19669
1
19670
1
19671
1
19672
1
19673
12
8890
17524
12495
8792
12510
20111
20232
20237
10184
18769
12512
17262
1
19675
1
19676
1
19677
4
10341
16672
17008
19678
8
10319
10181
11733
15228
16268
17013
19679
20029
5
8890
17524
12495
8792
12510
1
19681
7
19682
8518
8519
8524
8528
16669
16671
4
19683
19686
19688
19692
1
19684
1
19685
4
19683
19686
19688
19692
1
19687
4
19683
19686
19688
19692
1
19689
1
19690
1
19691
4
19683
19686
19688
19692
1
19693
4
19694
19698
11296
18956
1
19695
1
19696
1
19697
4
19694
19698
11296
18956
3
17491
19699
19703
1
19700
9
8294
19701
19951
8292
11482
12943
16902
17482
17485
1
19702
18
12512
13882
17373
18783
8792
20111
20232
20237
10184
18769
17262
8890
17524
12495
12510
18785
17231
13889
1
19704
1
19705
1
19706
2
8422
19707
1
19708
1
19709
1
19710
1
19711
1
19712
1
19713
1
19714
4
19715
19716
13980
14634
4
19715
19716
13980
14634
1
19717
1
19718
1
19719
1
19720
1
19721
1
19722
1
19723
1
19724
1
19725
1
19726
1
19727
4
16764
19728
16765
18853
11
16549
16540
19731
17164
8580
8582
19729
19730
8584
8587
16768
4
8580
8582
19729
19730
10
8587
19731
20433
16540
8580
8582
19729
19730
8584
16768
1
19732
1
19733
1
19734
1
19735
1
19736
1
19737
5
8890
17524
12495
8792
12510
7
17426
14372
18736
16917
19051
19656
19739
1
19740
1
19741
8
18785
17231
12495
13889
8890
17524
8792
12510
1
19743
1
19744
5
8890
17524
12495
8792
12510
1
19746
1
19747
1
19748
1
19749
1
19750
1
19751
1
19752
1
19753
1
19754
1
19755
1
19756
1
19757
1
19758
1
19759
16
16856
19760
16915
17425
19738
14150
20428
16855
19761
11533
17424
17051
17475
20433
17908
17923
14
16915
17425
19738
14150
20428
16855
19761
11533
17424
17051
17475
20433
17908
17923
1
19762
1
19763
1
19764
1
19765
1
19766
1
19767
1
19768
1
19769
2
14645
19770
6
8889
13556
13571
13572
15649
17210
1
19772
1
19773
5
9031
11663
14646
19774
19775
5
9031
11663
14646
19774
19775
4
16793
19776
11663
19775
1
19777
1
19778
1
19779
1
19780
1
19781
1
19782
4
8535
19783
8538
17083
1
19784
4
19785
19792
19576
19582
1
19786
1
19787
1
19788
1
19789
1
19790
1
19791
4
19785
19792
19576
19582
1
19793
1
19794
1
19795
1
19796
1
19797
6
8834
19798
19803
19804
16781
16782
1
19799
1
19800
1
19801
1
19802
4
19803
19804
16781
16782
9
11238
11326
13388
13389
11946
13390
18062
18069
18689
1
19805
1
19806
1
19807
1
19808
1
19809
1
19810
1
19811
1
19812
1
19813
1
19814
4
9629
16554
19099
19815
1
19816
1
19817
5
19595
19818
11368
19816
11544
4
11681
16125
19819
19821
1
19820
4
11681
16125
19819
19821
4
16840
16841
19834
19822
1
19823
1
19824
1
19825
1
19826
1
19827
1
19828
1
19829
1
19830
1
19831
1
19832
1
19833
4
16840
16841
19834
19822
1
19835
1
19836
7
19837
14538
16391
16840
16841
19834
19822
1
19838
1
19839
1
19840
1
19841
1
19842
1
19843
1
19844
1
19845
1
19846
1
19847
1
19848
1
19849
1
19850
1
19851
1
19852
13
10505
10490
13119
13121
13396
8887
13392
8889
13556
13571
13572
15649
17210
12
13629
13570
18304
13632
15682
13633
8889
13556
13571
13572
15649
17210
1
19855
1
19856
1
19857
1
19858
1
19859
1
19860
1
19861
1
19862
1
19863
1
19864
1
19865
4
8787
19866
20280
20284
4
19867
19869
19873
19876
1
19868
9
11238
11326
13388
13389
11946
13390
18062
18069
18689
9
11238
11326
13388
13389
11946
13390
18062
18069
18689
1
19871
1
19872
4
19867
19869
19873
19876
1
19874
1
19875
4
19867
19869
19873
19876
1
19877
1
19878
1
19879
1
19880
1
19881
1
19882
1
19883
1
19884
3
12861
19610
19885
1
19886
4
19612
19887
19895
19899
1
19888
4
19889
19894
18982
18988
1
19890
1
19891
1
19892
1
19893
4
19889
19894
18982
18988
4
19612
19887
19895
19899
1
19896
13
10505
10490
13119
13121
13396
8887
13392
8889
13556
13571
13572
15649
17210
1
19898
4
19612
19887
19895
19899
1
19900
1
19901
1
19902
1
19903
1
19904
1
19905
1
19906
1
19907
1
19908
1
19909
1
19910
1
19911
1
19912
6
17476
16821
18998
16822
19913
19914
6
17476
16821
18998
16822
19913
19914
1
19915
1
19916
1
19917
12
13629
13570
18304
13632
15682
13633
8889
13556
13571
13572
15649
17210
1
19919
6
8889
13556
13571
13572
15649
17210
1
19921
1
19922
1
19923
1
19924
1
19925
1
19926
1
19927
16
16775
19928
19929
8383
8384
19621
16882
17165
20452
20453
14640
17949
14675
17951
17952
20454
10
16775
19928
19929
8383
8384
19621
16882
17165
20452
20453
1
19930
1
19931
1
19932
1
19933
1
19934
1
19935
5
12438
14227
14228
19936
19938
1
19937
7
12438
14227
14228
19936
19938
12434
14635
1
19939
1
19940
1
19941
1
19942
1
19943
1
19944
1
19945
1
19946
1
19947
1
19948
1
19949
1
19950
9
8294
19701
19951
8292
11482
12943
16902
17482
17485
1
19952
1
19953
1
19954
1
19955
1
19956
4
8467
13172
17191
19957
6
8889
13556
13571
13572
15649
17210
6
8889
13556
13571
13572
15649
17210
9
19958
19959
8455
16005
8466
8453
8454
19960
17016
1
19961
1
19962
3
19963
17333
19965
7
17333
19971
19965
19968
17510
19964
19963
4
19965
19968
17333
19971
1
19966
1
19967
4
19965
19968
17333
19971
6
14599
14690
9726
19969
10831
12970
1
19970
4
17333
19971
19965
19968
1
19972
2
13184
19973
1
19974
1
19975
8
17330
19977
19978
13583
18306
19976
20051
19980
5
8873
11567
13963
14768
14936
5
8873
11567
13963
14768
14936
1
19979
8
17330
19977
19978
13583
18306
19976
20051
19980
1
19981
1
19982
1
19983
1
19984
1
19985
1
19986
4
13164
18144
18577
19987
1
19988
1
19989
1
19990
1
19991
7
19992
10041
17732
18569
17308
18572
18579
4
14980
17391
17498
19993
1
19994
1
19995
1
19996
1
19997
1
19998
6
19999
20000
20003
18192
17317
20412
2
20000
20003
1
20001
5
8873
11567
13963
14768
14936
6
19999
20000
20003
18192
17317
20412
2
20004
20002
1
20005
1
20006
1
20007
1
20008
1
20009
1
20010
1
20011
1
20012
5
20013
20015
20014
11169
10898
5
20015
20014
11169
20013
10898
5
20013
20015
20014
11169
10898
1
20016
1
20017
1
20018
1
20019
1
20020
1
20021
1
20022
1
20023
1
20024
4
10851
11080
19281
20025
1
20026
1
20027
6
20028
20030
14670
17015
17011
14668
8
10319
10181
11733
15228
16268
17013
19679
20029
6
20028
20030
14670
17015
17011
14668
1
20031
2
17186
20032
1
20033
1
20034
1
20035
4
14587
13524
20037
20036
4
14587
13524
20037
20036
6
20038
14587
13524
20037
20036
14933
1
20039
1
20040
1
20041
1
20042
1
20043
1
20044
1
20045
1
20046
5
14440
10180
10185
18303
20047
1
20048
1
20049
1
20050
2
20051
19980
1
20052
1
20053
1
20054
1
20055
1
20056
1
20057
2
20058
20062
1
20059
1
20060
1
20061
2
20058
20062
2
20063
14618
1
20064
1
20065
11
17937
20066
8680
8681
17936
17942
12511
18730
15340
17938
17941
5
8873
11567
13963
14768
14936
1
20068
1
20069
1
20070
1
20071
1
20072
1
20073
5
8544
17256
18476
11319
20074
1
20075
1
20076
1
20077
1
20078
1
20079
1
20080
1
20081
1
20082
1
20083
1
20084
1
20085
1
20086
9
20087
20088
20115
8379
8382
19920
20455
8383
20452
9
20087
20088
20115
8379
8382
19920
20455
8383
20452
4
13449
14676
20089
20090
4
13449
14676
20089
20090
1
20091
1
20092
1
20093
1
20094
1
20095
4
17422
17423
20096
20174
1
20097
1
20098
1
20099
1
20100
1
20101
5
8873
11567
13963
14768
14936
1
20103
1
20104
5
8873
11567
13963
14768
14936
5
8820
11154
11218
16126
17453
1
20107
1
20108
1
20109
1
20110
5
8820
11154
11218
16126
17453
14
17900
20112
20117
20118
20178
20177
20113
14675
8379
8382
19920
20455
8383
20452
9
20177
20113
14675
8379
8382
19920
20455
8383
20452
1
20114
9
20087
20088
20115
8379
8382
19920
20455
8383
20452
1
20116
14
17900
20112
20117
20118
20178
20177
20113
14675
8379
8382
19920
20455
8383
20452
12
20117
20118
20178
20177
20113
14675
8379
8382
19920
20455
8383
20452
5
8820
11154
11218
16126
17453
1
20120
1
20121
1
20122
1
20123
1
20124
1
20125
4
20126
20127
14352
14353
4
20126
20127
14352
14353
1
20128
4
20129
20130
13293
16251
4
20129
20130
13293
16251
1
20131
11
11946
13390
18062
18069
18689
18687
18688
11238
11326
13388
13389
19
10361
10360
10463
15388
15389
15391
10579
10582
10599
9511
10412
10324
10592
14995
10598
10600
15011
15257
15384
8
20134
20129
20130
13293
16251
15199
15200
16442
1
20135
1
20136
1
20137
1
20138
1
20139
1
20140
1
20141
1
20142
1
20143
1
20144
6
16122
20145
12548
16126
13944
16977
1
20146
1
20147
1
20148
1
20149
1
20150
1
20151
1
20152
1
20153
1
20154
1
20155
13
10579
10582
10599
9511
10412
10324
10592
14995
10598
10600
15011
15257
15384
1
20157
1
20158
1
20159
1
20160
18
10360
10463
15388
15389
15391
10579
10582
10599
9511
10412
10324
10592
14995
10598
10600
15011
15257
15384
2
18765
20162
5
17469
20171
8788
14523
20163
1
20164
1
20165
1
20166
1
20167
1
20168
1
20169
1
20170
5
20171
8788
14523
17469
20163
1
20172
1
20173
4
17422
17423
20096
20174
1
20175
1
20176
12
20177
20113
14675
20250
20119
20456
20455
20176
14640
17949
17951
19745
12
20117
20118
20178
20177
20113
14675
8379
8382
19920
20455
8383
20452
1
20179
1
20180
1
20181
1
20182
1
20183
1
20184
1
20185
1
20186
4
17294
18158
18584
20187
1
20188
1
20189
1
20190
1
20191
1
20192
1
20193
8
18597
18600
20196
18175
18602
20194
14937
15591
1
20195
5
8820
11154
11218
16126
17453
1
20197
1
20198
4
20199
20200
18643
20017
4
20199
20200
18643
20017
1
20201
1
20202
1
20203
1
20204
1
20205
1
20206
1
20207
1
20208
1
20209
5
8820
11154
11218
16126
17453
1
20211
5
8820
11154
11218
16126
17453
1
20213
1
20214
4
15869
17401
20215
20216
4
15869
17401
20215
20216
12
15108
15109
18335
18345
20313
18346
20217
20221
20318
18343
18344
20312
1
20218
1
20219
1
20220
4
18346
20217
20221
20318
1
20222
1
20223
1
20224
1
20225
7
10733
20226
16884
20229
15808
17171
17478
4
12480
16836
20227
20229
1
20228
4
12480
16836
20227
20229
1
20230
1
20231
8
8792
20111
20232
20237
10184
18769
12512
17262
1
20233
1
20234
1
20235
1
20236
8
8792
20111
20232
20237
10184
18769
12512
17262
1
20238
1
20239
1
20240
1
20241
1
20242
1
20243
1
20244
1
20245
1
20246
1
20247
1
20248
1
20249
12
20177
20113
14675
20250
20119
20456
20455
20176
14640
17949
17951
19745
1
20251
1
20252
1
20253
1
20254
1
20255
1
20256
4
8301
8532
14664
20257
1
20258
1
20259
1
20260
1
20261
4
8282
17123
20262
20272
4
16176
16955
20263
20265
5
12541
14439
20264
20442
20266
4
16176
16955
20263
20265
5
12541
14439
20264
20442
20266
4
11786
20267
16567
17581
1
20268
1
20269
1
20270
10
10375
14602
17121
8282
17123
20262
20272
8286
20271
20274
4
8282
17123
20262
20272
1
20273
7
8282
17123
20262
20272
8286
20271
20274
1
20275
4
19131
19148
19167
20276
1
20277
1
20278
1
20279
4
8787
19866
20280
20284
1
20281
1
20282
3
8732
20283
12882
4
8787
19866
20280
20284
4
8768
8960
20285
20288
7
8902
20286
20287
8921
20290
17224
20294
7
8902
20286
20287
8921
20290
17224
20294
4
8768
8960
20285
20288
1
20289
4
8921
20290
17224
20294
1
20291
4
12136
17224
20292
20294
1
20293
4
12136
17224
20292
20294
4
18762
20295
11399
20292
1
20296
1
20297
1
20298
1
20299
5
8811
14144
14147
14160
15462
1
20301
5
8811
14144
14147
14160
15462
5
8811
14144
14147
14160
15462
1
20304
5
8811
14144
14147
14160
15462
5
8811
14144
14147
14160
15462
1
20307
1
20308
1
20309
1
20310
1
20311
5
4814
4815
4858
7122
7123
4
15110
20313
9773
15107
1
20314
1
20315
1
20316
1
20317
4
18346
20217
20221
20318
1
20319
1
20320
1
20321
1
20322
1
20323
1
20324
1
20325
1
20326
1
20327
17
17489
17497
17545
18042
18043
11002
17740
17978
17980
9234
9272
11005
11165
11812
9278
17994
20328
1
20329
6
9259
13345
17596
20330
19362
19367
4
20331
13075
13508
15545
1
20332
1
20333
5
8811
14144
14147
14160
15462
1
20335
1
20336
5
17349
18656
20337
15046
15014
1
20338
1
20339
1
20340
2
20341
12390
1
20342
1
20343
1
20344
3
13148
20345
20346
3
20346
20345
13148
1
20347
3
15601
20348
11632
12
8890
17524
12495
8792
12510
20111
20232
20237
10184
18769
12512
17262
1
20350
1
20351
1
20352
1
20353
1
20354
1
20355
1
20356
1
20357
4
11708
14725
14752
20358
1
20359
1
20360
1
20361
8
8792
20111
20232
20237
10184
18769
12512
17262
1
20363
3
20364
10397
12774
1
20365
1
20366
2
20367
14639
1
20368
1
20369
8
8792
20111
20232
20237
10184
18769
12512
17262
1
20371
1
20372
1
20373
1
20374
1
20375
1
20376
1
20377
1
20378
8
8792
20111
20232
20237
10184
18769
12512
17262
5
8720
12602
12850
12897
16250
1
20381
4
17417
17418
18851
20382
1
20383
1
20384
1
20385
5
20386
12168
17384
18397
18396
2
16330
20387
5
8720
12602
12850
12897
16250
1
20389
1
20390
1
20391
5
8720
12602
12850
12897
16250
8
8346
8333
17744
20004
20002
20393
8341
17742
5
4814
4815
4858
7122
7123
1
20395
5
18366
18674
18365
20396
13751
1
20397
2
20398
15051
2
20399
19448
2
20400
17363
1
20401
1
20402
1
20403
1
20404
1
20405
1
20406
5
8720
12602
12850
12897
16250
1
20408
1
20409
8
12794
15529
18872
8428
15570
17554
18098
20410
1
20411
1
20412
2
11953
20413
1
20414
1
20415
4
20416
14827
14829
12148
1
20417
1
20418
1
20419
4
8508
15433
18211
20420
1
20421
1
20422
1
20423
1
20424
1
20425
1
20426
1
20427
1
20428
1
20429
1
20430
3
16028
17225
20431
4
8504
16529
19742
20432
2
19731
20433
5
8549
10345
20434
17463
19087
1
20435
1
20436
6
18464
20437
18459
18460
14627
15126
2
20440
20438
1
20439
2
20440
20438
1
20441
2
20264
20442
14
10966
11150
10583
10777
18035
20443
10108
11075
18033
9416
10129
10667
10710
15119
1
20444
4
11304
19349
19351
20445
13
10579
10582
10599
9511
10412
10324
10592
14995
10598
10600
15011
15257
15384
1
20447
1
20448
1
20449
1
20450
1
20451
5
8720
12602
12850
12897
16250
5
8720
12602
12850
12897
16250
12
17952
20454
8383
8384
19621
16882
17165
20452
20453
16775
19928
19929
5
8685
8687
17090
17092
20105
5
8685
8687
17090
17092
20105
11
576
1471
2125
1506
1483
718
777
1332
778
1481
1482
1
11620
3
16006
16308
9937
1
16316
5
8685
8687
17090
17092
20105
2
11719
17832
8
10599
9511
10412
10324
10592
14995
10598
10600
1
2711
1
2713
1
18872
5
8685
8687
17090
17092
20105
7
14726
14730
17288
16932
17543
17546
13322
9
17731
17730
17729
19288
19289
17626
17629
9263
11915
4
17626
17629
9263
11915
4
17312
17731
17730
17729
13
10116
10363
10533
9751
11255
17275
9233
9627
9635
17272
17276
10145
11265
3
18165
18168
12796
6
16677
18165
18168
12796
19378
12798
1
10999
5
8685
8687
17090
17092
20105
2
20306
14575
3
18602
20194
14937
3
19332
19333
19334
5
4814
4815
4858
7122
7123
5
8685
8687
17090
17092
20105
3
8332
18294
18293
1
17295
8
8638
8633
19284
19285
19286
19287
8636
8639
5
17317
17297
20412
18192
19999
4
17653
17656
9197
12432
1
12140
8
16571
16573
17651
12269
17653
17656
9197
12432
3
8639
8636
11395
1
11705
10
8636
8639
8638
8633
19284
19285
19286
19287
10204
15361
5
4814
4815
4858
7122
7123
2
8639
8636
8
14327
14440
10180
10185
18303
20047
14385
20048
8
14327
14440
10180
10185
18303
20047
14385
20048
1
14581
1
14505
1
15650
2
14912
17263
4
17720
17721
10830
12202
2
8636
8639
7
18622
17720
17721
10830
12202
10837
18624
2
17761
17760
2
8636
8639
2
17718
17726
12
15098
15101
16694
16696
8626
8628
12185
15692
13592
14584
16450
12809
1
12207
1
16708
1
17233
2
17304
20342
1
17305
1
17306
2
5528
301
1
3375
7
19992
10041
17732
18569
17308
18572
18579
5
2580
5356
6425
2630
2665
1
2686
3
17308
18572
18579
2
7808
2303
2
3486
4016
1
14587
1
3487
2
7797
3488
1
14744
1
855
4
1747
5537
855
5536
1
12148
13
10116
10363
10533
9751
11255
17275
9233
9627
9635
17272
17276
10145
11265
1
7060
3
8446
8444
8442
6
8445
8444
8443
15674
12797
20351
1
858
2
8144
860
1
1571
2
10826
20394
1
1756
1
2584
1
20348
1
3500
1
4592
7
8626
8628
12185
15692
13592
14584
16450
1
864
5
4814
4815
4858
7122
7123
1
10828
6
2534
7947
8007
5386
2535
8008
6
2534
7947
8007
5386
2535
8008
8
17330
19977
19978
13583
18306
19976
20051
19980
2
1725
3472
8
12185
15692
13592
14584
8626
8628
16450
13588
1
19973
4
6178
6181
2529
3506
7
7152
7153
3505
6178
6181
2529
3506
7
7152
7153
3505
6178
6181
2529
3506
1
14907
5
6172
6175
2185
6177
2532
1
2528
7
8626
8628
12185
15692
13592
14584
16450
1
13588
2
1153
1152
1
3402
3
14599
14690
9726
8
12185
15692
13592
14584
8626
8628
16450
13588
2
17942
12511
7
8626
8628
12185
15692
13592
14584
16450
1
19210
6
8577
17737
20305
20306
14575
11824
8
12407
16702
16724
8317
18314
18321
8314
18325
6
8577
17737
20305
20306
14575
11824
2
17768
10894
5
20013
20015
20014
11169
10898
5
20015
20014
11169
20013
10898
1
11056
1
12230
1
13182
1
12401
1
14618
8
8629
18459
18460
18464
20437
12401
19267
19270
1
12283
1
17794
2
19489
19490
6
16081
11068
10862
16082
16083
10950
1
19313
1
19492
1
11820
1
16619
6
18699
17385
18705
18697
18701
17840
1
12168
3
18403
18419
12832
6
17337
18403
18419
12832
18416
17329
7
18439
18441
18450
18453
13480
14549
13414
3
18422
18945
13478
4
18450
18453
13480
14549
4
18450
18453
13480
14549
1
1164
1
1165
1
2106
1
13454
5
4814
4815
4858
7122
7123
4
5839
7846
7847
7850
6
4651
4655
7539
4663
3146
4537
1
17769
1
2542
1
3512
2
17364
14984
1
3516
1
3518
6
8577
17737
20305
20306
14575
11824
1
3519
1
3520
1
15754
1
412
1
1847
1
10839
1
879
1
2124
1
20398
1
6562
1
7754
1
7763
1
17800
4
5663
5664
882
883
4
5663
5664
882
883
3
11068
10862
10950
6
8577
17737
20305
20306
14575
11824
6
8577
17737
20305
20306
14575
11824
3
13233
16083
16082
1
2092
2
6753
3433
1
11650
1
2398
1
4155
1
4261
1
10847
1
7210
1
7244
1
14631
1
5447
2
6567
5448
3
18708
18429
18424
6
4651
4655
7539
4663
3146
4537
1
5456
1
12774
1
5462
1
7988
1
9746
10
11472
8916
11322
12890
11686
12913
9911
13880
13973
18477
7
6392
6831
7509
7511
7986
7982
8136
7
6392
6831
7509
7511
7986
7982
8136
6
4651
4655
7539
4663
3146
4537
10
2205
6392
6831
7509
7511
6833
7518
3206
3207
6683
6
6833
7518
3206
3207
7302
7303
10
2205
6392
6831
7509
7511
6833
7518
3206
3207
6683
2
16285
16336
2
7330
2206
1
3205
1
6826
3
10160
12845
14220
10
4964
5272
1500
6622
1913
1889
1915
1896
7326
7327
10
6622
1913
1500
1889
1915
1896
7326
7327
5272
4964
3
17426
14372
18736
4
1498
1899
2940
4373
1
2940
1
11805
1
2209
3
4954
6689
6699
2
16338
16249
7
4851
6843
1147
6844
3167
6941
3157
3
3167
1147
6844
9
16256
19546
11992
16257
16260
8715
16252
16258
19545
2
2213
3185
2
4967
3188
1
16795
1
1923
2
2958
2031
4
16793
19776
11663
19775
4
16793
19776
11663
19775
6
8577
17737
20305
20306
14575
11824
1
2217
1
12851
3
3447
1326
4670
3
6854
4908
4907
2
13912
18971
1
1323
1
2245
1
18481
7
2877
4898
3281
4897
4508
5334
4538
7
2877
4898
3281
4897
4508
5334
4538
4
3281
4897
4508
5334
1
18485
6
6859
6873
6874
6862
6863
3277
3
6859
6873
6874
4
8726
8735
18979
12855
1
2222
14
3336
2223
6880
7604
7603
7608
7682
7683
3445
2242
3018
4569
6879
4568
1
14021
8
15653
17568
15269
8550
8563
15427
13950
15265
5
8550
8563
15427
13950
15265
3
3334
4449
5067
4
13922
16174
12541
20264
4
13922
16174
12541
20264
5
8550
8563
15427
13950
15265
5
3718
3719
3126
3720
3721
5
8550
8563
15427
13950
15265
1
14555
4
19116
19114
14555
16361
13
10116
10363
10533
9751
11255
17275
9233
9627
9635
17272
17276
10145
11265
6
3465
6881
2238
7046
7049
5217
1
16554
1
19815
13
10116
10363
10533
9751
11255
17275
9233
9627
9635
17272
17276
10145
11265
7
1115
2233
2256
3550
898
2273
2225
2
19350
19349
2
19351
19353
5
8550
8563
15427
13950
15265
3
6891
6765
6731
3
12861
19610
19885
1
1497
1
1498
13
17474
13928
18745
19897
18746
19192
19193
19614
20430
19613
17473
13181
19896
2
4376
4964
1
4964
4
16825
16826
12453
12885
4
16825
16826
12453
12885
4
7337
7338
2231
2232
4
7337
7338
2231
2232
7
6822
7328
7337
7338
2231
2232
7330
1
12862
2
6683
6682
2
7299
7297
3
17155
12624
18993
2
8136
1884
1
3147
1
12461
2
6373
3166
1
3168
1
12458
3
4912
4913
3153
2
6806
6807
1
11374
5
18860
18864
16736
11374
12451
1
3530
1
6867
7
12438
14227
14228
19936
19938
12434
14635
19
10120
10121
17273
9024
10111
17274
10116
10363
10533
9751
11255
17275
9233
9627
9635
17272
17276
10145
11265
2
1948
6647
1
2921
1
12340
2
11534
12560
2
3106
3107
1
3107
2
6797
5469
5
18537
18874
19007
12773
17213
5
8550
8563
15427
13950
15265
3
8187
5479
5476
1
7322
1
8495
11
6916
7052
3438
7048
7053
3465
6881
2238
7046
7049
5217
8
7048
7053
3465
6881
2238
7046
7049
5217
1
8605
2
4996
3114
1
3718
9
7341
3720
3718
4404
4408
7342
4980
5000
3721
4
13943
14135
16478
16387
14
7609
7680
4988
4989
4990
2976
3334
4449
5067
6666
4946
4948
6667
5065
8
6666
3334
4449
5067
4946
4948
6667
5065
2
16118
11681
8
16118
11681
16839
16840
16841
19834
19822
19819
3
3445
2242
3018
4
8518
8519
8524
8528
7
19837
14538
16391
16840
16841
19834
19822
7
19837
14538
16391
16840
16841
19834
19822
2
3277
2898
5
6612
3230
4753
6861
6925
1
14232
4
8396
18847
14232
16015
3
4926
3283
1835
2
5334
3282
5
17458
8490
8488
8486
16751
2
2245
1841
1
4234
2
16755
18497
2
6933
2246
1
3447
2
12879
19018
2
2217
2247
2
6930
3074
2
16028
19014
7
19682
8518
8519
8524
8528
16669
16671
1
2958
4
8921
20290
17224
20294
7
8902
20286
20287
8921
20290
17224
20294
3
3185
3190
3182
10
4542
6794
6766
3185
3190
3182
6796
6795
7736
7741
5
19024
10382
12882
8732
20283
1
1147
1
4853
1
4855
1
14668
1
16267
11
11489
16904
11481
11483
11462
11482
8292
12943
16902
17482
17485
10
16012
11462
19500
16017
19503
14909
19501
11481
11483
11482
1
17485
3
10308
18954
11336
4
8518
8519
8524
8528
2
15940
14530
2
16332
17418
2
16332
17418
2
20382
20381
5
20388
18961
12888
16332
17419
4
8518
8519
8524
8528
1
11686
5
9682
15396
17658
17662
17663
1
17424
1
17425
1
20428
5
9682
15396
17658
17662
17663
1
12894
11
19186
20379
8939
12932
19184
12338
16895
17427
16891
17472
12895
1
14722
1
12036
4
14065
17264
13985
14669
5
9682
15396
17658
17662
17663
5
9682
15396
17658
17662
17663
8
20134
20129
20130
13293
16251
15199
15200
16442
4
20129
20130
13293
16251
9
11992
16257
16260
8715
16252
16258
19545
16256
19546
3
15199
15200
16442
1
12602
7
16802
12897
12602
19559
19560
16793
16797
1
14546
4
8518
8519
8524
8528
4
8466
8453
8454
8455
5
8453
15938
8454
8466
8455
1
11689
6
4651
4655
7539
4663
3146
4537
2
11691
12075
1
13909
1
16942
7
8466
8453
8454
8455
19958
19959
16005
1
13554
2
14133
18978
1
17463
2
14133
18978
1
8986
4
11233
15960
18487
18488
8
9955
17452
9337
9757
10042
10977
10980
10043
2
18488
18523
2
18488
18523
1
17438
1
17439
1
17440
7
8466
8453
8454
8455
19958
19959
16005
1
16277
1
19590
5
15373
18522
8409
17113
17117
5
15373
18522
8409
17113
17117
1
19350
3
20392
18865
20375
1
11015
1
11154
3
17089
17439
17091
1
17453
1
17464
5
8549
10345
20434
17463
19087
1
20158
3
20434
17463
19087
1
12912
1
16029
1
19085
1
17466
8
9955
17452
9337
9757
10042
10977
10980
10043
2
18765
20162
2
18765
20162
8
9955
17452
9337
9757
10042
10977
10980
10043
3
8732
20283
12882
1
16660
1
19058
6
20028
20030
14670
17015
17011
14668
1
15199
3
17015
17011
14668
5
15373
18522
8409
17113
17117
2
14669
11729
1
16671
10
19186
20379
8939
12932
19184
12338
16895
17427
16891
17472
1
17473
4
19613
17473
13181
19896
1
20430
11
17424
17051
17475
20433
16549
12911
14211
8504
16529
19742
20432
1
17476
11
17424
17051
17475
20433
16549
12911
14211
8504
16529
19742
20432
5
9682
15396
17658
17662
17663
3
20177
20113
14675
8
15374
15942
17058
8409
17113
17117
15373
18522
1
12926
5
9682
15396
17658
17662
17663
13
12434
16380
19003
12926
12438
19938
19004
12064
14963
15397
14914
16381
14832
2
20382
20381
7
8455
16005
8453
14530
12930
15938
15940
1
14527
3
15938
14530
12930
1
1304
3
1459
1673
1931
2
12155
10245
1
11276
3
17207
11622
19210
3
17207
11622
19210
1
11621
1
11622
1
15340
1
15341
1
19210
3
9710
12536
12581
1
17279
2
1162
440
1
1164
4
1162
440
5485
5353
3
13454
17134
13894
2
17084
17280
8
17114
17115
17116
8409
17113
17117
15373
18522
1
1164
1
1165
1
5196
4
5485
440
5196
5258
1
9665
1
10907
2
11176
11178
1
19349
1
19350
4
17548
17549
10914
10938
4
17548
17549
10914
10938
3
17288
17546
13322
7
14735
14738
17548
17549
10914
10938
13367
1
13369
1
10789
1
10914
1
11226
1
11227
2
13367
14741
2
13367
14741
1
10899
2
13367
14741
1
13369
2
13367
14741
1
11226
1
11227
1
12127
1
13501
1
13510
1
12113
1
13029
1
13498
1
13990
2
14512
14561
2
14512
14561
6
1115
2233
2256
3550
898
1216
7
9444
11053
11076
10935
11052
11097
11162
1
1524
1
1534
4
2273
2233
1115
2225
1
1524
8
10935
11097
11052
11162
9444
11053
11076
11098
1
7005
1
7006
1
7040
1
8634
1
11584
1
11732
4
11802
16565
18865
20392
1
12777
4
11802
16565
18865
20392
1
141
1
1974
1
1994
1
10009
1
10068
1
11183
1
141
1
373
1
11182
1
11183
1
14763
10
17603
17604
9121
10209
10866
17600
18108
14779
15540
17599
4
19362
19367
9259
13345
4
17603
17604
9121
10209
10
17603
17604
9121
10209
10866
17600
18108
14779
15540
17599
6
13345
17596
20330
19362
19367
9259
1
13350
1
9121
1
9198
1
9957
1
11935
2
13053
13350
6
4663
3146
4537
4651
4655
7539
1
9198
1
9957
1
13058
1
13061
1
17612
1
9198
1
10387
1
11935
5
13061
14825
9959
14764
17612
1
14823
16
16775
19928
19929
8383
8384
19621
16882
17165
20452
20453
14640
17949
14675
17951
17952
20454
3
2171
3996
868
10
16775
19928
19929
8383
8384
19621
16882
17165
20452
20453
1
9708
1
9727
1
9728
1
9730
1
9818
1
9842
1
9263
1
12287
1
12164
1
12172
1
12287
1
9649
1
10995
1
12164
1
12172
7
14556
20349
17730
17731
17729
17312
10799
1
11473
1
11915
7
14556
20349
17730
17731
17729
17312
10799
1
17734
1
9681
1
11966
1
19238
2
9681
11829
1
9724
1
9764
1
11826
2
9681
11829
1
11966
2
9681
11829
1
10803
2
10999
19238
1
11824
2
9681
11829
10
14640
17949
14675
8383
8384
19621
16882
17165
20452
20453
2
9724
9934
1
9764
2
9724
9934
1
14826
1
14939
1
17271
1
9764
1
9811
1
10803
1
11829
1
17271
1
9811
1
14705
1
14939
1
17271
1
14705
1
14826
3
14827
14829
12148
1
14939
4
20416
14827
14829
12148
1
16311
4
13465
20413
13250
16311
1
9749
2
11953
20413
1
15089
7
9454
17641
11953
20413
13465
13250
16311
2
9907
13235
1
11008
1
13235
1
13245
2
14511
15065
2
14511
15065
2
10825
14845
2
14511
15065
2
10825
14845
2
14511
15065
1
15070
1
20192
1
11008
1
12539
1
13469
1
15065
1
17643
1
20192
1
11008
2
11953
20413
2
13245
16311
1
13469
2
13245
16311
7
9444
11053
11076
10935
11052
11097
11162
1
9197
1
9457
1
10721
1
10806
2
12769
12269
17
14640
17949
14675
17951
19745
8383
8384
19621
16882
17165
20452
20453
17952
20454
16775
19928
19929
1
10217
1
10712
1
10721
2
10806
10910
1
10808
2
10806
10910
2
10812
12140
16
16775
19928
19929
8383
8384
19621
16882
17165
20452
20453
14640
17949
14675
17951
17952
20454
7
8383
8384
19621
16882
17165
20452
20453
7
13178
17660
13108
13100
13048
17661
12625
3
10812
12140
13048
5
13178
17660
13108
13100
13048
1
9770
1
11863
1
12248
1
9854
1
11001
1
11863
4
17680
17685
9685
13138
1
9745
4
17680
17685
9685
13138
1
14777
1
14948
1
9745
1
10020
1
13128
1
14948
1
17688
1
9854
1
11001
1
12226
1
13138
1
14777
1
9693
1
16577
1
12189
1
16579
1
12733
1
16577
1
16579
1
9378
1
9381
6
8383
8384
19621
19918
20303
16881
2
9693
10813
1
12733
1
16577
1
9378
1
9381
6
4651
4655
7539
4663
3146
4537
7
4422
7316
4368
1894
8142
4637
4370
1
13149
1
9927
1
13142
3
20346
20345
13148
3
20346
20345
13148
2
9927
13149
7
4422
7316
4368
1894
8142
4637
4370
3
13148
20345
20346
2
9927
13149
1
17755
2
13148
20345
1
9149
1
9205
1
11019
2
12205
13481
1
12635
2
12205
13481
1
9149
1
9205
1
10817
15
12865
19623
20300
20302
8383
8384
19621
19918
20303
16881
8379
8382
19920
20455
20452
6
8383
8384
19621
19918
20303
16881
5
10830
17760
14927
14965
17761
1
11019
2
12089
14927
1
12635
2
12089
14927
4
17760
14927
14965
17761
1
291
1
1746
1
2057
1
2057
1
3375
1
3376
1
161
1
291
1
430
1
1674
1
1746
1
161
1
291
1
2057
1
3376
1
3368
1
5533
1
14827
1
20416
1
350
1
855
1
151
4
6528
7077
884
7073
4
6528
7077
884
7073
1
7074
1
263
1
424
1
1632
1
7073
1
7074
1
2795
1
2841
1
10825
1
14845
1
5288
1
5289
4
2322
5540
5541
3614
1
3608
1
8256
1
10812
5
13178
17660
13108
13100
13048
1
858
1
859
1
1569
1
78
1
335
1
859
1
1569
1
1570
1
1622
1
8255
1
335
1
2322
1
2331
1
8255
1
8256
1
341
1
470
1
1722
1
359
1
450
1
7129
4
10818
13148
17754
17755
4
10818
13148
17754
17755
3
13148
20345
20346
3
13148
20345
20346
1
7129
1
8084
1
20345
1
20346
1
864
1
8084
1
10828
1
13140
1
20346
1
20346
1
359
6
8383
8384
19621
19918
20303
16881
1
981
1
7977
1
59
1
866
1
1612
2
12089
14913
2
12089
14913
4
17760
14927
14965
17761
4
17760
14927
14965
17761
1
139
1
244
1
417
1
59
1
187
1
406
2
59
445
1
1612
1
12089
2
12818
14913
9
20087
20088
20115
8379
8382
19920
20455
8383
20452
2
12089
14913
2
12089
14913
1
11883
1
14078
1
20009
2
10857
10528
1
13936
4
10448
10547
15318
15333
6
9123
10448
10547
15318
15333
15348
1
10857
1
10986
1
13208
1
15318
1
11883
1
13936
1
14078
6
9123
10448
10547
15318
15333
15348
6
9123
10448
10547
15318
15333
15348
1
12234
1
14990
1
12234
2
14999
14997
4
15110
20313
9773
15107
1
10865
2
10891
11868
1
14516
7
15110
20313
9773
15107
15109
18335
18345
1
9881
1
10865
3
14990
11867
11169
2
11868
14997
1
12234
15
12865
19623
20300
20302
8383
8384
19621
19918
20303
16881
8379
8382
19920
20455
20452
6
8379
8382
19920
20455
8383
20452
1
9881
1
10865
1
10868
1
14516
1
14991
4
15007
15114
14994
15010
4
15007
15114
14994
15010
4
10858
10894
17767
17768
1
10868
4
10858
10894
17767
17768
1
10898
1
15010
1
10838
1
12229
1
12232
1
9200
1
12229
2
12232
12230
15
12865
19623
20300
20302
8383
8384
19621
19918
20303
16881
8379
8382
19920
20455
20452
1
13182
1
13183
1
9200
1
10987
6
11056
14628
9632
13182
13183
17944
1
16052
1
16054
6
11056
14628
9632
13182
13183
17944
4
17790
19464
9633
13222
1
9673
1
10842
1
10845
2
17793
13221
4
17790
19464
9633
13222
1
9633
1
9673
1
10841
1
10860
1
11062
1
9713
1
11841
1
11842
2
19239
12283
1
12286
1
17794
12
20117
20118
20178
20177
20113
14675
8379
8382
19920
20455
8383
20452
1
9610
1
10846
1
11232
1
13545
1
15135
1
9610
1
10846
1
11240
1
11831
1
11954
5
16081
11068
10862
16082
16083
1
10950
6
16081
11068
10862
16082
16083
10950
1
9719
1
11820
2
17817
16619
6
8379
8382
19920
20455
8383
20452
1
19232
1
9719
2
9760
18699
1
10963
1
11820
1
13230
1
13759
9
20177
20113
14675
8379
8382
19920
20455
8383
20452
1
9719
1
10963
2
11821
19232
1
11957
1
17816
2
11821
19232
8
9955
17452
9337
9757
10042
10977
10980
10043
2
10950
13757
3
13230
10950
13757
3
13230
10950
13757
1
13759
1
19491
3
11068
10862
10950
1
10963
3
19313
11957
17816
1
13759
3
19313
11957
17816
5
11068
10862
10950
19491
19492
6
8379
8382
19920
20455
8383
20452
1
10855
1
13236
1
13471
1
9274
1
10855
1
13471
1
14181
2
18953
17389
1
17843
1
1596
1
1597
1
5166
1
1105
1
5166
1
5167
1
315
1
337
1
4299
1
10986
4
13207
17361
10485
10576
1
13208
4
13207
17361
10485
10576
4
185
337
4299
4300
1
315
5
8325
10294
15297
9384
11231
1
1128
1
5169
1
5170
2
874
1584
2
874
1584
2
1583
1584
2
1583
1584
1
1807
1
219
1
449
1
873
1
1878
1
2480
1
2814
1
3439
1
449
7
4422
7316
4368
1894
8142
4637
4370
2
1583
1584
2
1583
1584
7
4422
7316
4368
1894
8142
4637
4370
8
8326
18010
8325
10294
15297
9384
11231
9034
1
876
1
1573
1
1765
2
876
877
2
876
877
2
1573
2120
2
1573
2120
1
3952
3
2127
2088
5513
5
5517
5602
2127
2088
5513
5
5517
5602
2127
2088
5513
1
10842
1
10845
8
5517
5602
2127
2088
5513
5651
7282
2089
2
2127
5513
2
2127
5513
1
5648
2
3693
3427
1
4155
1
4259
1
880
1
2400
2
3693
3427
1
880
5
8325
10294
15297
9384
11231
5
8325
10294
15297
9384
11231
1
2400
1
2401
1
880
4
4606
7264
2096
4263
1
2401
1
3427
1
4259
4
4606
7264
2096
4263
1
2096
1
2104
1
2129
1
2399
1
2401
1
883
1
1556
1
1559
1
1556
1
3432
1
252
1
882
1
10950
3
13230
10950
13757
1
256
1
343
1
1556
1
1557
1
1559
1
3432
2
9850
16627
1
10023
1
10933
2
9850
16627
1
17866
1
887
3
905
2251
5688
1
1663
2
2251
5688
2
2251
5688
1
5689
3
1023
2052
2228
7
5697
8197
4518
8196
1432
4846
1986
7
5697
8197
4518
8196
1432
4846
1986
2
2052
2228
2
2052
2228
4
4518
8196
1432
4846
3
10933
17866
10023
6
17865
15149
10933
17866
10023
15147
1
17863
5
8325
10294
15297
9384
11231
1
10871
1
11341
1
15235
1
15236
1
841
2
1256
2450
1
1448
2
1256
2450
1
2456
2
1256
2450
1
2052
1
2227
3
1023
2052
2228
2
1256
2450
1
3463
1
1448
3
905
2251
5688
2
5694
2455
1
2456
1
3464
1
5688
1
11709
2
9850
16627
5
8325
10294
15297
9384
11231
1
12036
1
15148
1
8636
3
8639
8636
11395
1
9098
1
11330
3
8639
8636
11395
1
16931
1
17857
8
12407
16702
16724
8317
18314
18321
8314
18325
1
10880
3
8639
8636
11395
10
8636
8639
8638
8633
19284
19285
19286
19287
10204
15361
1
15362
2
9098
13295
1
9113
1
12045
2
9098
13295
1
15270
1
17857
2
9098
13295
2
10880
12032
1
11395
2
10880
12032
2
9098
13295
1
9113
2
11216
11331
1
11330
2
11216
11331
1
17857
5
8317
18314
18321
8314
18325
1
10934
1
15148
5
8317
18314
18321
8314
18325
1
19550
2
10880
12032
2
10880
12032
1
13287
5
8317
18314
18321
8314
18325
1
15362
6
17865
15149
10933
17866
10023
15147
2
10934
11990
2
11216
11331
2
11216
11331
5
8317
18314
18321
8314
18325
6
17865
15149
10933
17866
10023
15147
3
10933
17866
10023
1
11216
1
11330
1
12055
1
15147
1
16931
7
10880
12032
13287
15361
15362
13294
12044
7
12044
10880
12032
13287
15361
15362
13294
1
12045
7
10880
12032
13287
15361
15362
13294
12044
1
13295
1
13974
1
12045
1
13953
1
13974
1
15261
1
15270
1
12007
5
8317
18314
18321
8314
18325
1
16671
5
8306
10990
11009
19015
19666
1
16642
1
11115
1
11608
1
12007
7
4422
7316
4368
1894
8142
4637
4370
5
8306
10990
11009
19015
19666
1
11115
1
11608
1
13261
1
13271
1
17003
1
11341
1
11608
1
13267
1
13270
1
13271
1
15236
4
17882
17884
11367
17259
2
13287
15205
1
13294
2
13287
15205
1
16963
4
17882
17884
11367
17259
1
12044
7
10880
12032
13287
15361
15362
13294
12044
1
15203
2
13287
15205
2
13287
15205
1
9261
1
9909
1
10989
1
11012
1
11013
1
20417
1
964
1
5283
1
9586
1
11030
1
20
1
2473
1
9231
1
9668
1
9671
8
931
5767
908
22
305
23
401
454
1
2473
1
9671
3
11048
18553
10930
10
19
51
27
392
8114
304
5765
1009
1081
18
1
20
5
51
27
392
152
309
5
9147
9446
9593
9494
9563
1
9668
2
3394
907
1
1008
1
1099
4
10935
11097
11052
11162
8
10935
11097
11052
11162
9444
11053
11076
11098
4
10935
11097
11052
11162
2
11076
11098
1
9231
7
4422
7316
4368
1894
8142
4637
4370
1
9593
1
9668
8
9146
9147
9446
9593
9494
9563
17664
9936
1
9444
2
11076
11098
1
11082
2
11076
11098
1
203
3
1043
1085
297
1
9490
1
9714
8
9054
9364
11059
11094
12623
9795
9340
9258
5
8306
10990
11009
19015
19666
2
2098
303
8
8305
10852
10877
8306
10990
11009
19015
19666
1
9795
2
9920
9345
2
1375
8103
10
8305
10852
10877
8306
10990
11009
19015
19666
8313
8315
1
11057
2
11529
11069
1
12623
6
8292
11482
12943
16902
17482
17485
4
5716
5741
1041
5738
1
1071
4
5716
5741
1041
5738
1
5751
1
9340
1
9343
17
14681
14870
11462
19500
16012
14909
19501
11481
11483
11482
11489
16904
8292
12943
16902
17482
17485
6
8292
11482
12943
16902
17482
17485
1
9490
1
9795
8
1006
259
352
3838
324
241
146
89
6
3751
3965
3441
1006
259
352
3
9607
9834
9753
2
11079
12302
1
15307
6
8292
11482
12943
16902
17482
17485
1
9337
6
8292
11482
12943
16902
17482
17485
1
10042
1
10054
1
9337
1
9757
1
9761
1
9762
3
965
3787
370
1
385
3
217
60
439
1
9527
2
10904
9552
1
10906
2
974
129
2
370
385
2
9527
15136
2
9737
9801
5
12296
15106
9527
15136
15311
3
972
3581
434
9
8294
19701
19951
8292
11482
12943
16902
17482
17485
1
967
1
11037
2
11038
13750
1
128
1
347
1
966
1
967
1
3580
2
10904
9552
4
9952
9647
11176
11178
5
8283
8288
18490
11347
13780
1
10906
1
10944
1
9636
1
11060
1
11938
1
17411
1
17415
1
9363
1
10850
1
12298
1
12348
1
12350
1
12348
1
12350
1
12352
1
12368
1
170
5
89
241
146
388
384
1
9607
1
9834
3
241
146
89
1
324
1
384
11
9807
9810
9273
9762
9753
10054
15307
15309
9607
9834
9267
3
9607
9834
9753
1
9213
1
9754
1
12298
1
12348
1
9267
9
11975
12298
9363
10964
15349
18009
12256
9607
9834
1
9754
2
9607
9834
9
11975
12298
9363
10964
15349
18009
12256
9607
9834
1
12298
4
2100
5801
1700
386
8
922
31
2098
920
2100
5801
1700
386
1
9345
5
8283
8288
18490
11347
13780
2
8210
921
1
1037
1
5717
5
8283
8288
18490
11347
13780
3
10976
11124
11541
1
17918
1
128
1
3580
5
8283
8288
18490
11347
13780
8
1697
1601
1609
969
1604
1607
1608
3655
8
1697
1601
1609
969
1604
1607
1608
3655
5
8283
8288
18490
11347
13780
5
8283
8288
18490
11347
13780
1
3797
5
6888
6890
6921
7618
7620
1
400
1
1594
1
1599
1
2524
1
5329
1
202
1
8118
3
8204
8202
462
1
8118
3
8119
77
46
1
202
1
122
7
3131
6887
6888
6890
6921
7618
7620
2
3785
3783
2
370
385
5
1154
3575
3805
3806
5526
17
848
2171
3996
868
925
5526
3804
3810
3805
3806
1154
3575
3803
420
5131
5280
5281
5
6888
6890
6921
7618
7620
2
1609
3797
7
5590
6389
3655
969
1604
1607
1608
2
1609
3797
3
3886
138
218
6
3886
138
218
369
5259
5261
1
238
2
307
319
3
241
146
89
1
299
1
5096
1
5301
7
691
24
3821
3825
5756
5752
5755
5
6888
6890
6921
7618
7620
1
5096
5
6888
6890
6921
7618
7620
1
5301
7
9444
11053
11076
10935
11052
11097
11162
1
5301
1
5752
7
9444
11053
11076
10935
11052
11097
11162
1
19
5
6888
6890
6921
7618
7620
1
19
3
3832
1098
2471
1
1535
1
1967
1
5771
1
1004
5
3752
4343
4344
3753
5207
1
5799
6
3751
3965
3441
1006
259
352
1
5207
7
144
300
323
386
2100
5801
1700
1
5799
3
1006
259
352
10
3371
4344
3753
5207
3441
3751
3965
1006
259
352
2
5803
3838
1
62
1
5802
4
973
5193
3770
3886
10
973
5193
3770
3886
3768
3769
3773
3774
3771
3772
4
3773
3774
3771
3772
4
973
5193
3770
3886
9
6803
6805
6901
7496
4466
6804
6894
6895
7731
9
6803
6805
6901
7496
4466
6804
6894
6895
7731
1
2313
9
6803
6805
6901
7496
4466
6804
6894
6895
7731
9
6803
6805
6901
7496
4466
6804
6894
6895
7731
1
5867
1
8087
1
8122
1
3352
1
8219
9
4831
7765
3850
3048
3047
3950
4100
4808
3051
9
6803
6805
6901
7496
4466
6804
6894
6895
7731
2
8129
3395
3
5188
3868
2539
4
5810
3880
3932
3867
9
6803
6805
6901
7496
4466
6804
6894
6895
7731
7
4215
6316
1685
1627
1645
5966
6319
1
4212
7
9444
11053
11076
10935
11052
11097
11162
9
3971
8127
3972
3460
4882
4873
4877
1539
5800
12
2676
2677
2512
3971
8127
3972
3460
4882
4873
4877
1539
5800
12
2676
2677
2512
3971
8127
3972
3460
4882
4873
4877
1539
5800
1
1562
1
2591
1
5900
5
6795
7736
7741
6794
6796
1
9665
3
11737
11738
11734
1
9212
1
9529
1
11716
1
11734
11
9982
15405
15403
17981
17984
9771
9852
9876
17591
17975
17582
1
17984
1
9412
1
9423
1
9993
1
10052
1
10055
1
9647
1
10907
1
10944
2
11176
11178
9
6794
6766
3185
3190
3182
6796
6795
7736
7741
1
15314
5
6795
7736
7741
6794
6796
1
10492
10
12789
12793
10524
9442
10138
10144
10640
10070
10523
10531
1
9569
5
6795
7736
7741
6794
6796
9
10255
10256
9132
9451
9971
10248
9990
9996
10186
5
6795
7736
7741
6794
6796
1
15408
5
6795
7736
7741
6794
6796
5
6467
6468
7878
8020
8021
1
10302
5
6467
6468
7878
8020
8021
13
3708
3964
4213
4347
4211
6328
6587
1592
6331
1627
1645
5966
6319
5
10300
9569
15027
15039
15408
11
9369
13143
13399
16351
9209
15364
15366
9322
15367
8347
13401
5
6467
6468
7878
8020
8021
5
10300
9569
15027
15039
15408
1
9789
1
10300
1
10302
1
13397
1
13401
1
9771
5
9771
9852
9876
17591
17975
3
15405
15403
9982
1
9771
1
17975
1
9156
1
9190
1
9212
1
17582
1
17981
1
9199
5
9771
9852
9876
17591
17975
5
9771
9852
9876
17591
17975
5
6467
6468
7878
8020
8021
1
15057
1
9234
4
9266
9888
9272
9543
4
9266
9888
9272
9543
1
17432
1
18000
1
9373
3
15429
9458
9453
1
9453
1
17489
1
17497
1
9278
1
11307
4
12081
15087
11308
18043
1
18042
4
12081
15087
11308
18043
1
11306
1
11307
2
11308
18007
2
11308
18007
1
18008
1
9144
5
6467
6468
7878
8020
8021
1
9750
1
9929
1
10335
1
11071
1
11887
1
17924
8
9955
17452
9337
9757
10042
10977
10980
10043
8
9955
17452
9337
9757
10042
10977
10980
10043
1
10054
5
6467
6468
7878
8020
8021
1
9877
5
6344
6345
6348
2673
3429
5
6344
6345
6348
2673
3429
8
15653
17568
15269
8550
8563
15427
13950
15265
1
20329
1
9268
14
17483
15429
9458
9453
17486
9365
9373
11335
17479
12324
17421
17477
18059
18057
2
9373
9456
2
9373
9456
14
17483
15429
9458
9453
17486
9365
9373
11335
17479
12324
17421
17477
18059
18057
9
11335
17479
12324
15429
9458
9453
17486
9365
9373
1
9268
5
6344
6345
6348
2673
3429
1
10850
5
6344
6345
6348
2673
3429
1
12324
13
3708
3964
4213
4347
4211
6328
6587
1592
6331
1627
1645
5966
6319
1
18001
13
3708
3964
4213
4347
4211
6328
6587
1592
6331
1627
1645
5966
6319
1
18058
1
9424
1
9614
1
10335
1
10340
1
11071
1
9614
13
3708
3964
4213
4347
4211
6328
6587
1592
6331
1627
1645
5966
6319
13
3708
3964
4213
4347
4211
6328
6587
1592
6331
1627
1645
5966
6319
1
11574
1
11071
5
6344
6345
6348
2673
3429
1
1039
1
1071
1
1073
1
5451
1
5481
1
6990
1
7516
1
7600
15
5436
6586
4211
6328
6587
4213
1592
6331
1627
1645
5966
6319
3708
3964
4347
8
540
586
602
532
533
8152
564
8234
1
2773
9
3380
4021
5921
5923
1555
2739
4023
4028
4032
1
8931
10
9034
13398
18011
8326
18010
8325
10294
15297
9384
11231
5
6344
6345
6348
2673
3429
8
1619
1845
2817
6196
6198
6514
6515
6910
1
11451
1
9173
9
3380
4021
5921
5923
1555
2739
4023
4028
4032
1
15363
9
3380
4021
5921
5923
1555
2739
4023
4028
4032
6
13355
13356
13378
13493
18013
18014
1
8922
6
10338
10540
12960
12987
10446
10542
9
10494
10123
15415
9083
10435
8922
10522
11287
14452
1
12960
1
9169
1
9341
1
11122
1
11390
1
12940
1
10338
1
10435
2
10578
10446
1
10494
2
10578
10446
1
10581
4
9095
10729
10416
10563
1
10451
4
9095
10729
10416
10563
9
3380
4021
5921
5923
1555
2739
4023
4028
4032
1
15412
1
18019
1
9447
1
9460
1
9521
1
9797
1
9686
1
9793
1
9802
1
9822
1
11026
1
15105
1
15123
1
17982
1
17983
13
11864
11865
14878
14881
14883
14894
15609
15647
8557
8564
8550
8563
15646
4
8557
8564
8550
8563
5
6196
6198
6514
6515
6910
7
15609
15647
8557
8564
8550
8563
15646
1
15653
11
9807
9810
9273
9762
9753
10054
15307
15309
9607
9834
9267
1
9330
1
9754
5
6196
6198
6514
6515
6910
1
9754
5
6196
6198
6514
6515
6910
1
9358
5
9380
9390
17921
9364
9388
5
9380
9390
17921
9364
9388
5
6196
6198
6514
6515
6910
5
9913
9969
10979
9345
10978
5
6196
6198
6514
6515
6910
12
4864
5907
8166
3422
5257
5363
5364
2112
4863
2306
4041
4797
3
10977
10980
11078
4
5907
8166
3422
5257
1
9278
4
9909
11012
18588
18591
4
9256
15255
10801
18045
4
9909
11012
18588
18591
1
18042
4
9256
15255
10801
18045
6
11307
17993
9278
17994
11306
17991
1
11012
1
11013
2
9278
17994
1
17995
1
9278
1
9909
1
10801
1
11478
1
20417
1
9679
1
11474
1
11985
4
14498
14544
14420
14525
4
14498
14544
14420
14525
1
10964
4
9721
11661
11973
15349
1
11975
4
5907
8166
3422
5257
1
15350
8
17996
11307
17993
9278
17994
11306
17991
17992
1
11474
1
14420
2
11306
17991
8
17996
11307
17993
9278
17994
11306
17991
17992
1
11306
2
10935
11770
8
10935
11097
11052
11162
9444
11053
11076
11098
1
11517
1
11520
2
10935
11770
8
9173
9614
9424
10340
15287
15365
11574
15363
4
5907
8166
3422
5257
1
11138
1
11140
1
810
9
3380
4021
5921
5923
1555
2739
4023
4028
4032
1
1092
9
3380
4021
5921
5923
1555
2739
4023
4028
4032
4
5907
8166
3422
5257
4
5907
8166
3422
5257
4
5466
7974
7975
5465
8
3069
3073
4770
6932
7726
7727
5003
6930
1
14978
4
5466
7974
7975
5465
4
5466
7974
7975
5465
1
13400
5
14978
9566
9591
10145
9635
1
15414
1
18089
2
1162
440
1
5352
8
3069
3073
4770
6932
7726
7727
5003
6930
1
12979
1
17283
1
9892
1
9956
1
11262
1
12979
1
17283
1
1516
3
2713
6691
1519
2
2713
6691
3
12794
15529
18872
9
15524
18091
15525
10787
12152
12563
14723
12565
11127
9
7799
8189
7349
3390
2722
311
2712
5295
5297
7
311
2712
5295
5297
2722
7349
3390
9
7799
8189
7349
3390
2722
311
2712
5295
5297
1
2711
10
5296
5298
311
2712
5295
5297
2722
7349
3390
5299
3
2713
6691
1519
1
2711
4
5466
7974
7975
5465
7
311
2712
5295
5297
2722
7349
3390
7
311
2712
5295
5297
2722
7349
3390
10
5296
5298
311
2712
5295
5297
2722
7349
3390
5299
3
2713
6691
1519
1
2175
1
2176
1
4270
1
6071
1
6077
1
6079
1
9304
2
11788
13926
1
13508
2
11788
13926
1
14776
6
20038
14587
13524
20037
20036
14933
4
14587
13524
20037
20036
4
5466
7974
7975
5465
1
17236
4
5466
7974
7975
5465
4
18146
18147
10942
10972
1
10998
2
13116
13525
2
13116
13525
1
18290
2
12330
13429
1
12333
2
12330
13429
1
13430
2
12330
13429
1
12332
1
13428
2
12330
13429
1
14804
7
11410
11978
12796
12798
8446
8447
18292
9
8447
11906
10824
8445
8444
8443
15674
12797
20351
4
11410
11978
12796
12798
1
11448
9
8447
11906
10824
8445
8444
8443
15674
12797
20351
8
9173
9614
9424
10340
15287
15365
11574
15363
1
15506
5
5416
6291
6326
6490
8025
1
12316
1
12381
5
5416
6291
6326
6490
8025
6
11967
19333
14578
18180
19332
19334
7
8581
15596
12325
8627
8648
13801
13885
4
8627
8648
13801
13885
7
8581
15596
12325
8627
8648
13801
13885
11
15592
14937
20193
14591
18176
18598
15591
20196
18175
18602
20194
6
11967
19333
14578
18180
19332
19334
11
15592
14937
20193
14591
18176
18598
15591
20196
18175
18602
20194
1
12318
4
11967
12316
12325
12326
5
5416
6291
6326
6490
8025
1
12327
1
13767
1
13885
1
12319
4
18199
18221
12321
15694
1
15691
4
18199
18221
12321
15694
1
14863
1
15688
1
15691
1
17295
2
11852
13176
2
11852
13176
9
13547
11852
13176
14862
14863
17295
17296
17297
14956
1
17311
5
5416
6291
6326
6490
8025
1
17899
2
11852
13176
9
13547
11852
13176
14862
14863
17295
17296
17297
14956
1
14862
1
14863
1
15688
1
15689
1
12319
1
12321
5
5416
6291
6326
6490
8025
1
12323
1
17208
1
15688
1
15689
1
15691
1
15694
1
17307
2
17311
17307
5
5416
6291
6326
6490
8025
7
5363
5364
2112
4863
2306
4041
4797
2
15617
12227
1
14581
1
12227
1
12267
1
12268
7
18224
11007
11740
13555
13629
13570
18304
8
9173
9614
9424
10340
15287
15365
11574
15363
8
9173
9614
9424
10340
15287
15365
11574
15363
3
11705
17324
11713
8
13555
11705
17324
11713
11740
13629
13570
18304
8
13555
11705
17324
11713
11740
13629
13570
18304
4
11705
17324
18222
18223
1
12227
1
12267
1
12270
1
14327
1
14581
1
15679
1
11649
1
11665
1
12235
1
12244
1
12245
2
10669
12246
1
11677
2
10669
12246
1
12804
1
12805
1
15673
2
10669
12246
1
12235
2
12245
17303
2
10669
12246
1
13133
12
4864
5907
8166
3422
5257
5363
5364
2112
4863
2306
4041
4797
1
12246
1
13130
1
13133
1
15666
2
15672
15673
2
15672
15673
1
13130
10
5363
5364
2112
4863
2306
4041
4797
7064
7063
8089
1
14597
1
15666
8
3069
3073
4770
6932
7726
7727
5003
6930
3
17332
12817
13190
1
13588
1
9926
1
12808
1
14508
1
14505
1
14508
1
9926
1
12188
1
14505
1
14508
1
14586
1
15650
10
5363
5364
2112
4863
2306
4041
4797
7064
7063
8089
1
12188
3
15692
13592
14584
1
14586
7
12185
15692
13592
14584
8626
8628
16450
1
12809
1
13190
2
13588
14584
12
15098
15101
16694
16696
8626
8628
12185
15692
13592
14584
16450
12809
4
13592
14584
15692
13588
2
13588
13190
7
18254
18307
9387
18308
9421
18253
9467
7
18254
18307
9387
18308
9421
18253
9467
1
13874
4
9387
18308
9421
18253
1
18283
1
12182
1
12203
1
12813
1
13615
1
13651
2
1187
3072
2
1187
3072
3
6424
4037
3079
4
13116
13124
18290
18291
4
13116
13124
18290
18291
8
13525
18146
18147
10942
10972
18567
15558
18566
2
1187
3072
1
1741
4
6097
6098
1742
1744
4
6097
6098
1742
1744
1
3063
2
1187
3072
1
1741
1
2661
1
3063
1
3379
1
5223
1
1741
1
1744
1
3379
1
4017
1
2303
1
2661
1
3078
1
3486
1
5223
1
1748
1
1751
1
3489
8
3069
3073
4770
6932
7726
7727
5003
6930
1
1675
11
3303
2247
3074
7726
7727
5003
6930
3069
3073
4770
6932
7
6087
4039
4791
149
5361
854
1750
8
5964
6525
7069
5359
5536
6088
6539
7786
1
1675
1
1748
1
1749
5
5359
5536
6088
6539
7786
1
1751
1
1675
1
1748
1
3489
1
3490
8
3069
3073
4770
6932
7726
7727
5003
6930
1
1762
1
2604
1
2608
1
2748
1
5221
1
2602
1
2606
1
2609
1
4277
1
5212
1
1703
1
1756
1
1757
4
6133
4086
2765
1716
1
2705
1
2707
8
9173
9614
9424
10340
15287
15365
11574
15363
7
18224
11007
11740
13555
13629
13570
18304
1
1716
1
2707
5
5359
5536
6088
6539
7786
1
3360
1
2706
1
2708
1
2710
5
5359
5536
6088
6539
7786
1
3360
5
5359
5536
6088
6539
7786
2
2065
3504
2
2065
3504
1
4824
1
239
1
1708
2
2065
3504
2
2065
3504
1
4809
7
6182
2531
6179
4105
4297
4298
4289
1
3506
3
13592
14584
15692
2
14908
14907
5
5359
5536
6088
6539
7786
3
13592
14584
15692
1
2528
7
4298
6182
2531
6179
4105
4297
4289
8
9173
9614
9424
10340
15287
15365
11574
15363
1
13588
8
12185
15692
13592
14584
8626
8628
16450
13588
2
6169
1598
1
1606
1
3505
1
845
1
1598
1
1606
1
2530
1
2533
1
4828
1
2528
1
2530
1
2532
1
4297
1
4828
1
1693
1
2188
1
3431
1
1693
1
1695
1
3508
1
1688
1
1694
1
1695
1
3508
1
5255
1
1693
1
1694
1
1695
1
3431
1
12406
1
14603
1
17270
1
12406
1
13458
1
13459
1
14601
1
14603
1
13450
1
13452
2
13453
17243
1
13464
1
13470
2
13453
17243
1
12160
2
12162
15867
1
12163
1
15736
2
12162
15867
2
12162
15867
1
12217
1
14605
1
14624
1
15097
2
12162
15867
1
12162
1
12163
1
12214
1
12215
1
12217
1
12163
1
12215
1
13215
1
14607
1
15735
1
15736
1
20056
1
14626
1
15754
1
20404
3
18351
12402
12403
1
17345
1
12236
1
12239
1
12252
1
14610
1
14611
1
12239
1
12252
1
17390
4
15871
17397
17392
17390
1
17402
1
12252
6
18455
20210
20212
17234
18456
14611
14
2952
6414
5307
6619
2266
5309
6621
8131
8132
5357
6412
5992
6618
5306
2
17390
18458
8
5307
6619
2266
5309
6621
8131
8132
5357
8
5307
6619
2266
5309
6621
8131
8132
5357
1
12228
1
12399
1
14614
1
12166
11
12273
12401
14616
15793
18464
20437
18459
18460
14627
15126
15792
1
13196
11
12273
12401
14616
15793
18464
20437
18459
18460
14627
15126
15792
1
12228
1
12274
2
12279
12400
1
12399
2
12279
12400
2
12279
12400
2
12279
12400
1
12401
1
14616
2
20063
14618
8
5307
6619
2266
5309
6621
8131
8132
5357
4
12311
13707
13710
13700
2
18360
12392
1
13710
2
12264
13710
2
12281
12309
1
12307
2
12281
12309
6
12781
14253
12311
13707
13710
13700
1
12823
2
12264
13710
1
12307
1
12311
1
12391
1
12392
5
11650
20362
17379
16073
18375
8
5307
6619
2266
5309
6621
8131
8132
5357
1
12380
1
12382
1
14507
1
18392
6
18380
17240
18376
9690
12825
16074
3
13713
12825
11650
3
13713
12825
11650
2
13714
13713
6
18380
17240
18376
9690
12825
16074
3
13713
12825
11650
3
13713
12825
11650
4
15886
18383
18395
18384
1
16073
2
9690
16074
9
5105
5109
5107
2235
5048
5100
5103
856
2994
5
11650
20362
17379
16073
18375
1
12314
1
12380
1
12382
4
19315
12826
12828
19314
1
12827
1
12828
4
20386
12168
17384
18397
2
12168
17384
2
10617
17384
5
12168
17384
17329
20386
18397
8
9010
11141
11369
11520
10935
11097
11052
11162
8
9010
11141
11369
11520
10935
11097
11052
11162
1
17323
5
12168
17384
17329
20386
18397
19
1920
4527
5107
70
4733
8102
4731
4718
143
5105
5109
2235
5048
5100
5103
856
2994
3108
6023
1
12299
1
13522
1
13579
1
17319
4
12169
20338
12304
13522
8
9010
11141
11369
11520
10935
11097
11052
11162
1
17319
1
17323
1
20338
1
13414
1
13434
1
13435
1
13411
1
13434
1
13741
1
9486
4
18946
13478
17387
18945
1
13479
1
14549
4
18946
13478
17387
18945
1
18474
4
18712
11643
13475
18710
1
11644
1
13474
1
13475
1
13486
1
13491
1
11644
1
13487
1
13489
1
13490
1
13491
1
13492
1
1805
1
2496
1
2500
1
1804
1
2496
1
3511
1
927
2
6609
3509
1
13453
3
17243
13450
13453
1
927
1
2191
1
2499
1
3509
1
3510
1
1798
1
2384
1
3512
1
1796
1
1798
1
1796
1
1797
1
1798
1
2384
1
2385
1
2541
1
2385
1
2541
4
4149
6485
2544
2545
4
4149
6485
2544
2545
7
3875
3876
4149
6485
2544
2545
2546
13
3875
3876
4149
6485
2544
2545
2546
4147
4154
5408
5833
6496
3513
1
1794
1
1795
1
1719
1
1721
1
3518
9
14612
15014
20337
15046
18455
20210
20212
17234
18456
9
20337
15046
15014
14612
18455
20210
20212
17234
18456
1
15749
1
1586
8
9010
11141
11369
11520
10935
11097
11052
11162
1
3519
1
3520
1
6508
4
2629
6511
2627
6509
1
1620
1
1792
1
1793
1
2635
1
2636
4
2945
6410
7883
7884
1
14613
1
15013
1
15788
6
18464
20437
18459
18460
14627
15126
8
9010
11141
11369
11520
10935
11097
11052
11162
14
15883
15884
12273
12401
14616
15793
18464
20437
18459
18460
14627
15126
15792
15783
8
9010
11141
11369
11520
10935
11097
11052
11162
1
1789
1
2828
1
3436
1
2192
4
6274
6275
6295
2644
1
2649
1
13690
3
18366
18674
18365
1
13233
2
13714
13713
2
13714
13713
1
1788
3
4203
2195
4839
1
2092
1
2652
3
2655
3960
5252
5
11650
20362
17379
16073
18375
3
13713
12825
11650
3
13713
12825
11650
1
2654
1
2655
4
17240
18376
9690
12825
1
13233
1
13713
1
1636
1
1786
1
2092
1
2652
1
3433
1
2689
1
2690
1
3526
1
2685
1
2689
1
1733
1
1735
1
2684
1
10617
7
8546
8548
11249
17588
11250
11732
12777
1
2672
9
5105
5109
5107
2235
5048
5100
5103
856
2994
1
4607
1
1782
3
2671
2673
3429
9
5105
5109
5107
2235
5048
5100
5103
856
2994
9
5105
5109
5107
2235
5048
5100
5103
856
2994
1
4607
3
2671
2673
3429
9
5105
5109
5107
2235
5048
5100
5103
856
2994
1
4387
1
4461
3
11686
12913
9911
1
18477
2
10835
9746
1
9911
5
5048
5100
5103
856
2994
1
11508
1
18477
1
12893
1
17433
1
18485
5
5048
5100
5103
856
2994
2
12900
18481
5
5048
5100
5103
856
2994
1
17433
1
18481
5
5048
5100
5103
856
2994
8
7486
7488
2200
5048
5100
5103
856
2994
1
13780
1
15959
1
17433
1
1970
1
3147
1
3151
13
14676
12461
17157
12865
19623
20300
20302
8383
8384
19621
19918
20303
16881
1
13449
13
14676
12461
17157
12865
19623
20300
20302
8383
8384
19621
19918
20303
16881
1
17197
13
14676
12461
17157
12865
19623
20300
20302
8383
8384
19621
19918
20303
16881
13
14676
12461
17157
12865
19623
20300
20302
8383
8384
19621
19918
20303
16881
1
20090
1
13448
1
20089
1
20090
1
12847
2
8372
15914
1
18497
1
18498
1
11228
1
12847
1
13310
1
18498
1
19846
1
12362
1
13807
1
17394
1
14433
1
17394
4
18503
18505
11484
13824
3
14530
12930
15938
4
18503
18505
11484
13824
1
13825
5
8453
15938
8454
8466
8455
1
18518
1
18521
3
14530
12930
15938
1
12492
3
14530
12930
15938
1
13824
4
14530
12930
15938
15940
4
8726
8735
18979
12855
1
15962
1
16352
14
7609
7680
4988
4989
4990
2976
3334
4449
5067
6666
4946
4948
6667
5065
1
9066
4
9225
9420
9108
9241
4
9225
9420
9108
9241
1
12003
7
15970
16195
12501
12030
15968
12396
12580
7
4946
4948
6667
5065
3334
4449
5067
1
9241
1
10921
1
11436
1
11611
1
12501
1
10921
1
11436
1
12831
1
12892
2
18488
18523
2
18488
18523
1
13778
2
15962
15960
7
4946
4948
6667
5065
3334
4449
5067
7
4946
4948
6667
5065
3334
4449
5067
1
13778
4
2945
6410
7883
7884
1
16950
1
16951
4
2945
6410
7883
7884
6
12347
17404
20401
19637
15856
15861
1
12355
6
12347
17404
20401
19637
15856
15861
7
4946
4948
6667
5065
3334
4449
5067
5
4836
6307
6309
2654
4839
3
12337
14527
12870
3
12337
14527
12870
1
15413
6
12337
14527
12870
19640
19641
15857
12
17019
15809
17169
17173
17174
8425
8427
15786
8424
8426
8422
19707
8
8453
8466
8454
8455
19958
19959
16005
15938
1
12485
1
13811
4
2945
6410
7883
7884
1
18518
1
8454
1
12485
1
15402
1
15413
7
8546
8548
11249
17588
11250
11732
12777
13
19637
12347
15856
15861
17404
13939
19638
12337
14527
12870
19640
19641
15857
7
8546
8548
11249
17588
11250
11732
12777
1
16107
6
12347
17404
20401
19637
15856
15861
1
12485
1
13811
1
15400
1
15402
1
15937
13
19637
12347
15856
15861
17404
13939
19638
12337
14527
12870
19640
19641
15857
1
15400
1
15402
1
15413
9
8425
8427
15786
15809
17169
17173
17174
8424
8426
9
8425
8427
15786
15809
17169
17173
17174
8424
8426
1
9941
1
11390
1
12940
4
2945
6410
7883
7884
8
17192
17218
13813
13800
13812
17196
13808
13869
4
2945
6410
7883
7884
1
2738
1
5200
1
6423
1
13625
5
4836
6307
6309
2654
4839
1
18568
1
910
4
1230
1397
1017
1104
4
1230
1397
1017
1104
7
1230
1397
1017
1104
1930
1952
1348
4
1367
1818
1350
1971
4
1367
1818
1350
1971
5
4836
6307
6309
2654
4839
5
4836
6307
6309
2654
4839
5
4836
6307
6309
2654
4839
5
4836
6307
6309
2654
4839
1
18568
1
2095
4
4774
4777
4495
4776
4
4774
4777
4495
4776
1
9645
1
13755
1
16000
1
5908
4
4721
4723
7862
7863
1
14510
1
17735
1
2305
1
2310
1
3582
1
3584
1
1187
1
1742
1
5357
1
5358
1
6098
1
1187
1
2265
1
2266
8
5307
5357
6619
2266
5309
6621
8131
8132
1
5309
8
5307
5357
6619
2266
5309
6621
8131
8132
1
5358
1
2509
1
2663
8
4030
4027
4031
1555
2739
4023
4028
4032
8
4030
4027
4031
1555
2739
4023
4028
4032
1
8138
1
14932
1
17632
4
17637
18134
18135
18143
1
18136
1
18140
4
17637
18134
18135
18143
1
18578
1
3492
1
4057
1
4282
1
14590
1
17313
1
4281
1
4282
1
14590
1
15071
1
15084
1
3603
1
3728
1
12363
1
15259
1
4056
1
4057
1
6104
1
8329
1
8331
1
17313
1
8331
1
12447
1
14590
1
15084
1
16300
1
17313
1
466
1
6971
1
14850
1
17320
1
5705
2
8191
6114
1
17904
3
18300
18213
18613
1
12322
2
17311
17307
1
18203
1
12322
2
17311
17307
6
5539
5540
5541
3614
6460
2321
1
2573
4
2322
5540
5541
3614
1
13171
7
13178
17660
13108
13100
13048
17661
12625
4
6133
4086
2765
1716
6
6133
4086
2765
2768
1714
2764
7
18224
11007
11740
13555
13629
13570
18304
1
13633
8
8887
13392
8889
13556
13571
13572
15649
17210
1
10946
1
13436
1
15649
3
6452
6454
2349
1
2350
1
13192
2
13193
18615
1
2350
1
2775
1
3855
1
13188
1
13192
1
13589
1
2775
1
2776
1
13589
1
13641
1
15457
1
15951
1
1710
2
5381
2351
1
2772
1
11688
7
8546
8548
11249
17588
11250
11732
12777
1
2351
1
6452
7
8546
8548
11249
17588
11250
11732
12777
7
8546
8548
11249
17588
11250
11732
12777
15
19418
13577
13194
16047
10815
17699
19243
19249
9693
10813
16045
19245
17697
19416
18615
1
1710
1
2771
1
11688
1
13581
1
2776
3
2531
6179
4105
7
4298
6182
2531
6179
4105
4297
4289
1
15457
4
4721
4723
7862
7863
4
4721
4723
7862
7863
1
5411
1
5412
1
5603
1
5614
1
5616
2
1718
8025
2
5416
7112
1
6148
1
6240
2
5416
7112
2
1718
8025
2
1718
8025
1
5473
1
6291
2
1718
8025
1
2378
1
3045
1
3666
1
3680
1
3682
1
3884
1
2378
2
2381
3045
2
2381
3045
4
5810
3880
3932
3867
4
5810
3880
3932
3867
6
3867
3935
3942
5810
3880
3932
1
3943
2
2381
3045
2
2381
3045
1
3666
1
3668
1
5417
1
6957
1
3679
1
3681
2
5416
7112
1
6489
1
6490
2
5416
7112
1
7113
1
3870
4
5810
3880
3932
3867
1
3881
4
5810
3880
3932
3867
1
3934
1
3870
1
3881
1
3883
1
4306
1
6358
1
6326
1
6341
1
6489
1
6490
1
1456
2
5631
1901
1
3687
6
8653
17782
17948
17946
16203
8652
3
17948
17946
16203
5
6530
7852
5414
8023
5415
2
8023
5415
1
5633
1
5635
1
5638
1
6529
1
2393
1
2632
1
8169
1
13247
1
13689
1
20424
1
8169
1
8170
5
2770
4950
6404
8125
8126
5
2770
4950
6404
8125
8126
1
20424
5
2823
6274
6275
6295
2644
1
2824
1
8170
5
18366
18674
18365
20396
13751
8
18362
18366
18674
18365
20396
13751
19310
19307
1
20020
1
2094
1
3696
1
3697
1
7263
1
14262
1
15346
4
4721
4723
7862
7863
1
17266
2
935
5422
1
939
2
935
5422
1
17376
6
18467
18470
18680
18681
18468
18469
2
5441
5660
1
6321
4
4721
4723
7862
7863
2
17840
17841
2
17840
17841
2
6567
5448
1
6335
3
18708
18429
18424
1
18472
3
19523
19525
17256
1
18476
3
1167
1119
1331
3
2987
336
2007
5
11491
11527
12761
13174
11783
2
11780
12345
1
1331
8
5715
5759
1377
1331
1376
1038
6048
8103
4
4721
4723
7862
7863
9
6038
8226
6042
277
1778
2987
336
2007
6047
5
4569
6879
4568
2242
3018
1
11053
1
11138
1
11141
5
4569
6879
4568
2242
3018
1
1304
1
1338
1
10792
1
11276
1
11289
8
1011
5179
1028
1007
1027
8114
304
5765
1
3830
2
1082
8114
4
17937
20066
8680
8681
4
17937
20066
8680
8681
1
14715
1
14718
1
13418
1
13423
3
14726
14730
17288
1
13423
1
15546
15
10998
18146
18147
10942
10972
18567
15558
18566
14499
13625
15559
16021
13169
16025
18552
2
13169
17309
6
4569
6879
4568
2242
3018
3445
3
13169
16025
18552
2
13169
17309
4
13116
13124
18290
18291
4
13116
13124
18290
18291
1
13418
3
13421
13420
15546
1
13423
14
3336
2223
6880
7604
7603
7608
7682
7683
3445
2242
3018
4569
6879
4568
1
16023
1
16024
11
16022
18732
13992
14726
14730
17288
18734
13229
13231
17287
17539
2
16021
16023
2
16021
16023
1
16024
6
4569
6879
4568
2242
3018
3445
6
8446
8444
8445
8442
8443
15674
1
3488
4
6412
5992
6618
5306
1
5308
8
4464
4543
4468
4544
4545
2213
2028
2958
2
14744
14588
6
4468
4544
4545
2213
2028
2958
8
4464
4543
4468
4544
4545
2213
2028
2958
4
6412
5992
6618
5306
6
4468
4544
4545
2213
2028
2958
6
4468
4544
4545
2213
2028
2958
3
13169
16025
18552
1
17309
1
5357
1
2265
1
2266
1
3487
1
2265
1
5358
1
5358
1
1892
5
2770
4950
6404
8125
8126
1
4368
1
10397
1
12359
1
12774
1
18500
1
20364
4
1889
4373
2940
1899
1
1915
4
1889
4373
2940
1899
1
12555
1
19031
1
19035
1
11805
1
11836
1
13902
1
13906
4
1889
4373
2940
1899
18
17731
17730
17729
19288
19289
17626
17629
9263
11915
19291
19292
8442
8443
19290
8446
8444
8445
15674
1
1899
7
4468
4544
4545
2213
2028
2958
4970
5
4466
6804
6894
6895
7731
1
1446
1
1923
1
2047
1
9408
1
19774
1
19775
1
11356
1
11689
1
16148
1
9031
5
4466
6804
6894
6895
7731
5
4466
6804
6894
6895
7731
1
14646
1
11663
1
14646
1
1923
1
1975
1
2031
1
2046
1
2047
1
1299
7
4978
4998
1496
1299
1533
1898
1906
1
1902
1
11670
4
9073
12542
11670
16812
1
12543
1
12541
1
14439
1
17440
2
12544
17935
1
17440
2
12544
17935
1
1898
1
1903
1
1906
2
1999
5068
1
5066
2
1999
5068
1
12542
1
12543
2
12544
17935
1
12613
2
12544
17935
1
12613
1
14439
1
17440
1
17935
1
20266
5
4466
6804
6894
6895
7731
1
16826
5
4466
6804
6894
6895
7731
1
12135
10
18749
12569
12570
16546
16825
16826
16827
14215
15417
18750
5
4430
4861
5049
5468
6653
5
12570
16546
16825
16826
16827
1
1497
2
1498
1899
2
4378
1896
5
4430
4861
5049
5468
6653
2
4378
1896
1
6642
5
4430
4861
5049
5468
6653
5
4430
4861
5049
5468
6653
5
4430
4861
5049
5468
6653
2
1896
4378
11
4984
4964
5272
1500
6622
1913
1889
1915
1896
7326
7327
10
6622
1913
1500
1889
1915
1896
7326
7327
5272
4964
10
4964
5272
1500
6622
1913
1889
1915
1896
7326
7327
8
4377
4412
1896
4378
1889
4373
2940
1899
2
4376
4964
1
4962
3
4964
5272
1500
11
4984
4964
5272
1500
6622
1913
1889
1915
1896
7326
7327
3
4964
5272
1500
1
12135
1
12564
1
12569
1
16543
1
16545
1
9780
1
12340
1
20371
1
1908
1
1928
1
2976
1
12546
1
19819
1
19821
1
1908
1
3381
1
4393
1
5332
1
11554
1
12546
1
16977
1
11681
1
16125
1
17453
1
12548
4
13944
12548
16977
16126
10
1919
2997
4526
5049
6025
5467
4430
4861
5468
6653
5
4404
4408
7342
4980
5000
1
1908
1
1910
1
1928
1
2967
1
3381
1
1999
1
4398
1
4488
1
5068
1
5069
1
11554
5
13944
12548
16977
16126
16122
5
12548
16126
16122
13944
16977
6
13944
12548
16977
16126
16122
16113
1
11554
1
12546
1
16125
1
16126
1
17453
1
19821
8
7341
3720
3718
4404
4408
7342
4980
5000
1
1924
1
1926
1
2015
1
2028
4
18762
20295
11399
20292
4
18762
20295
11399
20292
1
20294
4
12136
17466
18763
18765
1
17224
4
12136
17466
18763
18765
1
12778
1
12916
1
11542
1
12916
1
17466
1
1924
2
1925
2970
1
1926
2
1925
2970
1
2975
1
11472
1
18477
3
17399
18480
18479
1
8886
1
11011
1
11041
1
16245
6
8446
8444
8445
8442
8443
15674
1
8973
1
12644
14
12653
18478
18771
9712
12846
18778
18779
8543
12867
12903
15905
18775
13880
13973
1
13881
1
13884
2
13880
13973
2
8973
16245
1
12644
8
8446
8444
8445
8442
8443
15674
12797
20351
6
8446
8444
8445
8442
8443
15674
2
8973
16245
8
15385
15583
15593
17471
20370
11343
15496
15504
8
15385
15583
15593
17471
20370
11343
15496
15504
1
10923
1
10925
2
12495
13889
8
15385
15583
15593
17471
20370
11343
15496
15504
1
13909
1
16148
4
16809
16810
16807
16808
4
16809
16810
16807
16808
2
11345
16941
1
11664
1
16811
2
11345
16941
1
19569
1
19570
2
11345
16941
5
4404
4408
7342
4980
5000
1
12607
5
4404
4408
7342
4980
5000
2
11345
16941
9
16942
19152
13909
16807
16941
19569
11564
14003
19150
5
4404
4408
7342
4980
5000
5
4404
4408
7342
4980
5000
1
11356
1
16148
7
16808
16811
13909
16807
16941
16942
19569
7
16808
16811
13909
16807
16941
16942
19569
1
19570
1
11376
1
11384
2
11691
12075
8
17469
20171
8788
14523
20163
12075
12074
16511
2
11691
12075
1
11376
1
11384
8
11564
14003
19150
19152
13553
16157
19154
11693
1
12607
1
13999
1
11384
5
2770
4950
6404
8125
8126
5
2770
4950
6404
8125
8126
1
13913
1
13999
4
1498
1899
2940
4373
4
1498
1899
2940
4373
1
16102
1
16815
4
18803
18805
13858
14021
4
18803
18805
13858
14021
1
17434
1
9327
1
10094
2
11779
14009
1
11808
2
11779
14009
1
9327
1
10094
1
10337
1
12033
1
12695
1
10094
2
10337
13150
1
11808
1
12357
2
10337
13150
1
11668
1
13051
1
13134
1
13920
1
16957
6
18794
11779
14009
14513
12498
18841
2
11779
14009
6
18794
11779
14009
14513
12498
18841
1
17435
1
17436
1
11779
1
11808
1
12357
1
12856
1
16357
1
17435
1
17437
4
8396
18847
14232
16015
1
15121
4
8396
18847
14232
16015
1
14053
5
16202
18846
18847
14231
14232
4
2940
4373
1899
1498
1
14344
1
12003
4
2940
4373
1899
1498
2
12580
12583
2
12580
12583
8
4377
4412
1896
4378
1889
4373
2940
1899
1
18792
1
20377
1
12396
1
12579
2
12580
12583
2
12580
12583
1
15440
1
16197
1
12475
1
12478
1
12707
1
15934
1
16390
1
12476
1
12707
1
14053
1
14231
1
16390
1
12478
1
14061
1
15076
1
15934
1
15947
5
18860
18862
11583
11374
11509
5
18860
18862
11583
11374
11509
1
12926
5
18860
18864
16736
11374
12451
3
2940
4373
1899
4
11538
14543
12618
13795
4
11538
14543
12618
13795
2
8873
14936
4
17758
17762
8884
8886
4
17758
17762
8884
8886
1
14832
2
8873
14936
1
20381
4
17758
17762
8884
8886
2
8873
14936
1
11567
1
13963
1
14768
2
8873
14936
1
8873
1
8886
2
11011
14109
1
13963
2
11011
14109
9
9784
19626
12517
16232
16231
19340
18493
19336
12520
4
13462
19624
12473
19625
6
4320
4321
5431
6757
2094
3696
9
9784
19626
12517
16232
16231
19340
18493
19336
12520
1
12571
4
13462
19624
12473
19625
8
9784
19626
12517
16232
16231
19340
18493
19336
6
4320
4321
5431
6757
2094
3696
8
15385
15583
15593
17471
20370
11343
15496
15504
6
4320
4321
5431
6757
2094
3696
8
15385
15583
15593
17471
20370
11343
15496
15504
9
9784
19626
12517
16232
16231
19340
18493
19336
12520
1
10925
1
10927
8
18785
17231
12495
13889
8890
17524
8792
12510
9
9784
19626
12517
16232
16231
19340
18493
19336
12520
1
12575
2
12495
13889
1
14120
6
4320
4321
5431
6757
2094
3696
1
10927
6
4320
4321
5431
6757
2094
3696
2
11011
14109
2
11011
14109
1
10925
1
10927
1
11567
1
12578
1
13963
1
14109
1
14120
2
11180
14101
1
11416
14
15721
16277
16361
19590
19591
11697
14151
19121
19088
8308
14534
14156
19122
15518
2
11180
14101
1
14328
2
11180
14101
1
11567
1
12573
1
12578
2
11180
14101
1
14768
1
11416
2
12571
16235
1
14328
2
12571
16235
1
19625
1
19628
1
19629
2
12449
12575
1
12520
2
12571
16235
2
12449
12575
2
12571
16235
2
12449
12575
1
12573
2
12449
12575
1
12578
1
14120
1
12449
1
12573
1
14101
1
14328
1
16235
1
1189
1
1672
3
1459
1673
1931
3
1459
1673
1931
1
1932
2
4022
6430
8
7486
7488
2200
5048
5100
5103
856
2994
19
5470
7486
7488
2200
5048
5100
5103
856
2994
2235
1920
4527
5107
70
4733
8102
4731
4718
143
2
4022
6430
1
2200
1
2235
1
3094
1
4685
15
3097
3327
4725
4726
4734
7291
7295
70
4733
8102
4731
4718
143
7292
7293
1
7293
1
5715
2
1375
8103
2
11529
11069
11
11491
11527
12761
13174
11783
11757
11780
11212
17916
18053
18055
1
10804
1
15089
14
15721
16277
16361
19590
19591
11697
14151
19121
19088
8308
14534
14156
19122
15518
14
15721
16277
16361
19590
19591
11697
14151
19121
19088
8308
14534
14156
19122
15518
5
8332
18294
18293
18188
13767
4
18894
18896
12328
15595
2
4022
6430
2
4022
6430
2
9907
13235
1
14593
1
14847
2
9907
13235
1
11170
4
13465
20413
13250
16311
1
14835
7
9454
17641
11953
20413
13465
13250
16311
1
12320
2
4022
6430
1
13251
2
4022
6430
1
17208
3
14593
14847
13235
2
13245
14852
4
3986
7385
7388
5378
1
14848
2
13245
14852
1
16312
1
13244
1
13246
1
14848
1
16312
2
13245
16311
4
13465
20413
13250
16311
2
13245
14852
1
14853
4
3986
7385
7388
5378
4
3986
7385
7388
5378
2
13245
14852
2
13246
16318
1
13251
1
14838
1
14848
1
14852
1
14853
2
13246
16318
1
13250
1
14835
1
14838
1
14853
1
1567
1
2128
1
2916
1
1753
1
4592
1
13685
3
13707
13710
13700
6
12781
14253
12311
13707
13710
13700
1
11065
1
13685
2
13700
13707
2
13700
13707
1
17206
1
17812
1
12264
4
12311
13707
13710
13700
2
13700
13707
4
12311
13707
13710
13700
8
18367
18682
18685
9220
9232
9264
18902
18903
8
18367
18682
18685
9220
9232
9264
18902
18903
3
13707
13710
13700
1
12315
1
18392
1
12315
1
12317
1
17804
1
12257
1
12317
1
13722
1
13724
1
17804
1
17808
4
3986
7385
7388
5378
2
18384
15886
6
3987
5378
7385
5379
3986
7388
4
3986
7385
7388
5378
2
18384
15886
2
13409
13471
1
13410
2
13409
13471
1
13410
1
13411
1
18434
1
13407
1
13474
4
18712
11643
13475
18710
1
18435
4
18712
11643
13475
18710
1
18711
1
13407
2
13409
13471
1
13471
1
15600
1
17389
1
18711
1
18953
2
13409
13471
1
8473
1
14631
1
17386
1
13414
1
18439
1
18559
1
8468
1
14769
7
14740
14814
18941
18942
14831
15990
14797
4
18941
18942
14831
15990
4
18941
18942
14831
15990
1
18944
8
3919
6428
7066
4023
1555
2739
4028
4032
4
18450
18453
13480
14549
1
15990
8
3919
6428
7066
4023
1555
2739
4028
4032
1
18944
2
18945
13478
1
13495
1
14794
1
14797
1
14831
1
17359
1
18558
1
1755
1
1791
1
2822
1
1755
1
2694
1
7763
1
1755
1
2694
1
2822
8
3919
6428
7066
4023
1555
2739
4028
4032
1
4264
1
7244
1
2681
1
4264
1
4266
1
2681
1
4222
1
5446
1
2419
1
5214
1
5450
2
2666
6568
1
3709
1
3711
1
5226
9
2666
6568
3076
5203
5448
6335
6337
5202
6790
1
6569
2
2666
6568
1
2667
1
5447
1
6567
3
2666
6568
6567
3
10308
18954
11336
1
15283
8
3919
6428
7066
4023
1555
2739
4028
4032
1
1934
3
7314
7761
7760
1
12422
4
19715
19716
13980
14634
4
19715
19716
13980
14634
5
20388
18961
12888
16332
17419
2
20388
18961
1
12422
10
13091
16333
17419
17745
18959
12586
12888
20388
18961
16332
2
12586
12888
1
13980
1
18961
2
5052
3209
1
6826
1
6827
2
8601
8602
1
14220
1
16737
4
14219
16336
13385
8601
4
14219
16336
13385
8601
2
20367
14639
1
8601
4
14219
16336
13385
8601
1
14639
1
16737
1
2210
2
4537
3146
5
2770
4950
6404
8125
8126
4
16347
14172
14535
16340
1
14535
1
16345
1
2210
2
3449
4649
2
3449
4649
1
14163
1
14171
1
16345
1
11639
1
14521
1
16341
1
16649
1
8751
1
11639
1
17430
1
3146
1
3155
2
6701
3192
1
3194
6
4663
3146
4537
4651
4655
7539
1
3197
2
3449
4649
2
3449
4649
1
6700
1
7635
1
8751
1
11639
1
14173
1
16341
1
16346
1
14163
2
14171
16346
8
3919
6428
7066
4023
1555
2739
4028
4032
1
16341
2
14171
16346
2
14171
16346
1
14172
1
14173
1
16345
2
14171
16346
1
13914
8
13914
16259
8715
16252
16258
19545
16253
16795
1
2211
2
3158
3186
1
3159
1
3184
2
3158
3186
2
3158
3186
8
3919
6428
7066
4023
1555
2739
4028
4032
2
3158
3186
1
3188
3
3185
3190
3182
4
12852
13554
18977
18978
4
12852
13554
18977
18978
1
13912
4
18976
18978
12446
13554
3
12851
18974
19078
4
18976
18978
12446
13554
1
1182
1
1201
1
2216
1
4672
1
1201
1
2218
2
4670
4907
1
4672
2
4670
4907
1
1201
8
3919
6428
7066
4023
1555
2739
4028
4032
1
2216
2
2217
2247
2
2218
2247
2
2218
2247
8
3919
6428
7066
4023
1555
2739
4028
4032
1
1329
1
1830
1
2222
1
14236
1
18803
1
18805
5
8686
8678
8688
8726
8692
1
17434
4
6871
6875
1777
3362
7
3850
3048
3047
3950
4100
4808
3051
1
3018
1
3330
4
6871
6875
1777
3362
11
1745
7239
8129
3395
3850
3048
3047
3950
4100
4808
3051
1
3200
1
4676
1
4679
1
19100
1
19112
1
19114
9
6883
6885
3130
3465
6881
2238
7046
7049
5217
1
3200
6
3465
6881
2238
7046
7049
5217
1
9629
1
19100
1
19815
1
11396
1
14128
1
14555
1
11396
1
16554
1
19099
1
3130
7
3131
6887
6888
6890
6921
7618
7620
1
3200
1
4679
10
15478
16366
18988
18989
11671
13263
18985
18986
15496
15504
1
12861
4
18988
18989
11671
13263
4
18985
18986
15496
15504
10
15478
16366
18988
18989
11671
13263
18985
18986
15496
15504
14
15721
16277
16361
19590
19591
11697
14151
19121
19088
8308
14534
14156
19122
15518
14
15721
16277
16361
19590
19591
11697
14151
19121
19088
8308
14534
14156
19122
15518
1
1179
2
6701
3192
1
3193
1
3194
1
4683
2
6701
3192
4
8398
15357
11343
15345
1
13263
4
8398
15357
11343
15345
1
15354
14
15721
16277
16361
19590
19591
11697
14151
19121
19088
8308
14534
14156
19122
15518
1
2232
1
3221
1
3223
1
12862
4
18999
19000
16824
17156
4
18999
19000
16824
17156
1
14077
4
17476
16821
18998
16822
1
17155
1
3001
2
3217
3404
1
3404
8
18860
18862
11583
16374
16965
18863
19002
19006
2
14227
14228
2
14227
14228
7
3530
6865
6867
5464
3529
3217
3404
1
3530
1
14228
1
19936
5
12926
12438
19938
19003
19004
5
12926
12438
19938
19003
19004
7
12438
14227
14228
19936
19938
12434
14635
1
3089
1
3107
1
7864
1
17186
1
17213
1
17216
1
13374
1
19010
1
3087
1
3089
10
16374
16965
18863
19002
19006
11509
12926
19001
19004
11532
10
16374
16965
18863
19002
19006
11509
12926
19001
19004
11532
1
7864
1
12945
1
13374
1
17186
1
17216
1
19010
1
20032
1
3118
1
3123
1
3438
1
8605
7
8615
8606
8605
8609
12238
16299
16298
1
16296
1
16287
1
16294
1
3114
1
3120
1
3122
2
3720
3721
9
7341
3720
3718
4404
4408
7342
4980
5000
3721
9
3118
3438
6882
3465
6881
2238
7046
7049
5217
1
3119
1
3120
1
3122
1
3123
5
2732
3794
4482
6471
7867
11
4982
4997
6922
3718
3719
3126
3132
6889
6920
3124
4676
3
3718
3719
3126
2
3720
3721
2
3720
3721
1
8606
2
16287
16294
2
16287
16294
1
16295
1
16296
1
4574
1
4590
1
4753
1
16201
1
16202
1
16989
5
4569
6879
4568
2242
3018
1
4574
1
14538
1
16394
1
16989
4
14230
16393
16392
18840
1
14344
4
14230
16393
16392
18840
1
16988
1
12878
1
14053
1
14344
1
16393
2
12878
16201
1
14053
1
14231
9
16393
14230
14538
16988
16391
16394
16989
12878
16201
1
16202
1
18846
4
20126
20127
14352
14353
10
16374
16965
18863
19002
19006
11509
12926
19001
19004
11532
10
16374
16965
18863
19002
19006
11509
12926
19001
19004
11532
1
20158
5
2732
3794
4482
6471
7867
3
1326
3447
4670
1
2246
1
3235
1
3236
3
1326
3447
4670
10
16374
16965
18863
19002
19006
11509
12926
19001
19004
11532
1
2218
1
3233
1
3235
2
4907
4670
3
3447
1326
4670
1
2218
2
2247
3074
2
2247
3074
1
3233
11
3303
2247
3074
7726
7727
5003
6930
3069
3073
4770
6932
1
2218
1
3233
1
3234
1
3235
1
3236
1
3303
1
12072
1
14352
5
2732
3794
4482
6471
7867
1
20158
5
2732
3794
4482
6471
7867
7
3850
3048
3047
3950
4100
4808
3051
1
4853
10
3144
4540
6939
6940
6950
5231
3173
4853
4855
4857
1
12884
1
16267
1
17220
1
13781
8
17015
17258
17011
14668
19674
13781
17131
8727
8
17015
17258
17011
14668
19674
13781
17131
8727
3
17015
17011
14668
3
17015
17011
14668
6
20028
20030
14670
17015
17011
14668
1
3180
1
3181
1
6788
1
6845
1
6848
1
6938
1
11239
3
17015
17011
14668
8
17015
17258
17011
14668
19674
13781
17131
8727
8
17015
17258
17011
14668
19674
13781
17131
8727
7
3850
3048
3047
3950
4100
4808
3051
1
11239
1
12884
1
14668
1
16267
1
17011
1
11239
2
12884
17220
7
3850
3048
3047
3950
4100
4808
3051
1
14180
9
4831
7765
3850
3048
3047
3950
4100
4808
3051
2
12884
17220
5
17258
19674
13781
17131
8727
1
11805
1
11807
1
12894
5
3805
3806
5526
1154
3575
1
10922
11
19186
20379
8939
12932
19184
12338
16895
17427
16891
17472
12895
10
16374
16965
18863
19002
19006
11509
12926
19001
19004
11532
1
14182
1
10922
1
10931
1
14182
1
14184
1
14185
1
14193
3
19031
11836
11805
1
11807
3
19031
11836
11805
1
11844
1
16248
1
19540
1
11805
1
12602
3
16795
12850
16794
3
16795
12850
16794
1
8720
1
12850
12
16915
17425
19738
14150
20428
11533
17424
17051
17475
20433
17908
17923
12
16915
17425
19738
14150
20428
11533
17424
17051
17475
20433
17908
17923
8
13914
16259
8715
16252
16258
19545
16253
16795
5
3805
3806
5526
1154
3575
1
8720
1
10314
1
16250
2
16251
16256
1
16253
1
16254
1
16255
2
16251
16256
1
10314
1
10321
1
14186
1
16254
1
17139
1
11724
1
14186
1
14190
2
14645
19770
1
17139
2
14645
19770
1
12897
4
12898
14546
19055
19771
1
14189
10
3811
5014
3805
3806
5526
1154
3575
925
3804
3810
1
16250
1
16255
1
14186
1
14189
1
14190
1
16254
1
16255
3
12851
18974
19078
1
13909
1
14292
3
12851
18974
19078
1
8933
2
9653
18973
1
9672
4
11051
11160
9653
18973
9
8425
8427
15786
15809
17169
17173
17174
8424
8426
1
14224
3
11051
9653
18973
2
8933
8934
2
8933
8934
10
9014
19067
9005
11142
13996
19085
19086
16457
19153
19152
2
13996
19062
1
14224
2
13996
19062
2
8933
8934
2
8933
8934
1
9672
1
16945
4
19075
19077
9653
18973
1
12446
3
12851
18974
19078
4
19075
19077
9653
18973
3
12851
18974
19078
1
18976
5
3805
3806
5526
1154
3575
1
10333
1
10362
1
11275
1
16865
1
19066
3
11051
9653
18973
2
14133
18978
3
11051
9653
18973
1
18976
2
14133
18978
2
13996
19062
2
16942
19152
2
13996
19062
17
19074
14400
19073
19085
19086
16457
19153
19152
12912
10840
10811
16027
16029
16516
9005
11142
13996
8
19085
19086
16457
19153
19152
9005
11142
13996
4
19116
19114
14555
16361
4
19116
19114
14555
16361
1
19590
1
8779
1
14218
4
15718
15913
15518
15721
4
15718
15913
15518
15721
1
19591
1
8779
1
11697
1
14132
1
14153
1
15518
4
14135
16478
16387
13943
1
14138
1
16124
1
16480
1
8811
1
12875
1
14147
1
16288
1
16293
1
16481
1
12875
10
3811
5014
3805
3806
5526
1154
3575
925
3804
3810
5
3713
6784
6785
7928
7931
1
16481
1
12875
4
13943
14135
16478
16387
6
14138
13943
14135
16478
16387
16480
1
16288
6
8840
16292
16478
13943
14135
16387
1
16288
1
16289
1
16290
1
16291
6
16292
13943
14135
16478
16387
8840
1
16293
1
10796
8
12912
10840
10811
16027
16029
16516
8323
19142
4
12778
18761
8759
12916
4
12778
18761
8759
12916
1
8759
4
12778
18761
8759
12916
1
12916
12
16915
17425
19738
14150
20428
11533
17424
17051
17475
20433
17908
17923
2
8759
8888
2
8759
8888
1
10796
1
13947
1
18761
1
14001
1
14003
2
16942
19152
1
19153
2
16942
19152
1
8513
1
8757
1
12924
1
14239
1
20372
1
8757
1
8758
1
14238
1
14239
1
14240
1
14242
3
7003
1427
2256
4
2233
2273
2225
1115
3
7003
1427
2256
4
2233
2273
2225
1115
1
2280
6
7798
5493
5515
5938
7026
5494
1
5499
1
8406
1
8407
1
17570
1
5494
8
3756
3793
4432
2732
3794
4482
6471
7867
8
8407
17562
13229
13231
17287
17539
14562
17538
1
8420
1
18550
2
17649
18194
1
18193
2
17649
18194
2
85
7059
1
4862
12
4864
5907
8166
3422
5257
5363
5364
2112
4863
2306
4041
4797
15
5364
7063
4864
5907
8166
3422
5257
5363
2112
4863
2306
4041
4797
7064
8089
2
5359
7080
1
5360
1
5536
4
1747
5537
855
5536
1
4292
1
5381
1
5382
1
5585
1
5586
1
4858
1
5915
1
5918
1
5919
1
6810
1
7123
1
5396
1
5589
1
5600
1
5601
1
7141
1
7143
1
12808
1
16580
1
16692
1
16693
1
17353
1
17785
1
17796
1
17797
1
19264
1
5420
5
7167
8027
7171
5421
5420
1
6257
1
6261
1
6524
1
1641
1
2669
1
3430
2
6791
4624
1
4625
4
7198
7202
5436
5437
4
7198
7202
5436
5437
1
6328
1
6329
1
6587
1
7194
7
6087
4039
4791
149
5361
854
1750
7
6087
4039
4791
149
5361
854
1750
8
7064
4039
5362
8089
1750
5361
149
854
9
8447
11906
10824
8445
8444
8443
15674
12797
20351
8
8446
8444
8445
8442
8443
15674
12797
20351
6
8445
8444
8443
15674
12797
20351
1
4039
1
4041
5
3713
6784
6785
7928
7931
2
7064
4039
1
5394
1
5395
1
6188
1
6191
1
6193
1
4291
1
5383
1
5384
1
6156
1
6157
4
7287
7289
4805
5426
1
5425
4
7287
7289
4805
5426
1
6282
1
6283
1
12224
1
12233
1
15470
1
15471
1
4241
1
4242
1
4243
1
6135
1
14640
16
14640
17949
14675
8383
8384
19621
16882
17165
20452
20453
17951
17952
20454
16775
19928
19929
17
14640
17949
14675
17951
19745
8383
8384
19621
16882
17165
20452
20453
17952
20454
16775
19928
19929
17
14640
17949
14675
17951
19745
8383
8384
19621
16882
17165
20452
20453
17952
20454
16775
19928
19929
3
8142
4637
4370
1
4633
2
16330
20387
1
16791
1
4417
1
4420
1
4423
1
4424
1
818
1
4687
1
4960
1
4986
4
16825
16826
12453
12885
4
16825
16826
12453
12885
1
15410
1
16818
1
16819
2
12885
15410
2
16549
12911
2
12885
15410
1
15416
1
16550
1
20373
1
9839
1
10731
1
10732
1
10738
1
2173
1
2711
1
2713
1
6690
1
8402
1
8410
1
13003
1
13026
1
17558
1
8402
1
13008
1
17558
1
17575
1
3552
1
4268
1
4272
1
3552
1
3565
1
5354
1
2152
1
2727
1
6072
1
11121
1
18118
1
18121
1
2294
1
4268
1
4270
1
4271
1
4272
1
6077
1
2294
7
5030
5031
7369
7370
7378
3307
3568
1
3552
1
3565
7
5030
5031
7369
7370
7378
3307
3568
1
4268
1
13041
1
13352
1
18104
1
18118
1
18121
1
8442
8
8446
8444
8445
8442
8443
15674
12797
20351
5
3713
6784
6785
7928
7931
1
8739
1
8742
4
17626
17629
9263
11915
5
3713
6784
6785
7928
7931
1
8739
1
18165
5
3713
6784
6785
7928
7931
5
3713
6784
6785
7928
7931
1
12798
1
19291
1
19378
4
17626
17629
9263
11915
5
3699
4333
6735
2129
2130
9
8425
8427
15786
15809
17169
17173
17174
8424
8426
5
3699
4333
6735
2129
2130
1
19288
1
19289
1
16675
6
16677
18165
18168
12796
19378
12798
1
19291
1
19292
12
16915
17425
19738
14150
20428
11533
17424
17051
17475
20433
17908
17923
1
17312
5
3699
4333
6735
2129
2130
5
3699
4333
6735
2129
2130
1
19289
1
19290
1
12265
1
12268
1
18234
1
12265
1
16572
1
16576
1
9197
1
12269
1
16571
1
17651
1
17653
1
10499
6
12140
12432
17653
17656
9197
10793
1
16571
1
16575
1
17653
6
12140
12432
17653
17656
9197
10793
6
12140
12432
17653
17656
9197
10793
3
17325
11695
18222
2
11698
11695
5
3699
4333
6735
2129
2130
5
3699
4333
6735
2129
2130
3
17325
11695
18222
5
2732
3794
4482
6471
7867
2
11695
18222
2
11698
11695
4
11705
17324
18222
18223
12
16915
17425
19738
14150
20428
11533
17424
17051
17475
20433
17908
17923
2
11695
18222
1
18225
1
12265
1
16572
1
16574
1
18232
1
18234
1
18236
1
16571
1
16572
3
16573
17651
12269
1
16574
1
16575
1
16576
3
16573
17651
12269
2
9693
19242
2
9693
19242
1
19247
1
19247
1
19248
1
9693
1
10813
2
9693
19242
8
19243
19249
10815
17699
9693
10813
17698
19415
2
9693
19242
1
11677
1
12804
1
16043
1
19244
1
19246
2
16042
16043
2
16042
16043
12
16915
17425
19738
14150
20428
11533
17424
17051
17475
20433
17908
17923
13
19418
13577
13194
16047
10815
17699
19243
19249
9693
10813
16045
19245
17326
1
19245
1
19246
1
19242
6
19243
19249
10815
17699
9693
10813
2
19244
19248
1
19245
1
19246
1
19247
2
19244
19248
8
10815
17699
19243
19249
9693
10813
16045
19245
1
12189
1
16580
1
17709
2
11023
16586
1
11878
1
16584
2
11023
16586
1
17708
1
11023
3
17332
12817
13190
5
11020
13590
16583
11023
16586
5
11020
13590
16583
11023
16586
4
12817
13190
17332
16583
4
10818
13148
17754
17755
4
10818
13148
17754
17755
2
11023
16586
12
15098
15101
16694
16696
8626
8628
12185
15692
13592
14584
16450
12809
2
12817
13190
2
13588
13190
11
11020
13590
16583
11023
16586
12817
15930
15098
15101
16694
16696
8
15930
15098
15101
16694
16696
13590
16583
12817
4
15098
15101
16694
16696
2
12817
13190
1
16583
1
16584
1
16586
1
16695
1
16696
1
16692
1
16693
1
16694
1
16695
1
16696
2
12207
12812
2
12207
12812
1
12812
1
16707
2
19427
16709
6
16590
16602
13402
14929
13473
20334
1
16600
6
16590
16602
13402
14929
13473
20334
1
16604
1
16689
1
16690
1
16691
1
16704
1
16690
1
16704
1
16705
1
16706
1
16707
1
16709
2
8089
5362
14
7895
3363
3893
3894
3920
6085
7086
3591
6442
6093
2590
3593
3726
3727
6
8443
15674
12797
20351
8445
8444
12
16915
17425
19738
14150
20428
11533
17424
17051
17475
20433
17908
17923
10
2590
3593
3726
3727
3363
3893
3894
3920
6085
7086
10
2590
3593
3726
3727
3363
3893
3894
3920
6085
7086
18
17731
17730
17729
19288
19289
17626
17629
9263
11915
19291
19292
8442
8443
19290
8446
8444
8445
15674
1
17312
1
19290
1
7060
4
85
2744
7062
7059
2
85
7059
1
7062
12
6650
7313
7472
5457
7474
8142
4637
4370
4360
7319
4636
4641
6
4360
7319
4636
4641
5457
7474
18
17731
17730
17729
19288
19289
17626
17629
9263
11915
19291
19292
8442
8443
19290
8446
8444
8445
15674
6
4360
7319
4636
4641
5457
7474
1
19290
1
3374
1
3985
1
3987
1
5379
1
11695
1
17325
1
3374
1
5377
2
11698
11695
4
11705
17324
18222
18223
6
4360
7319
4636
4641
5457
7474
2
11698
11695
1
3984
1
3985
7
3363
3893
3894
3920
6085
7086
5901
1
3987
1
5385
1
7111
1
7131
1
7246
14
7895
3363
3893
3894
3920
6085
7086
3591
6442
6093
2590
3593
3726
3727
11
3856
3853
7414
7417
2538
3854
3857
7127
7128
4288
5390
6
3363
3893
3894
3920
6085
7086
4
12817
13190
17332
16583
2
13588
13190
2
13588
13190
4
12817
13190
17332
16583
1
4288
2
4288
5390
2
17332
12817
2
17332
12817
6
3363
3893
3894
3920
6085
7086
5
6172
6175
2185
6177
2532
4
7419
7422
3858
3863
4
7419
7422
3858
3863
6
3363
3893
3894
3920
6085
7086
6
3363
3893
3894
3920
6085
7086
1
7159
1
7217
1
7218
4
13207
17361
10485
10576
2
10857
10528
4
13207
17361
10485
10576
1
10607
1
17338
1
20399
1
10528
2
10607
13209
2
10607
13209
1
14112
1
17340
1
12407
1
16700
1
16701
1
16702
1
19254
1
19255
1
14112
1
16605
1
16701
1
17339
1
17340
1
19254
1
16715
1
19241
1
20341
1
12283
1
16714
1
17794
1
19240
1
16714
1
16715
1
16719
1
19240
1
19241
1
19467
1
16719
1
19467
10
2590
3593
3726
3727
3363
3893
3894
3920
6085
7086
1
20021
10
2590
3593
3726
3727
3363
3893
3894
3920
6085
7086
1
12827
4
19315
12826
12828
19314
1
16728
4
19315
12826
12828
19314
1
19319
1
13233
2
13714
13713
6
3363
3893
3894
3920
6085
7086
3
13233
16083
16082
1
16084
1
16086
1
18379
3
13233
16083
16082
2
16080
19493
3
16082
16083
13233
5
16081
11068
10862
16082
16083
1
16084
8
11696
13234
17239
12838
15138
19494
16080
19493
2
16080
19493
1
19312
1
19313
1
19316
1
19492
2
16080
19493
1
16084
1
16086
1
19316
1
19317
1
19493
1
16728
1
16729
1
19318
1
19319
1
11820
1
16615
1
16619
1
16621
1
19233
1
19235
1
11820
1
16615
1
18699
1
18701
1
18703
5
12168
17384
17329
20386
18397
5
12168
17384
17329
20386
18397
1
17337
5
20386
12168
17384
18397
18396
4
10488
12830
18700
18702
4
10488
12830
18700
18702
1
16615
1
16621
2
16622
18704
1
18703
2
16622
18704
2
16622
18704
1
17337
1
18416
1
18700
2
16622
18704
1
4834
1
5400
1
4832
1
4833
1
4834
4
5663
5664
882
883
1
4835
2
5039
4838
5
3206
6680
6681
6682
6683
4
5663
5664
882
883
1
4335
6
4360
7319
4636
4641
5457
7474
2
10862
10950
2
10862
10950
1
16081
5
4836
6307
6309
2654
4839
1
4337
5
4836
6307
6309
2654
4839
1
13233
1
16083
1
4335
1
4336
1
4337
1
16081
1
16082
3
16082
16083
13233
3
16082
16083
13233
1
4835
1
4836
1
4837
1
4838
1
6309
1
3975
2
3976
6564
1
4878
1
6065
6
5658
7465
3976
6564
7462
5442
2
3976
6564
6
5658
7465
3976
6564
7462
5442
1
6094
2
3976
6564
2
5441
5660
1
6065
1
6094
1
6564
1
6565
1
8451
5
8458
11462
19500
16012
8456
3
16012
11462
19500
1
4430
1
4531
4
2997
4526
5049
6025
4
2997
4526
5049
6025
1
12362
1
16679
1
16681
1
17394
1
17395
2
17256
18476
1
19523
1
19525
1
7300
2
7302
7303
6
6833
7518
3206
3207
7302
7303
1
7304
1
7980
1
5216
1
6826
1
12844
3
10160
12845
14220
3
10160
12845
14220
7
17426
14372
18736
16917
19051
19656
19739
1
20428
1
10160
5
3206
6680
6681
6682
6683
5
3206
6680
6681
6682
6683
2
4376
4964
6
4360
7319
4636
4641
5457
7474
1
7327
1
7332
2
4376
4964
10
4964
5272
1500
6622
1913
1889
1915
1896
7326
7327
10
4211
6328
6587
4213
1592
6331
1627
1645
5966
6319
1
12844
3
10160
12845
14220
1
14150
1
16783
1
16784
1
12894
1
20368
5
3206
6680
6681
6682
6683
5
3173
4853
4855
4857
5231
10
3144
4540
6939
6940
6950
5231
3173
4853
4855
4857
1
3195
1
4953
1
6684
1
1498
2
3146
4537
10
2590
3593
3726
3727
3363
3893
3894
3920
6085
7086
1
4848
4
16347
14172
14535
16340
4
16347
14172
14535
16340
1
16629
1
16938
1
8640
1
11709
1
16634
4
8708
8714
18968
20429
1
17430
1
18968
4
8708
8714
18968
20429
3
1023
2052
2228
2
1176
1177
10
4211
6328
6587
4213
1592
6331
1627
1645
5966
6319
1
3463
4
7538
7540
4535
4847
4
7538
7540
4535
4847
1
1177
1
1179
6
4663
3146
4537
4651
4655
7539
1
3194
1
4535
6
4663
3146
4537
4651
4655
7539
15
5436
6586
4211
6328
6587
4213
1592
6331
1627
1645
5966
6319
3708
3964
4347
2
8640
16634
1
16629
2
8640
16634
1
16635
5
16633
16636
8571
8640
16634
1
16938
1
16340
1
16629
1
16636
1
17222
9
11992
16257
16260
16256
19546
8715
16252
16258
19545
1
12036
1
16264
1
16265
3
905
2251
5688
1
1124
1
1126
10
4211
6328
6587
4213
1592
6331
1627
1645
5966
6319
1
3464
1
4849
1
4850
1
1923
1
4965
1
4966
1
16792
1
19775
1
19776
1
4965
1
4967
1
4971
1
16792
1
16794
1
16798
1
11663
7
16802
12897
12602
19559
19560
16793
16797
7
16802
12897
12602
19559
19560
16793
16797
4
19559
19560
16793
16797
1
1923
5
3173
4853
4855
4857
5231
5
3173
4853
4855
4857
5231
10
1148
3167
1147
6844
5073
3173
4853
4855
4857
5231
1
4966
7
4468
4544
4545
2213
2028
2958
4970
5
3173
4853
4855
4857
5231
2
2213
3185
2
2213
3185
2
4967
3188
5
3132
6889
6920
3124
4676
7
4468
4544
4545
2213
2028
2958
4970
1
4971
1
12602
1
12850
1
16794
1
16797
1
16798
11
4982
4997
6922
3718
3719
3126
3132
6889
6920
3124
4676
4
7554
7559
1198
5010
5
3132
6889
6920
3124
4676
1
2217
1
5006
4
7554
7559
1198
5010
5
3132
6889
6920
3124
4676
1
3306
1
5007
4
7558
7564
5008
5009
4
7558
7564
5008
5009
1
6637
1
5006
1
5007
1
5009
1
5010
1
13909
2
13910
16809
1
14292
5
16809
16810
16807
16808
13910
2
13910
16809
1
13909
2
13910
16809
1
14390
9
2484
6710
6715
2482
3917
7993
2454
7995
6713
1
16810
1
19079
1
13593
1
13912
1
14652
1
18971
1
13911
1
14652
2
12900
18481
1
1326
2
4907
4670
2
4907
4670
1
4908
1
4931
1
1326
3
1326
3447
4670
10
4211
6328
6587
4213
1592
6331
1627
1645
5966
6319
1
4906
1
4931
1
4933
1
3447
1
4902
1
4903
1
4909
1
4929
1
4934
1
4906
1
4908
1
4909
1
4929
1
4931
1
6854
1
15962
1
18485
1
8735
1
12855
9
2484
6710
6715
2482
3917
7993
2454
7995
6713
1
16353
1
18979
1
13845
9
2484
6710
6715
2482
3917
7993
2454
7995
6713
1
16353
5
3132
6889
6920
3124
4676
1
2222
1
4976
1
6878
1
18805
1
18806
1
12541
1
13922
1
16102
1
13922
1
16102
1
16174
1
16177
1
16815
1
18815
1
1496
1
4978
1
4983
1
9071
4
9073
12542
11670
16812
9
2484
6710
6715
2482
3917
7993
2454
7995
6713
1
3132
1
4676
1
4974
4
19593
19594
16814
19116
1
19114
4
19593
19594
16814
19116
2
4974
4981
2
4974
4981
1
4983
2
9071
12857
2
9071
12857
1
16814
2
9033
19592
1
19590
2
9033
19592
1
3132
2
4974
4981
2
4974
4981
1
4982
1
6889
9
7341
3720
3718
4404
4408
7342
4980
5000
3721
9
3718
3719
3126
6922
3132
6889
6920
3124
4676
5
3076
5203
5448
6335
6337
1
4997
5
3076
5203
5448
6335
6337
11
3718
3719
3126
3720
3721
6922
3132
6889
6920
3124
4676
8
7341
3720
3718
4404
4408
7342
4980
5000
7
4978
4998
1496
1299
1533
1898
1906
1
4980
1
4981
11
4982
4997
6922
3718
3719
3126
3132
6889
6920
3124
4676
1
4983
12
19626
12517
16232
16231
19340
18493
19336
16236
13462
19624
12473
19625
15
16025
13169
13992
14726
14730
17288
18734
13229
13231
17287
17539
18551
16022
18732
18552
9
2484
6710
6715
2482
3917
7993
2454
7995
6713
2
9071
12857
2
9071
12857
9
2484
6710
6715
2482
3917
7993
2454
7995
6713
2
9033
19592
9
6883
6885
3130
3465
6881
2238
7046
7049
5217
2
3199
7001
1
7047
6
3465
6881
2238
7046
7049
5217
4
19595
19818
11368
19816
1
19815
4
19595
19818
11368
19816
1
16554
1
17443
4
19597
19598
16558
19354
1
17443
10
16557
19218
19223
12907
18867
19350
19597
19598
16558
19354
14
15907
18492
19626
12517
16232
16231
19340
18493
19336
16236
13462
19624
12473
19625
1
17471
8
20370
15583
15385
15593
17471
8585
8596
14673
5
15583
20370
15385
15593
17471
4
19604
19606
16640
16964
1
16642
4
19604
19606
16640
16964
8
20370
15583
15385
15593
17471
8585
8596
14673
2
1156
1176
2
1156
1176
4
1979
1156
1176
1177
1
3398
4
1979
1156
1176
1177
3
1156
1176
1177
1
1177
1
1179
1
3193
3
1156
1176
1177
3
1156
1176
1177
4
1979
1156
1176
1177
7
7623
7624
1979
1156
1176
1177
5692
1
2227
1
3463
7
7623
7624
1979
1156
1176
1177
5692
13
17474
13928
18745
19897
18746
19192
19193
19614
20430
19613
17473
13181
19896
13
17474
13928
18745
19897
18746
19192
19193
19614
20430
19613
17473
13181
19896
1
12861
4
19609
19613
18983
20430
1
19610
4
19609
19613
18983
20430
1
1497
1
1498
1
3195
1
4548
1
4549
4
7630
7631
4546
6891
1
4547
1
6765
1
6841
4
7630
7631
4546
6891
1
4546
1
4547
1
4548
1
4549
1
4550
1
12768
7
19609
19613
18983
20430
19610
12861
19885
3
12861
19610
19885
1
19885
4
7337
7338
2231
2232
2
4961
7340
5
3076
5203
5448
6335
6337
2
4961
7340
1
12862
1
16818
1
16819
2
12885
15410
2
12885
15410
1
16826
5
3076
5203
5448
6335
6337
2
4961
7340
2
4376
4964
1
7332
1
7339
2
4961
7340
1
3147
1
4925
1
6395
1
11223
13
14676
12461
17157
12865
19623
20300
20302
8383
8384
19621
19918
20303
16881
13
14676
12461
17157
12865
19623
20300
20302
8383
8384
19621
19918
20303
16881
7
17155
12624
19622
8383
8384
19621
18993
7
17155
12624
19622
8383
8384
19621
18993
5
3076
5203
5448
6335
6337
6
17155
12624
19622
8383
8384
19621
8
17155
12624
18993
19622
8383
8384
19621
12751
1
14545
8
17155
12624
18993
19622
8383
8384
19621
12751
7
17155
12624
18993
19622
8383
8384
19621
1
13790
1
14545
9
2666
6568
3076
5203
5448
6335
6337
5202
6790
3
8383
8384
19621
1
19622
1
3168
1
4915
1
11219
1
12458
1
16734
1
4910
1
4912
1
4915
1
16734
1
16735
1
16736
1
4910
1
4911
1
4912
1
4913
1
4914
1
11219
1
11538
1
14543
1
16734
1
16735
19
1920
4527
5107
70
4733
8102
4731
4718
143
5105
5109
2235
5048
5100
5103
856
2994
3108
6023
1
3421
19
1920
4527
5107
70
4733
8102
4731
4718
143
5105
5109
2235
5048
5100
5103
856
2994
3108
6023
2
8827
8830
2
8827
8830
1
12869
1
17406
1
1919
1
2997
1
3108
1
3421
1
4526
2
8827
8830
7
19626
12517
16232
16231
19340
18493
19336
7
19626
12517
16232
16231
19340
18493
19336
2
12347
17404
1
17405
3
7315
7321
7658
1
7322
1
8495
1
14114
2
19644
15501
1
3438
1
7052
7
8615
8606
8605
8609
12238
16299
16298
4
8609
12238
16299
16298
1
4005
7
6916
7051
2239
4737
5117
5123
6913
7
6916
7051
2239
4737
5117
5123
6913
1
7052
1
15537
7
8615
8606
8605
8609
12238
16299
16298
2
16298
16299
1
20390
1
20391
1
4005
1
7041
1
7043
1
7051
1
7055
1
4993
1
4994
1
4996
1
14141
1
16387
1
16477
1
16124
1
17451
1
13944
1
16113
1
17451
2
4996
3114
9
7341
3720
3718
4404
4408
7342
4980
5000
3721
1
4994
5
2887
2891
6376
6379
6697
1
7341
1
7344
8
16121
11678
16113
13944
12548
16977
16126
16122
8
16121
11678
16113
13944
12548
16977
16126
16122
1
16124
5
2887
2891
6376
6379
6697
1
17451
1
11678
5
2887
2891
6376
6379
6697
1
14141
1
16477
5
2887
2891
6376
6379
6697
6
16292
13943
14135
16478
16387
8840
6
14138
13943
14135
16478
16387
16480
1
16387
1
16477
6
16292
13943
14135
16478
16387
8840
1
2976
1
7680
1
19819
1
19822
5
4569
6879
4568
2242
3018
5
4569
6879
4568
2242
3018
1
4990
1
14538
1
16840
1
11681
1
16118
1
16118
1
16839
1
16842
1
15121
4
15111
15112
15121
15125
1
17458
2
1005
7598
1
4557
1
4559
1
6927
1
7597
2
1005
7598
1
8390
1
8486
1
16749
1
16751
1
8486
1
8488
7
15125
16749
8490
8488
8486
16751
17458
7
15125
16749
8490
8488
8486
16751
17458
1
17458
1
16755
1
16877
1
18497
1
8387
1
16759
1
16877
2
6933
2246
1
3447
1
4933
1
4939
1
4941
5
2887
2891
6376
6379
6697
5
2887
2891
6376
6379
6697
11
3303
2247
3074
7726
7727
5003
6930
3069
3073
4770
6932
2
2247
3074
1
5002
11
3303
2247
3074
7726
7727
5003
6930
3069
3073
4770
6932
1
5006
4
7726
7727
5003
6930
4
2692
2829
6745
6747
1
5002
1
5006
1
5007
1
5011
1
5006
1
5007
1
5002
1
5003
1
5004
1
5005
1
5011
1
10796
8
12912
10840
10811
16027
16029
16516
8323
19142
1
19141
6
8323
10840
10811
16027
16029
19142
4
2692
2829
6745
6747
1
4464
1
4468
1
20287
1
20290
1
20294
1
4464
1
4542
1
4543
1
8953
1
20286
1
20287
1
8902
1
8921
3
12882
8732
20283
1
17224
7
4970
2213
4468
4544
4545
2028
2958
3
3185
3190
3182
5
2293
2302
5496
7018
7807
5
2293
2302
5496
7018
7807
4
2692
2829
6745
6747
4
2692
2829
6745
6747
1
3185
7
4970
2213
4468
4544
4545
2028
2958
1
4853
1
4854
1
16267
1
16668
1
16670
1
11339
1
14668
7
19682
8518
8519
8524
8528
16669
16671
7
19682
8518
8519
8524
8528
16669
16671
1
1124
2
5694
2455
1
3464
4
2692
2829
6745
6747
4
2692
2829
6745
6747
2
5694
2455
1
11339
1
14668
1
16267
1
16670
1
8451
1
15283
1
15288
1
8284
1
12492
4
14530
12930
15938
15940
2
15940
14530
1
16684
1
19342
1
8284
1
8287
1
16684
1
19341
1
19343
1
19345
4
19694
19698
11296
18956
2
16683
19342
1
16684
4
19694
19698
11296
18956
1
19341
3
2671
2673
3429
1
16328
2
17396
19348
1
8497
5
8498
18963
8502
8500
19716
1
19348
1
8498
5
8498
18963
8502
8500
19716
1
8421
15
16025
13169
13992
14726
14730
17288
18734
13229
13231
17287
17539
18551
16022
18732
18552
15
16025
13169
13992
14726
14730
17288
18734
13229
13231
17287
17539
18551
16022
18732
18552
1
16280
2
16283
17021
2
16283
17021
1
13101
2
16332
17418
4
16764
19728
16765
18853
2
16332
17418
1
18851
4
16764
19728
16765
18853
1
14532
7
19626
12517
16232
16231
19340
18493
19336
1
17022
1
17027
1
14532
2
16283
17021
2
16760
17027
1
16761
2
16283
17021
2
16760
17027
1
16247
2
16760
17027
2
16760
17027
1
17417
4
18851
17418
17417
20382
1
18853
7
8580
8582
19729
19730
8584
8587
16768
1
16767
11
6916
7052
3438
7048
7053
3465
6881
2238
7046
7049
5217
1
16774
1
19731
6
3465
6881
2238
7046
7049
5217
6
3465
6881
2238
7046
7049
5217
6
3465
6881
2238
7046
7049
5217
1
17908
2
19731
20433
2
19731
20433
4
16549
12911
20433
17475
1
12776
2
2673
3429
3
2671
2673
3429
1
16921
1
8710
1
8712
1
13829
1
16801
1
12897
1
14546
1
16802
1
16803
1
16806
7
16802
12897
12602
19559
19560
16793
16797
1
16806
1
18740
1
19559
7
16802
12897
12602
19559
19560
16793
16797
1
8283
1
8417
1
16730
1
16732
1
18490
1
8288
1
11347
5
2293
2302
5496
7018
7807
1
19575
1
8408
4
8535
19783
8538
17083
1
16862
4
8535
19783
8538
17083
1
19794
1
8919
1
11217
1
16730
1
16732
1
17907
2
18481
12900
1
13911
2
18481
12900
1
19575
4
19785
19792
19576
19582
9
3118
3438
6882
3465
6881
2238
7046
7049
5217
1
18481
1
8349
1
8350
5
2293
2302
5496
7018
7807
1
16777
4
19803
19804
16781
16782
4
19803
19804
16781
16782
5
2293
2302
5496
7018
7807
1
8684
1
16776
1
16777
1
16782
1
13924
1
16781
1
17929
1
17932
1
16557
1
19223
1
19224
1
19225
1
19597
1
19598
4
11786
20267
16567
17581
4
11786
20267
16567
17581
4
11802
16565
18865
20392
1
19219
1
19221
4
11802
16565
18865
20392
1
8968
1
9079
1
16168
1
17228
1
17456
1
8968
1
16168
1
16845
1
16867
1
16869
1
8408
2
2673
3429
1
16872
1
16876
2
2673
3429
1
19794
1
12847
2
16755
18497
1
18497
1
19657
2
16755
18497
1
16752
1
16753
1
16872
1
16876
1
20374
11
3856
3853
7414
7417
2538
3854
3857
7127
7128
4288
5390
5
2538
3854
3857
7127
7128
6
3465
6881
2238
7046
7049
5217
5
17258
19674
13781
17131
8727
1
10610
2
13313
16436
2
14670
15199
3
15199
15200
16442
3
15199
15200
16442
2
13313
16436
2
13313
16436
1
14645
1
16433
4
2233
2273
2225
1115
1
19770
2
11671
12861
2
11671
12861
4
19889
19894
18982
18988
4
19889
19894
18982
18988
3
12861
19610
19885
7
19609
19613
18983
20430
19610
12861
19885
2
16829
16830
2
16829
16830
1
16831
1
16832
1
16833
1
16834
2
16829
16830
2
16829
16830
1
16890
5
2538
3854
3857
7127
7128
1
16893
5
17427
16891
17472
12338
16895
1
17473
1
16833
1
16834
1
18982
4
18983
19610
12861
19885
7
19609
19613
18983
20430
19610
12861
19885
4
18983
19610
12861
19885
8
17155
12624
18993
12751
19622
8383
8384
19621
8
17155
12624
18993
12751
19622
8383
8384
19621
1
14077
1
17155
8
17155
12624
18993
19622
8383
8384
19621
12751
8
17155
12624
18993
12751
19622
8383
8384
19621
8
17155
12624
18993
19622
8383
8384
19621
12751
1
16820
1
16878
1
18997
7
17155
12624
18993
19622
8383
8384
19621
4
16549
16540
19731
16274
5
2538
3854
3857
7127
7128
1
16774
1
17950
5
2538
3854
3857
7127
7128
4
16549
16540
19731
16274
5
2538
3854
3857
7127
7128
3
16549
16540
19731
11
12862
16824
16822
17476
16821
18998
18999
19000
17156
19913
19914
1
16823
1
17476
5
2452
2453
5072
4856
5070
3
16549
16540
19731
4
2233
2273
2225
1115
1
20433
5
2452
2453
5072
4856
5070
1
12480
3
17403
10642
16836
1
17400
4
12434
19938
14635
19936
1
17400
4
12434
19938
14635
19936
15
16025
13169
13992
14726
14730
17288
18734
13229
13231
17287
17539
18551
16022
18732
18552
5
2452
2453
5072
4856
5070
1
15394
1
16246
1
17177
1
13863
1
15988
1
16246
1
16888
1
16889
1
17177
1
13863
2
15394
16247
1
16246
2
15394
16247
1
17022
1
14832
5
2452
2453
5072
4856
5070
4
17417
17418
18851
20382
2
20382
20381
4
18851
17418
17417
20382
5
2452
2453
5072
4856
5070
5
2452
2453
5072
4856
5070
5
2384
2385
2542
3512
3513
2
15394
16247
5
2384
2385
2542
3512
3513
1
16247
1
17417
2
15394
16247
1
15774
1
15808
1
15904
1
15988
1
16889
1
17171
1
15988
1
16835
5
2293
2302
5496
7018
7807
1
16888
7
10733
20226
16884
20229
15808
17171
17478
1
20227
7
10733
20226
16884
20229
15808
17171
17478
1
13374
1
13375
1
8429
5
2384
2385
2542
3512
3513
5
2384
2385
2542
3512
3513
1
14527
1
16721
1
19009
7
8466
8453
8454
8455
19958
19959
16005
5
2384
2385
2542
3512
3513
1
12930
4
2233
2273
2225
1115
5
2384
2385
2542
3512
3513
3
14530
12930
15938
15
16025
13169
13992
14726
14730
17288
18734
13229
13231
17287
17539
18551
16022
18732
18552
1
15940
9
19958
19959
8455
16005
8466
8453
8454
19960
17016
9
19958
19959
8455
16005
8466
8453
8454
19960
17016
1
14530
4
2306
4041
4797
4863
1
4794
7
7309
7310
7483
3991
4778
5053
5471
1
7481
7
7309
7310
7483
3991
4778
5053
5471
1
7660
1
7310
3
7315
7321
7658
3
7315
7321
7658
1
7659
1
7660
1
7475
1
7476
1
7481
1
7483
1
10307
4
17413
17491
19699
19703
1
17490
3
17491
19699
19703
3
17491
19699
19703
1
19942
7
11712
17496
17413
17491
19699
19703
17502
4
2306
4041
4797
4863
1
17500
7
11712
17496
17413
17491
19699
19703
17502
1
19702
1
19703
1
17514
1
17521
1
18273
2
17304
20342
1
17514
1
17516
1
17519
2
18268
18270
1
18273
1
18274
1
9382
1
17513
1
17514
1
17519
1
17521
1
17511
1
17516
1
17522
1
17523
2
18268
18270
2
18268
18270
1
8420
1
18550
15
16025
13169
13992
14726
14730
17288
18734
13229
13231
17287
17539
18551
16022
18732
18552
12
19637
12347
15856
15861
17404
19638
12337
14527
12870
19640
19641
15857
1
10899
1
11253
1
13369
1
13370
1
14728
1
17553
1
18096
1
13369
1
3487
1
7350
1
7796
2
5444
3553
1
7244
1
7285
1
3561
1
3564
1
3566
1
3567
1
17601
2
18557
20384
5
17600
18108
14779
15540
17599
4
2225
2273
2233
1115
1
18110
6
9259
13345
17596
20330
19362
19367
1
10866
1
17286
1
17600
1
18108
4
2306
4041
4797
4863
2
19368
20332
4
2225
2273
2233
1115
1
15433
1
18206
1
18208
1
18211
1
14596
1
14891
1
17668
1
17678
1
18243
1
18244
1
12223
1
17299
1
19298
1
19299
1
19982
1
19984
8
14327
14440
10180
10185
18303
20047
14385
20048
1
17299
1
19298
1
19302
8
14327
14440
10180
10185
18303
20047
14385
20048
1
20049
1
9844
1
13188
1
13192
1
17700
1
18614
1
13192
3
2630
2665
5356
2
5528
301
3
15962
20363
16352
3
10041
17732
18569
2
85
7059
1
1746
1
4862
4
2306
4041
4797
4863
1
2686
1
2709
1
3375
1
2686
1
7065
2
1674
1746
2
1674
1746
1
4862
15
5364
7063
4864
5907
8166
3422
5257
5363
2112
4863
2306
4041
4797
7064
8089
12
4864
5907
8166
3422
5257
5363
5364
2112
4863
2306
4041
4797
1
1746
1
424
1
1632
1
5367
1
5368
1
6444
1
7991
1
4053
1
5367
1
5368
1
6445
1
7190
1
7192
1
3491
1
5288
1
5290
1
5289
1
7087
1
7088
1
3608
1
5379
2
10812
12140
2
10812
12140
1
17325
1
12140
2
2321
2573
2
2321
2573
1
2763
1
6460
2
5345
5370
3
5345
5370
5346
2
5345
5370
1
8341
1
17315
1
8327
2
17663
15396
2
17663
15396
1
18211
1
18212
1
5548
4
2306
4041
4797
4863
3
5345
5370
5346
1
5370
7
7836
7831
5371
7830
7837
7826
7828
2
5562
5557
7
7836
7831
5371
7830
7837
7826
7828
5
7830
7837
7826
7831
5371
1
5544
2
5562
5557
1
5559
2
5562
5557
7
7836
7831
5371
7830
7837
7826
7828
2
7831
5371
1
359
1
3856
1
5390
1
10818
1
17332
1
17754
1
2775
4
3347
7418
3853
7417
1
4288
4
3347
7418
3853
7417
2
16583
12817
1
13589
8
15930
15098
15101
16694
16696
13590
16583
12817
13
19637
12347
15856
15861
17404
13939
19638
12337
14527
12870
19640
19641
15857
1
355
5
2266
5309
6621
8131
8132
1
7125
5
2266
5309
6621
8131
8132
1
2538
1
2775
10
3853
7414
7417
2538
3854
3857
7127
7128
3347
7418
1
3854
1
3855
3
15962
20363
16352
2
5381
2351
3
15962
20363
16352
1
10828
2
17757
17326
2
17757
17326
1
5580
1
5582
1
7397
1
7403
1
7404
1
359
1
981
1
3856
1
5582
1
7404
1
7421
1
359
1
10528
2
10857
10528
1
13919
1
13936
1
17340
2
10857
10528
1
10838
1
19257
1
19258
1
11043
3
14181
17389
18953
3
14181
17389
18953
1
17820
2
18953
17389
1
4299
2
4302
5401
1
5607
4
13207
17361
10485
10576
4
13207
17361
10485
10576
2
20399
19448
1
10485
1
10528
1
10857
1
10986
1
13207
1
10857
1
3658
2
5608
7437
1
5610
1
5611
1
7436
2
5608
7437
1
874
1
5409
4
5839
7846
7847
7850
4
5839
7846
7847
7850
1
7889
1
1572
1
5413
1
5632
1
5633
1
6529
3
2127
2088
5513
1
5428
1
5602
3
10845
13221
19490
3
10845
13221
19490
1
17793
1
256
1
1557
2
7462
5442
1
6083
1
6094
2
7462
5442
1
1641
2
6791
4624
9
2666
6568
3076
5203
5448
6335
6337
5202
6790
1
5204
9
2666
6568
3076
5203
5448
6335
6337
5202
6790
2
6791
4624
1
8633
5
2266
5309
6621
8131
8132
8
8638
8633
19284
19285
19286
19287
8636
8639
8
1743
2265
7803
2266
5309
6621
8131
8132
4
19284
19285
19286
19287
1
19286
1
8568
1
8597
8
8636
8639
8638
8633
19284
19285
19286
19287
3
10204
15361
10886
12
19637
12347
15856
15861
17404
19638
12337
14527
12870
19640
19641
15857
4
19284
19285
19286
19287
1
10453
10
13294
16963
12002
13264
13267
13270
17259
12596
14316
12134
5
2266
5309
6621
8131
8132
1
15362
5
2239
4737
5117
5123
6913
1
15362
15
8399
8401
15480
16367
8405
18985
18986
15496
15504
15385
15583
15593
17471
20370
11343
2
8585
8596
2
8585
8596
1
18987
2
8585
8596
8
20370
15583
15385
15593
17471
8585
8596
14673
1
11760
1
12859
8
20370
15583
15385
15593
17471
8585
8596
14673
1
5404
3
6218
7433
7441
1
6221
3
6218
7433
7441
2
7433
7441
1
7442
1
6204
5
4301
5403
7433
7441
7443
1
7434
2
7433
7441
5
4301
5403
7433
7441
7443
5
2505
6438
6439
5922
8128
4
6438
6439
5922
8128
5
2239
4737
5117
5123
6913
1
2651
5
2650
5726
5727
5728
2518
1
2651
1
5864
1
5880
10
3117
5115
5122
2239
4737
5117
5123
6913
4735
7054
6
6133
4086
2765
2768
1714
2764
6
6133
4086
2765
2768
1714
2764
8
5993
7132
7120
1293
6142
7138
248
7124
5
2239
4737
5117
5123
6913
1
6020
1
6034
1
6035
1
6053
7
3917
2482
7993
2454
7994
2433
2434
7
3917
2482
7993
2454
7994
2433
2434
1
3605
1
4285
1
6984
1
2591
1
7274
7
4046
6443
7083
4038
5284
5285
6085
3
15962
20363
16352
7
4046
6443
7083
4038
5284
5285
6085
4
3591
6442
6093
7086
14
7895
3363
3893
3894
3920
6085
7086
3591
6442
6093
2590
3593
3726
3727
2
6304
2315
1
2348
1
2656
1
3451
1
4021
8
3117
5115
5122
2239
4737
5117
5123
6913
1
4030
1
4032
1
930
1
935
1
5422
1
6293
4
5423
6558
6738
6741
4
5423
6558
6738
6741
1
3247
1
5422
1
6737
1
6738
1
5422
2
6304
2315
1
3450
1
3451
4
2301
2315
6305
6304
1
6306
1
3462
1
4626
1
4842
1
4843
1
4845
1
5800
5
2083
3749
4436
4876
7959
1
2669
1
3430
1
6344
1
6345
1
3076
1
5448
2
6567
6568
11
576
1471
2125
1506
1483
718
777
1332
778
1481
1482
2
5448
6567
5
2083
3749
4436
4876
7959
1
6568
8
17281
13006
18096
11253
9956
17283
11129
11146
5
2083
3749
4436
4876
7959
1
17553
1
17554
5
2083
3749
4436
4876
7959
8
12794
15529
18872
8428
15570
17554
18098
20410
2
14892
17302
2
14892
17302
1
17670
1
14505
1
19252
7
18622
17720
17721
10830
12202
10837
18624
1
14505
5
2083
3749
4436
4876
7959
7
18622
17720
17721
10830
12202
10837
18624
5
2083
3749
4436
4876
7959
1
19250
1
19252
1
1187
1
5357
1
13124
1
17309
1
18291
1
5200
4
6416
7885
6412
5992
1
14499
1
18552
1
5306
4
6416
7885
6412
5992
1
6412
1
6618
2
2028
2958
3
2028
2958
2031
12
19637
12347
15856
15861
17404
19638
12337
14527
12870
19640
19641
15857
2
3486
4016
3
2028
2958
2031
1
7065
1
2178
9
718
777
1332
778
1481
1483
1482
2125
1506
1
7061
1
1295
1
2705
1
5377
3
11705
17324
11713
4
11705
17324
18222
18223
4
11705
17324
18222
18223
2
5386
6166
2
5386
6166
2
4807
6480
2
14597
14868
2
17330
20051
1
18306
1
4288
3
2958
2031
2028
10
3853
7414
7417
2538
3854
3857
7127
7128
3347
7418
8
2528
4290
7415
7419
7422
3858
3863
7418
1
8626
1
13641
1
15457
1
16450
1
3508
1
5392
1
5393
1
5395
1
6193
1
7218
1
8168
4
17233
17334
18263
16597
1
17335
3
17233
17334
18263
1
18312
8
8629
18459
18460
18464
20437
12401
19267
19270
1
14618
8
8629
18459
18460
18464
20437
12401
19267
19270
1
19271
1
20064
1
13362
7
13443
13719
18915
18916
13531
13787
13818
3
2958
2031
2028
9
1489
4363
2921
2929
1948
2996
6647
6657
6648
1
2644
1
2649
3
15962
20363
16352
1
6298
1
1704
1
2092
1
2116
5
1948
2996
6647
6657
6648
1
5429
1
5430
2
6753
3433
1
2685
1
5439
1
5972
2
1736
6338
1
6759
1
6769
2
13478
17387
2
18474
13485
3
15962
20363
16352
12
17019
15809
17169
17173
17174
8425
8427
15786
8424
8426
8422
19707
1
18509
1
18510
1
19706
2
8422
19707
1
9086
1
16356
1
17435
1
17437
1
17435
1
3488
1
7797
7
7798
5493
5515
5938
7026
5494
7795
5
1948
2996
6647
6657
6648
1
14744
5
1948
2996
6647
6657
6648
1
2274
2
2302
5496
10
12151
12118
12271
12525
12991
12171
12528
17569
17566
17567
1
17569
1
4859
1
4860
1
4865
1
6652
1
12156
1
14433
1
17394
1
17395
1
18502
1
17394
2
8703
8701
5
1948
2996
6647
6657
6648
5
1801
2187
2786
4786
4788
5
1948
2996
6647
6657
6648
1
18743
1
12544
1
17929
1
17931
1
17932
1
17935
2
1948
6647
1
7656
2
11534
12560
1
18755
1
19634
1
894
1
5243
1
6647
10
1928
2976
3334
4449
5067
1910
2967
2989
4488
5069
1
7655
1
7656
2
17404
12347
9
718
777
1332
778
1481
1483
1482
2125
1506
1
17405
1
18755
1
19634
1
20401
1
8819
1
9148
1
9181
1
17468
1
18764
1
18765
1
20162
4
12136
17466
18763
18765
4
12136
17466
18763
18765
1
20162
1
20165
1
20170
10
13091
16333
17419
17745
18959
12586
12888
20388
18961
16332
1
17418
5
20388
18961
12888
16332
17419
9
718
777
1332
778
1481
1483
1482
2125
1506
8
13091
16333
17419
17745
15900
13099
16141
17753
5
1801
2187
2786
4786
4788
5
1801
2187
2786
4786
4788
4
8712
8788
14523
17469
12
19637
12347
15856
15861
17404
19638
12337
14527
12870
19640
19641
15857
1
11691
1
12075
4
8712
8788
14523
17469
5
20171
8788
14523
17469
20163
1
13829
3
8788
14523
17469
1
20136
5
1910
2967
2989
4488
5069
1
20164
1
18826
1
18828
5
1910
2967
2989
4488
5069
1
19855
6
18794
11779
14009
14513
12498
18841
1
18837
2
12498
18841
7
18843
12498
18792
12583
15438
15440
15444
1
19826
1
19827
1
9066
1
9086
1
12003
1
17435
2
17436
20377
3
14513
17436
20377
7
18843
12498
18792
12583
15438
15440
15444
3
14513
17436
20377
2
17436
20377
7
18843
12498
18792
12583
15438
15440
15444
1
18841
2
17436
20377
1
3094
1
4724
9
718
777
1332
778
1481
1483
1482
2125
1506
9
523
5753
6040
1428
6036
538
1423
1424
5158
15
3097
3327
4725
4726
4734
7291
7295
70
4733
8102
4731
4718
143
7292
7293
5
1910
2967
2989
4488
5069
1
5114
1
7659
1
7660
1
7660
5
1910
2967
2989
4488
5069
2
2235
7292
5
1910
2967
2989
4488
5069
1
7291
2
2235
7292
6
1889
1915
6622
1913
1500
1896
1
13569
1
17814
3
20359
16078
18679
1
18901
1
2400
1
7763
1
7768
1
2130
1
2400
1
3699
1
7755
1
7768
1
2400
6
2094
3696
4320
4321
5431
6757
1
2842
6
1889
1915
6622
1913
1500
1896
1
6758
6
1889
1915
6622
1913
1500
1896
1
6805
1
7494
1
7496
1
18960
1
19516
1
4423
1
4424
9
523
5753
6040
1428
6036
538
1423
1424
5158
9
523
5753
6040
1428
6036
538
1423
1424
5158
1
7431
1
6894
1
6895
1
6898
1
6901
1
14133
1
14145
1
14194
4
12852
13554
18977
18978
4
12852
13554
18977
18978
1
20121
1
20122
1
20143
6
1889
1915
6622
1913
1500
1896
9
1920
4527
5107
70
4733
8102
4731
4718
143
1
7311
3
14341
16384
19008
1
19347
9
1920
4527
5107
70
4733
8102
4731
4718
143
9
1920
4527
5107
70
4733
8102
4731
4718
143
12
19637
12347
15856
15861
17404
19638
12337
14527
12870
19640
19641
15857
3
8102
4731
4718
1
17406
4
14341
16384
19008
19639
4
14341
16384
19008
19639
4
12773
19008
14341
16384
8
12337
14527
12870
18537
18874
19007
12773
17213
6
1889
1915
6622
1913
1500
1896
4
12773
19008
14341
16384
1
19639
9
523
5753
6040
1428
6036
538
1423
1424
5158
4
14230
16393
16392
18840
1
18836
1
18837
4
14230
16393
16392
18840
1
19827
1
19831
1
8607
1
16916
1
19047
1
19051
7
17426
14372
18736
16917
19051
19656
19739
1
8523
1
12909
1
17229
1
19231
1
8344
1
8349
1
9033
1
16368
1
17441
1
19592
1
8947
1
17472
13
17474
13928
18745
19897
18746
19192
19193
19614
20430
19613
17473
13181
19896
1
19190
1
19896
7
1882
1884
1959
7982
2868
7987
8136
1
12010
4
19613
17473
13181
19896
1
19190
1
19193
4
19613
17473
13181
19896
11
17424
17051
17475
20433
16549
12911
14211
8504
16529
19742
20432
9
523
5753
6040
1428
6036
538
1423
1424
5158
1
12251
1
14306
1
17580
1
18020
1
11243
1
13343
1
14281
1
17596
1
20330
1
20449
1
8577
1
10999
1
11824
1
19324
1
19326
9
523
5753
6040
1428
6036
538
1423
1424
5158
7
1882
1884
1959
7982
2868
7987
8136
3
19333
19332
19334
1
9724
1
11826
1
19272
1
19330
1
19331
2
9724
9934
7
1882
1884
1959
7982
2868
7987
8136
1
18599
1
18601
1
19329
1
19330
1
9724
9
523
5753
6040
1428
6036
538
1423
1424
5158
1
18601
1
19329
3
19333
19332
19334
9
3147
3151
1882
1884
1959
7982
2868
7987
8136
9
523
5753
6040
1428
6036
538
1423
1424
5158
1
14581
1
19300
1
19301
1
14327
1
14385
1
14581
1
19301
1
19302
5
10830
17760
14927
14965
17761
1
17331
1
17720
2
17761
17760
5
10830
17760
14927
14965
17761
1
18622
1
18623
1
10837
11
16549
16540
19731
17164
8580
8582
19729
19730
8584
8587
16768
9
3147
3151
1882
1884
1959
7982
2868
7987
8136
1
17721
1
19250
6
1725
3472
7100
7103
7107
7104
1
18622
1
18623
1
18624
1
18625
1
18626
2
7808
2303
2
3486
4016
10
7104
338
2345
451
5571
1725
3472
7100
7103
7107
1
4022
1
6430
6
1725
3472
7100
7103
7107
7104
1
7810
1
2571
6
1725
3472
7100
7103
7107
7104
1
7810
1
7814
1
13524
1
14933
1
20037
1
20038
1
14933
1
17236
1
17291
1
20038
1
20039
1
20035
1
20036
1
20037
1
20038
1
20039
1
3487
2
7797
3488
1
7796
2
7797
3488
1
3489
1
7084
1
7085
2
5359
7080
1
7084
1
3489
5
1801
2187
2786
4786
4788
7
4046
6443
7083
4038
5284
5285
6085
5
1801
2187
2786
4786
4788
1
7085
1
3489
1
2841
1
3607
3
4281
3604
3603
1
10825
1
15070
3
15071
12363
12335
1
857
1
1567
1
3491
1
857
1
3491
1
4587
1
5290
4
18192
19999
17317
20412
1
20040
1
20041
5
17317
17297
20412
18192
19999
6
3917
2482
7993
2454
7995
6713
1
3500
5
1801
2187
2786
4786
4788
6
1725
3472
7100
7103
7107
7104
6
1725
3472
7100
7103
7107
7104
2
14950
16321
1
9907
3
14593
14847
13235
3
14593
14847
13235
1
14950
2
1725
3472
2
7100
7162
2
7100
7162
1
2562
2
7100
7162
1
7106
1
7107
2
7100
7162
4
6178
6181
2529
3506
4
1715
3502
3358
3501
1
6462
1
14907
2
14912
17263
4
1715
3502
3358
3501
1
3505
1
7151
1
7152
1
5387
1
7149
1
7151
4
5351
5350
1153
1152
1
6601
1
6603
6
14599
14690
9726
19969
10831
12970
4
17333
19971
19965
19968
4
1715
3502
3358
3501
4
1715
3502
3358
3501
1
19970
1
14603
1
19211
1
14601
1
14603
1
18729
1
18731
1
19209
1
19211
1
14603
1
15340
1
18729
1
18730
1
19209
1
19210
11
17937
20066
8680
8681
17936
17942
12511
18730
15340
17938
17941
1
18727
1
18729
6
17936
17942
12511
18730
15340
17938
1
18731
1
20068
1
20015
1
20059
1
20060
1
20059
1
20062
2
17768
10894
5
20013
20015
20014
11169
10898
4
10858
10894
17767
17768
1
18638
1
18642
4
20199
20200
18643
20017
9
16540
19731
8580
8582
19729
19730
8584
8587
16768
4
20199
20200
18643
20017
1
14607
1
18641
1
18645
1
20056
1
20057
1
14614
1
19303
1
19305
7
8622
17961
15781
15880
8629
15129
19267
4
15781
15880
8629
15129
1
17246
7
8622
17961
15781
15880
8629
15129
19267
1
19268
2
19267
19270
1
19268
1
19269
2
19267
19270
1
19271
1
17356
1
18725
1
19275
1
19282
1
19283
1
19279
1
19281
1
19282
1
19283
1
20025
1
20026
1
1164
1
1165
1
6594
1
6607
1
7948
1
7949
1
6594
1
6607
1
6994
1
7953
1
7954
4
1715
3502
3358
3501
11
17937
20066
8680
8681
17936
17942
12511
18730
15340
17938
17941
3
17943
17942
12511
3
17943
17942
12511
2
874
1584
1
5409
1
7890
1
5839
1
7848
1
7850
1
7888
1
7889
4
10858
10894
17767
17768
2
17768
10894
1
18638
1
18639
1
3660
1
6234
1
6464
1
6476
1
6478
1
14624
1
15097
1
18628
1
20340
1
7851
1
7853
1
3518
1
6527
9
20337
15046
15014
14612
18455
20210
20212
17234
18456
9
14612
15014
20337
15046
18455
20210
20212
17234
18456
1
18656
1
2625
1
6534
1
7854
1
7855
1
18655
1
18657
4
1715
3502
3358
3501
4
1627
1645
5966
6319
1
3679
1
4304
1
6488
1
6489
1
7179
1
7182
1
15892
1
17357
7
957
6274
6275
6295
2644
6296
6547
7
957
6274
6275
6295
2644
6296
6547
9
16540
19731
8580
8582
19729
19730
8584
8587
16768
1
5458
1
5459
12
6650
7313
7472
5457
7474
8142
4637
4370
4360
7319
4636
4641
1
8154
1
8497
1
8499
1
17396
1
19348
1
19348
7
7432
7460
7392
7430
7971
7972
7445
1
7975
1
16371
1
19937
1
19941
7
7432
7460
7392
7430
7971
7972
7445
1
7971
4
7392
7430
7971
7972
1
10642
1
16371
1
17403
1
13374
1
13375
1
20032
1
20034
1
13374
1
8370
1
20099
1
20100
1
20101
2
17256
18476
3
19523
19525
17256
1
20072
5
8544
17256
18476
11319
20074
3
19523
19525
17256
1
17422
1
20174
4
1627
1645
5966
6319
9
16540
19731
8580
8582
19729
19730
8584
8587
16768
1
20251
1
20092
4
17422
17423
20096
20174
1
20098
1
20099
1
20100
7
957
6274
6275
6295
2644
6296
6547
1
20175
1
20251
5
16633
16636
8571
8640
16634
1
8638
5
16633
16636
8571
8640
16634
2
8640
16634
1
19284
1
19285
1
8633
10
8636
8639
8638
8633
19284
19285
19286
19287
10204
15361
2
10204
15361
3
10204
15361
10886
2
10204
15361
8
8636
8639
8638
8633
19284
19285
19286
19287
1
14065
1
15186
1
17264
1
20133
2
20135
15186
1
15186
2
14670
15199
1
15200
5
15184
17137
20134
20135
15186
2
20135
15186
1
15199
4
20129
20130
13293
16251
4
1627
1645
5966
6319
1
19544
9
11992
16257
16260
8715
16252
16258
19545
16256
19546
6
1592
6331
1627
1645
5966
6319
1
20131
1
19544
1
19551
1
19554
1
19555
1
20131
1
20132
2
8703
8701
2
8703
8701
1
8705
7
957
6274
6275
6295
2644
6296
6547
7
957
6274
6275
6295
2644
6296
6547
4
12852
13554
18977
18978
1
13912
2
13912
18971
9
16540
19731
8580
8582
19729
19730
8584
8587
16768
1
20121
1
20124
7
4215
6316
1685
1627
1645
5966
6319
1
13593
1
18971
1
20082
1
20124
2
14657
18875
2
16287
16294
2
16287
16294
2
14657
18875
1
18876
2
14657
18875
1
16289
1
16291
2
14657
18875
1
18877
1
8820
2
12548
16126
5
13944
12548
16977
16126
16122
2
12548
16126
1
20144
6
16122
20145
12548
16126
13944
16977
1
8820
1
11218
1
20144
1
20150
8
16121
11678
16113
13944
12548
16977
16126
16122
4
13944
12548
16977
16126
2
450
7129
6
16122
20145
12548
16126
13944
16977
1
20136
1
20138
1
20164
1
20168
1
20173
1
20162
15
925
5526
3804
3810
3805
3806
1154
3575
3803
420
5131
5280
3996
868
5281
1
20164
1
20165
6
18963
13101
16332
16334
18962
20388
1
20173
1
13177
1
15231
1
17265
1
20027
1
20031
2
14670
15199
2
20135
15186
2
14670
15199
1
15231
1
20028
1
20031
5
15184
17137
20134
20135
15186
1
15186
1
15231
1
17264
1
17265
3
10204
15361
10886
1
10453
10
8636
8639
8638
8633
19284
19285
19286
19287
10204
15361
1
15362
1
11760
1
12596
1
12859
1
14316
1
19604
1
19606
1
8379
1
19920
1
20115
1
20116
14
17900
20112
20117
20118
20178
20177
20113
14675
8379
8382
19920
20455
8383
20452
5
1600
3802
3797
5233
1604
5
1600
3802
3797
5233
1604
5
1600
3802
3797
5233
1604
5
1600
3802
3797
5233
1604
3
4376
4962
1289
1
20111
1
20114
1
14675
4
20119
20456
20113
20455
1
20452
4
20119
20456
20113
20455
1
6603
3
3533
6605
6604
7
17333
19971
19965
19968
17510
19964
19963
1
19962
3
19963
17333
19965
4
5485
440
5196
5258
1
1162
1
5353
4
5485
440
5196
5258
1
13369
1
14728
1
8637
4
11775
18025
8637
17583
1
17583
4
11775
18025
8637
17583
1
2049
1
5354
2
852
8094
1
12164
1
12170
1
12170
1
18137
1
20343
2
9649
12164
2
9649
12164
1
12170
1
17632
1
18136
1
18137
1
12164
1
10712
1
10808
2
17663
15396
1
17649
7
957
6274
6275
6295
2644
6296
6547
1
18194
1
18206
1
11001
1
17298
1
17300
1
11001
1
12223
1
12226
1
17298
1
19299
1
11001
2
12818
14913
5
1600
3802
3797
5233
1604
1
14929
5
1600
3802
3797
5233
1604
1
20334
4
1747
5537
855
5536
2
5359
7080
4
1747
5537
855
5536
2
5359
7080
1
2434
6
949
3247
4514
935
5422
7924
1
3917
1
6984
1
470
1
861
6
949
3247
4514
935
5422
7924
1
5382
1
5574
6
949
3247
4514
935
5422
7924
1
7109
2
59
445
1
6369
2
12818
14913
1
14970
1
866
1
5596
1
8010
1
8140
1
14965
1
17331
5
10830
17760
14927
14965
17761
1
5387
1
5595
1
8009
1
843
1
5595
1
5596
1
8009
1
8010
1
13835
1
14078
1
19253
1
13835
1
13919
1
13936
1
14078
1
14078
1
13936
1
12240
2
14999
14997
2
14999
14997
1
20344
2
10891
11868
2
10891
11868
7
15110
20313
9773
15107
15109
18335
18345
1
18343
7
15110
20313
9773
15107
15109
18335
18345
7
15110
20313
9773
15107
15109
18335
18345
1
10891
2
11868
14997
2
11868
14997
1
14999
1
14997
1
11868
10
8351
8353
15037
18462
18649
18651
17350
18648
8352
8354
1
8356
1
12230
1
13182
1
10841
1
10860
1
14617
1
17246
1
17353
1
17796
1
19268
8
9760
18699
17841
17385
18705
18697
18701
17840
5
1575
1576
2346
2766
2767
8
9760
18699
17841
17385
18705
18697
18701
17840
3
9758
9760
18699
10
3627
3628
8086
1575
1576
2346
2766
2767
5563
5566
6
18699
17385
18705
18697
18701
17840
1
10863
1
11045
1
17381
1
20222
1
5412
1
5603
2
6479
6475
1
1105
1
3658
1
5610
1
7890
1
7893
1
8245
1
5413
1
5632
1
7851
1
2320
1
2344
2
7170
7165
2
876
877
1
1572
1
5632
1
1765
1
2320
5
6530
7852
5414
8023
5415
2
878
5629
1
5638
2
8023
5415
3
16016
15124
11046
1
20209
1
4155
2
4126
6751
6
2094
3696
4320
4321
5431
6757
2
4321
5431
7
13443
13719
18915
18916
13531
13787
13818
7
13443
13719
18915
18916
13531
13787
13818
2
16072
17380
5
1575
1576
2346
2766
2767
1
3699
1
6560
1
6735
1
8159
1
3699
1
8077
1
8172
5
1575
1576
2346
2766
2767
1
15759
5
1575
1576
2346
2766
2767
4
3928
4160
8077
8172
1
5278
4
3928
4160
8077
8172
5
1575
1576
2346
2766
2767
1
17269
1
3958
3
2655
3960
5252
6
949
3247
4514
935
5422
7924
4
12258
13718
15347
15888
1
17240
1
4208
1
5252
1
15890
6
18380
17240
18376
9690
12825
16074
7
691
24
3821
3825
5756
5752
5755
6
5251
5750
691
24
3821
3825
1
5096
1
5156
1
4513
1
5188
1
6710
1
6711
1
6715
1
6716
8
4030
4027
4031
1555
2739
4023
4028
4032
2
7064
4039
1
4041
1
4792
8
7064
4039
5362
8089
1750
5361
149
854
1
3930
4
3928
4160
8077
8172
1
4162
1
5278
1
10939
3
6424
4037
3079
1
15026
6
420
5131
5280
3996
868
5281
1
15039
1
8357
1
8358
4
8360
8361
8377
8380
4
8360
8361
8377
8380
1
8381
1
8380
1
8381
1
10939
1
15039
2
3533
6605
3
3533
6605
6604
2
3533
6605
2
9387
18261
1
18307
1
18308
1
19962
1
9387
1
9421
4
9387
18308
9421
18253
5
1555
2739
4023
4028
4032
1
13370
1
14728
1
17283
2
9956
17283
5
1555
2739
4023
4028
4032
1
13370
2
9956
17283
1
17283
4
20331
13075
13508
15545
5
1555
2739
4023
4028
4032
1
14776
1
17286
1
18108
1
18110
3
8446
8444
8445
9
8447
11906
10824
8445
8444
8443
15674
12797
20351
3
8446
8447
18292
3
8446
8447
18292
8
8407
17562
13229
13231
17287
17539
14562
17538
1
17300
1
19300
1
12245
2
14892
17302
2
12245
17303
1
14891
1
14892
1
17302
2
12245
17303
1
18244
1
12245
1
3585
6
949
3247
4514
935
5422
7924
1
6430
5
1322
4930
6362
7566
7567
5
1322
4930
6362
7566
7567
1
7064
1
8089
1
15674
1
20351
1
1749
4
1750
5361
149
854
1
2178
4
1750
5361
149
854
6
7798
5493
5515
5938
7026
5494
1
1756
1
6702
1
6136
1
6138
1
7999
1
2708
1
3501
1
3502
1
6136
1
6138
6
2534
7947
8007
5386
2535
8008
2
2065
3504
1
4809
1
6167
1
8002
1
8008
2
3504
2065
1
2188
1
8168
1
3508
2
5255
3533
2
5255
3533
1
5392
3
3533
6605
6604
1
3508
3
13453
17243
13450
1
14713
1
15854
1
20067
3
17243
13450
13453
1
14605
1
15097
1
17341
1
18630
1
20339
1
20340
1
17345
1
20344
6
14611
18455
20210
20212
17234
18456
1
15873
17
848
2171
3996
868
925
5526
3804
3810
3805
3806
1154
3575
3803
420
5131
5280
5281
1
17348
5
1322
4930
6362
7566
7567
5
1322
4930
6362
7566
7567
6
420
5131
5280
3996
868
5281
1
14611
1
15335
1
15872
2
17390
18458
4
15871
17397
17392
17390
1
18457
2
17390
18458
4
15871
17397
17392
17390
1
14610
1
14611
1
17348
1
18342
1
19263
1
10891
1
12240
1
14986
1
14999
1
18343
1
15787
1
18463
1
18653
1
18654
1
13541
1
13647
1
13697
1
17356
1
18400
1
19275
1
15088
1
15892
1
17357
1
18720
1
2500
1
6221
1
7442
1
3511
1
6215
1
7957
2
6609
3509
1
6608
2
6609
3509
3
13453
17243
13450
1
14713
8
4104
4262
6366
1322
4930
6362
7566
7567
1
17363
1
3509
1
3510
1
5405
1
5406
1
6609
1
3509
1
3512
1
8245
1
1718
1
3519
1
8025
1
14626
1
15754
1
20214
1
5418
1
7179
1
8095
5
7167
8027
7171
5421
5420
1
6256
1
6257
2
7167
8027
1
808
1
2828
1
2092
1
5429
1
11650
1
17379
1
20362
1
3526
1
6329
1
7194
1
1734
1
2684
2
5438
6566
2
10617
17384
2
10617
17384
5
20386
12168
17384
18397
18396
5
20386
12168
17384
18397
18396
1
9746
1
11471
1
11472
1
18477
1
4918
2
6373
3166
1
6384
1
7499
1
8412
1
8416
4
11233
15960
18487
18488
4
11233
15960
18487
18488
1
18523
1
15029
1
15196
1
15198
1
15409
1
4292
1
5381
1
7130
1
16041
2
17757
17326
1
5358
1
6098
1
4368
12
6650
7313
7472
5457
7474
8142
4637
4370
4360
7319
4636
4641
1
12774
1
16096
1
20387
4
1502
3406
3273
8104
1
7445
1
7460
4
1502
3406
3273
8104
1
17403
1
20354
1
4360
3
8142
4637
4370
1
7316
1
7319
1
2929
1
2996
1
6656
1
6657
1
16141
1
17745
1
17753
6
1115
2233
2256
3550
898
1216
1
4519
1
4630
1
4631
1
4632
1
8506
1
12249
1
12251
1
18020
1
18023
1
6762
1
6764
1
7201
1
7215
1
5211
1
5450
1
5447
1
6333
2
7314
7761
3
7314
7761
7760
2
7314
7761
5
8498
18963
8502
8500
19716
1
14634
5
8498
18963
8502
8500
19716
2
5458
7314
2
5458
7314
1
7753
3
7314
7761
7760
1
8154
1
3530
5
1322
4930
6362
7566
7567
5
1299
1496
1533
1898
1906
7
12438
14227
14228
19936
19938
12434
14635
4
12434
19938
14635
19936
1
19941
2
3106
3107
1
8102
7
4978
4998
1496
1299
1533
1898
1906
5
1299
1496
1533
1898
1906
1
19008
1
8939
1
12895
1
16647
5
1299
1496
1533
1898
1906
1
17429
1
8536
1
8607
1
14196
1
15034
1
19047
1
8542
1
16397
1
19130
1
19131
1
20276
1
9154
1
9181
1
17467
1
17468
1
8504
1
12924
12
17666
10826
17644
13125
8343
17746
8333
17744
20004
20002
20393
20394
1
20372
5
1299
1496
1533
1898
1906
4
8504
16529
19742
20432
1
8513
1
8517
1
8536
1
12924
1
15034
5
1293
6142
7138
248
7124
2
16549
12911
1
14211
2
16549
12911
1
16550
11
17424
17051
17475
20433
16549
12911
14211
8504
16529
19742
20432
1
20432
4
17475
20433
16549
12911
4
11775
18025
8637
17583
1
11732
4
11802
16565
18865
20392
4
11786
20267
16567
17581
4
11775
18025
8637
17583
8
5993
7132
7120
1293
6142
7138
248
7124
6
949
3247
4514
935
5422
7924
3
7947
8007
5386
1
6166
1
6167
3
7947
8007
5386
6
2534
7947
8007
5386
2535
8008
1
13835
1
13919
1
17339
1
17340
1
19253
1
17340
1
4832
1
5404
1
7442
1
4864
1
5363
1
5364
1
7063
6
12581
13454
17134
13894
17084
17279
4
17312
17731
17730
17729
1
20349
1
5453
1
8092
4
16680
17393
16324
20353
4
16680
17393
16324
20353
1
8386
1
8388
1
16758
2
8389
18646
1
16096
1
16328
2
17396
19348
2
17396
19348
1
20387
5
1293
6142
7138
248
7124
1
17286
2
19368
20332
1
19369
5
1293
6142
7138
248
7124
2
19368
20332
1
5400
1
5610
1
7436
1
8603
1
13385
2
14219
16336
1
14223
1
8421
1
8422
1
8424
5
810
811
895
897
1060
1
19707
1
19732
1
19736
1
19746
1
20238
1
20252
6
17422
17423
20096
20174
20253
20252
1
8365
1
8603
1
14223
1
16854
1
19732
1
20238
1
8293
1
8301
1
8386
2
8389
18646
1
14664
1
16458
5
1293
6142
7138
248
7124
1
12911
5
1293
6142
7138
248
7124
1
17476
1
20373
1
15774
5
810
811
895
897
1060
1
15808
1
15837
6
17422
17423
20096
20174
20253
20252
7
1039
2055
770
1057
1172
1297
1429
1
19746
1
20176
6
17422
17423
20096
20174
20253
20252
1
19745
1
17295
1
18193
1
9382
1
9517
1
17516
1
17519
1
17523
1
301
1
5528
7
10996
17733
11907
18570
17732
18569
10041
4
11907
18570
17732
18569
4
11907
18570
17732
18569
6
12581
13454
17134
13894
17084
17279
6
12581
13454
17134
13894
17084
17279
7
1039
2055
770
1057
1172
1297
1429
7
1039
2055
770
1057
1172
1297
1429
2
85
7059
2
5364
7063
1
7059
1
7063
2
5364
7063
4
85
2744
7062
7059
3
5345
5370
5346
2
8144
860
7
1039
2055
770
1057
1172
1297
1429
8
8346
8333
17744
20004
20002
20393
8341
17742
5
810
811
895
897
1060
1
858
1
5544
1
5559
1
13546
8
14862
14863
17295
17296
17297
13176
13547
14956
7
1039
2055
770
1057
1172
1297
1429
5
17317
17297
20412
18192
19999
1
20040
5
810
811
895
897
1060
8
1039
2055
770
1057
1172
1297
1429
1041
2
2065
3504
1
8002
1
244
1
843
1
5595
1
5393
1
7790
1
417
1
5589
1
5601
1
406
2
59
445
1
5396
1
5592
1
5600
1
17353
1
19264
1
19268
1
19269
1
19268
4
12169
20338
12304
13522
4
12169
20338
12304
13522
1
13541
1
13579
1
13647
1
1596
1
5603
1
5616
1
876
6
12581
13454
17134
13894
17084
17279
1
1572
1
5633
1
5635
8
1011
5179
1028
1007
1027
8114
304
5765
1
1718
1
3519
1
3520
1
6148
1
6266
1
7180
1
7185
1
7189
1
2391
1
5428
1
5602
1
7447
6
11842
13222
17794
10845
13221
19490
2
17793
13221
2
19489
19490
3
10845
13221
19490
2
19489
19490
2
17793
13221
2
5441
5660
6
1007
1027
1028
8114
304
5765
1
6083
1
6094
1
6321
1
6094
1
4922
1
7494
1
7496
1
7968
1
1502
6
1007
1027
1028
8114
304
5765
6
1007
1027
1028
8114
304
5765
6
1007
1027
1028
8114
304
5765
9
1489
4363
2921
2929
1948
2996
6647
6657
6648
1
6647
1
11534
1
12560
1
12340
1
12355
6
1007
1027
1028
8114
304
5765
4
996
2486
2517
3780
2
15962
15960
2
15962
15960
5
11120
11125
12893
11233
18485
1
18485
2
8387
16759
2
8389
18646
1
16758
2
8387
16759
8
10519
17223
18616
18617
19135
18871
18646
8389
1
19660
4
12778
18761
8759
12916
1
8819
1
11542
1
12916
1
18764
4
12778
18761
8759
12916
1
8759
1
8819
1
8888
1
9148
1
8759
1
17467
1
17468
1
20162
6
420
5131
5280
3996
868
5281
2
5256
5725
2
6561
8109
3
13576
9196
13496
3
20359
16078
18679
3
2125
1506
1483
5
419
993
1152
3401
3402
5
419
993
1152
3401
3402
3
16006
15852
9063
3
8920
10096
10504
13
10123
15415
9083
10713
9096
9099
10456
9095
10729
10416
10563
10544
15442
3
11737
11738
11734
5
1164
440
5485
5196
5258
4
5485
440
5196
5258
3
10302
9789
10492
2
17233
17334
3
14440
10180
10185
2
14912
17263
3
14599
14690
9726
3
18253
9467
17305
4
17312
17731
17730
17729
8
18597
18600
20196
18175
18602
20194
14937
15591
3
8446
8447
18292
5
419
993
1152
3401
3402
3
13454
17134
13894
3
11068
10862
10950
3
11056
14628
9632
3
20337
15046
15014
3
17943
17942
12511
3
19313
11957
17816
3
13421
13420
15546
3
14990
11867
11169
3
14726
14730
17288
3
16573
17651
12269
3
18165
18168
12796
3
18403
18419
12832
4
996
2486
2517
3780
3
7104
338
2345
3
1469
1466
1304
1
59
1
14913
3
51
27
392
3
9593
9494
9563
3
908
22
305
3
11048
18553
10930
3
2584
2583
2581
3
7982
2868
7987
5
419
993
1152
3401
3402
9
12794
15529
18872
20410
17282
14723
12565
11127
15525
4
996
2486
2517
3780
3
1747
3372
3368
5
810
811
895
897
1060
3
1459
1673
1931
3
12794
15529
18872
3
4649
6700
6699
4
16338
16649
14521
14163
4
996
2486
2517
3780
2
14597
14868
3
4281
3604
3603
3
15071
12363
12335
2
5255
3533
3
7003
1427
2256
1
7064
3
16795
12850
16794
5
5540
5541
3614
5552
5558
3
13178
17660
13108
3
6133
4086
2765
3
13629
13570
18304
14
2952
6414
5307
6619
2266
5309
6621
8131
8132
5357
6412
5992
6618
5306
4
6412
5992
6618
5306
3
13169
16025
18552
3
6452
6454
2349
3
6854
4908
4907
3
12851
18974
19078
3
6859
6873
6874
3
8726
8735
18979
5
810
811
895
897
1060
12
6650
7313
7472
5457
7474
8142
4637
4370
4360
7319
4636
4641
2
5458
7314
4
14587
13524
20037
20036
4
14587
13524
20037
20036
3
4265
1782
4607
3
1703
3498
2762
4
1795
2626
3517
3516
4
1795
2626
3517
3516
3
4203
2195
4839
5
6172
6175
2185
6177
2532
3
217
60
439
3
16016
15124
11046
4
2100
5801
1700
386
11
2851
2100
5801
1700
386
2084
3973
8127
3972
3460
4882
3
10977
10980
11078
8
794
827
830
704
722
795
796
826
3
9345
9969
10978
3
1043
1085
297
3
9795
9340
9258
4
5715
5759
1377
1331
4
5715
5759
1377
1331
3
11780
11212
17916
4
996
2486
2517
3780
3
260
6642
1497
3
18745
16543
12564
3
3001
4705
3153
3
18860
18862
11583
3
8102
4731
4718
4
12773
19008
14341
16384
3
3090
3087
7864
2
20399
19448
3
2987
336
2007
3
11527
13174
11783
3
6612
3230
4753
3
16202
18846
18847
7
998
3953
5803
3838
1006
259
352
10
3371
4344
3753
5207
3441
3751
3965
1006
259
352
3
13576
9196
13496
3
14135
16478
16387
3
4912
4913
3153
3
18860
18864
16736
3
4926
3283
1835
4
8490
8488
8486
16751
4
8490
8488
8486
16751
4
7680
4988
4989
4990
4
7680
4988
4989
4990
7
19837
14538
16391
16840
16841
19834
19822
4
16840
16841
19834
19822
3
17948
17946
16203
6
13569
15063
18696
20359
16078
18679
10
18901
18905
20359
16078
18679
9220
9232
9264
18902
18903
2
5441
5660
5
17385
18705
18697
18701
17840
1
6647
3
6891
6765
6731
3
12861
19610
19885
4
996
2486
2517
3780
3
10730
10183
10152
3
8114
304
5765
4
691
24
3821
3825
8
1697
1601
1609
969
1604
1607
1608
3655
8
1006
259
352
3838
324
241
146
89
3
241
146
89
6
8127
3972
3460
4882
6575
6580
4
8127
3972
3460
4882
3
3832
1098
2471
3
3850
3048
3047
3
3886
138
218
3
5188
3868
2539
3
3412
3889
5864
3
8119
77
46
6
3867
3935
3942
5810
3880
3932
4
5810
3880
3932
3867
3
8204
8202
462
3
11992
16257
16260
3
20364
10397
12774
4
18477
11686
12913
9911
7
5590
6389
3655
969
1604
1607
1608
2
14219
16336
3
10160
12845
14220
2
17256
18476
5
704
722
795
796
826
5
8458
11462
19500
16012
8456
3
17426
14372
18736
3
8678
8688
8726
3
16287
8606
8605
3
14353
12631
12879
3
16028
17225
20431
5
969
1604
1607
1608
3655
13
14400
19073
19085
19086
16457
19153
19152
12912
10840
10811
16027
16029
16516
5
969
1604
1607
1608
3655
3
17403
10642
16836
3
17474
13928
18745
3
8495
14114
8493
7
8455
16005
8453
14530
12930
15938
15940
6
10880
12032
13287
15361
15362
13294
9
20177
20113
14675
8379
8382
19920
20455
8383
20452
3
12075
12074
16511
3
10184
18769
12512
5
8939
12932
19184
19186
20379
8
19085
19086
16457
19153
19152
9005
11142
13996
17
19074
14400
19073
19085
19086
16457
19153
19152
12912
10840
10811
16027
16029
16516
9005
11142
13996
8
19085
19086
16457
19153
19152
9005
11142
13996
3
14640
17949
14675
5
969
1604
1607
1608
3655
3
17427
16891
17472
3
20392
18865
20375
4
19121
19088
8308
14534
3
8187
5479
5476
5
538
1423
1424
1428
5158
5
969
1604
1607
1608
3655
3
3185
3190
3182
11
3718
3719
3126
3720
3721
6922
3132
6889
6920
3124
4676
3
1489
4363
2921
5
538
1423
1424
1428
5158
10
7326
7327
5272
6622
1913
1500
1889
1915
1896
4964
3
1147
6844
3167
3
2209
3198
3191
5
770
1057
1172
1297
1429
3
3447
1326
4670
3
6867
5464
3529
2
6373
3166
2
3996
868
6
420
5131
5280
3996
868
5281
3
2630
2665
5356
3
17308
18572
18579
3
7947
8007
5386
3
18708
18429
18424
7
1161
1298
770
1057
1172
1297
1429
3
8732
20283
12882
1
7129
1
9607
1
3797
5
704
722
795
796
826
3
2531
6179
4105
8
12185
15692
13592
14584
8626
8628
16450
13588
4
13592
14584
15692
13588
3
19333
19332
19334
4
9952
9647
11176
11178
4
9952
9647
11176
11178
8
18597
18600
20196
18175
18602
20194
14937
15591
5
770
1057
1172
1297
1429
14
3209
4644
3207
3208
3206
6680
6681
6682
6683
2207
3205
6826
6827
6834
4
14219
16336
13385
8601
5
13178
17660
13108
13100
13048
3
965
3787
370
3
13944
12548
16977
3
13944
12548
16977
3
19008
14341
16384
7
1161
1298
770
1057
1172
1297
1429
1
15962
3
15938
14530
12930
8
1030
1308
1426
538
1423
1424
1428
5158
3
2209
3198
3191
2
8443
15674
5
770
1057
1172
1297
1429
6
17155
12624
19622
8383
8384
19621
5
770
1057
1172
1297
1429
9
11992
16257
16260
16256
19546
8715
16252
16258
19545
3
9710
12536
12581
8
10599
9511
10412
10324
10592
14995
10598
10600
3
15405
15403
9982
3
15429
9458
9453
3
19963
17333
19965
5
770
1057
1172
1297
1429
3
474
491
2077
3
14969
12084
13650
3
959
5323
2776
3
19031
11836
11805
5
538
1423
1424
1428
5158
3
5704
3913
8207
3
4954
6689
6699
4
3917
2482
7993
2454
4
3917
2482
7993
2454
4
5351
5350
1153
1152
3
18300
18213
18613
1
876
3
901
915
2724
3
10976
11124
11541
3
1167
1119
1331
3
972
3581
434
2
1162
440
5
2823
6274
6275
6295
2644
4
6274
6275
6295
2644
3
18366
18674
18365
3
7315
7321
7658
5
267
268
144
300
323
3
2731
3755
177
3
5727
5728
2518
3
4344
3753
5207
3
5771
5770
5777
3
12337
14527
12870
3
12337
14527
12870
6
8840
16292
16478
13943
14135
16387
6
14138
13943
14135
16478
16387
16480
3
12862
16824
16822
3
8383
8384
19621
4
17476
16821
18998
16822
4
17476
16821
18998
16822
3
8788
14523
17469
5
538
1423
1424
1428
5158
2
450
7129
3
3445
2242
3018
3
3167
1147
6844
8
3334
4449
5067
6666
4946
4948
6667
5065
3
17288
17546
13322
5
19024
10382
12882
8732
20283
8
13555
11705
17324
11713
11740
13629
13570
18304
2
12168
17384
3
2655
3960
5252
4
17240
18376
9690
12825
4
17240
18376
9690
12825
3
17015
17011
14668
6
23
305
401
454
908
22
8
931
5767
908
22
305
23
401
454
6
23
305
401
454
908
22
6
23
305
401
454
908
22
6
23
305
401
454
908
22
6
23
305
401
454
908
22
2
450
7129
19
5470
7486
7488
2200
5048
5100
5103
856
2994
2235
1920
4527
5107
70
4733
8102
4731
4718
143
6
70
4733
8102
4731
4718
143
2
450
7129
6
70
4733
8102
4731
4718
143
6
70
4733
8102
4731
4718
143
4
149
5361
854
1750
2
450
7129
4
149
5361
854
1750
2
450
7129
4
149
5361
854
1750
4
149
5361
854
1750
4
149
5361
854
1750
7
6087
4039
4791
149
5361
854
1750
8
1043
1085
297
5736
5739
205
348
761
6
205
348
1043
1085
297
761
6
205
348
1043
1085
297
761
6
205
348
1043
1085
297
761
6
205
348
1043
1085
297
761
6
205
348
1043
1085
297
761
6
277
1778
2987
336
2007
6047
9
6038
8226
6042
277
1778
2987
336
2007
6047
6
277
1778
2987
336
2007
6047
6
277
1778
2987
336
2007
6047
6
277
1778
2987
336
2007
6047
6
277
1778
2987
336
2007
6047
3
18351
12402
12403
2
5381
2351
13
19418
13577
13194
16047
10815
17699
19243
19249
9693
10813
16045
19245
17326
3
11059
11094
12623
3
2367
2801
7435
5
18366
18674
18365
20396
13751
3
12458
12619
13448
8
12912
10840
10811
16027
16029
16516
8323
19142
4
14530
12930
15938
15940
3
10041
17732
18569
1
2092
2
874
1584
5
179
498
550
558
562
5
179
498
550
558
562
5
179
498
550
558
562
5
179
498
550
558
562
5
179
498
550
558
562
5
179
498
550
558
562
5
532
533
8152
564
8234
5
532
533
8152
564
8234
5
532
533
8152
564
8234
5
532
533
8152
564
8234
5
532
533
8152
564
8234
8
540
586
602
532
533
8152
564
8234
5
704
722
795
796
826
6
564
602
622
655
674
2737
17
600
625
588
8264
540
586
602
532
533
8152
564
8234
8266
622
655
674
2737
8
658
752
564
602
622
655
674
2737
6
564
602
622
655
674
2737
8
658
752
564
602
622
655
674
2737
6
564
602
622
655
674
2737
9
587
624
8234
564
602
622
655
674
2737
5
617
812
1316
811
1287
5
617
812
1316
811
1287
5
617
812
1316
811
1287
5
617
812
1316
811
1287
5
617
812
1316
811
1287
5
617
812
1316
811
1287
5
704
722
795
796
826
5
704
722
795
796
826
6198
0
0
0
0
0
0
0
0
0
0
0
0
0
0
0
0
0
0
0
0
0
0
0
0
0
0
0
0
0
0
0
0
0
0
0
0
0
0
0
0
0
0
0
0
0
0
0
0
0
0
0
0
0
0
0
0
0
0
0
0
0
0
0
0
0
0
0
0
0
0
0
0
0
0
0
0
0
0
0
0
0
0
0
0
0
0
0
0
0
0
0
0
0
0
0
0
0
0
0
0
0
0
0
0
0
0
0
0
0
0
0
0
0
0
0
0
0
0
0
0
0
0
0
0
0
0
0
0
0
0
0
0
0
0
0
0
0
0
0
0
0
0
0
0
0
0
0
0
0
0
0
0
0
0
0
0
0
0
0
0
0
0
0
0
0
0
0
0
0
0
0
0
0
0
0
0
0
0
0
0
0
0
0
0
0
0
0
0
0
0
0
0
0
0
0
0
0
0
0
0
0
0
0
0
0
0
0
0
0
0
0
0
0
0
0
0
0
0
0
0
0
0
0
0
0
0
0
0
0
0
0
0
0
0
0
0
0
0
0
0
0
0
0
0
0
0
0
0
0
0
0
0
0
0
0
0
0
0
0
0
0
0
0
0
0
0
0
0
0
0
0
0
0
0
0
0
0
0
0
0
0
0
0
0
0
0
0
0
0
0
0
0
0
0
0
0
0
0
0
0
0
0
0
0
0
0
0
0
0
0
0
0
0
0
0
0
0
0
0
0
0
0
0
0
0
0
0
0
0
0
0
0
0
0
0
0
0
0
0
0
0
0
0
0
0
0
0
0
0
0
0
0
0
0
0
0
0
0
0
0
0
0
0
0
0
0
0
0
0
0
0
0
0
0
0
0
0
0
0
0
0
0
0
0
0
0
0
0
0
0
0
0
0
0
0
0
0
0
0
0
0
0
0
0
0
0
0
0
0
0
0
0
0
0
0
0
0
0
0
0
0
0
0
0
0
0
0
0
0
0
0
0
0
0
0
0
0
0
0
0
0
0
0
0
0
0
0
0
0
0
0
0
0
0
0
0
0
0
0
0
0
0
0
0
0
0
0
0
0
0
0
0
0
0
0
0
0
0
0
0
0
0
0
0
0
0
0
0
0
0
0
0
0
0
0
0
0
0
0
0
0
0
0
0
0
0
0
0
0
0
0
0
0
0
0
0
0
0
0
0
0
0
0
0
0
0
0
0
0
0
0
0
0
0
0
0
0
0
0
0
0
0
0
0
0
0
0
0
0
0
0
0
0
0
0
0
0
0
0
0
0
0
0
0
0
0
0
0
0
0
0
0
0
0
0
0
0
0
0
0
0
0
0
0
0
0
0
0
0
0
0
0
0
0
0
0
0
0
0
0
0
0
0
0
0
0
0
0
0
0
0
0
0
0
0
0
0
0
0
0
0
0
0
0
0
0
0
0
0
0
0
0
0
0
0
0
0
0
0
0
0
0
0
0
0
0
0
0
0
0
0
0
0
0
0
0
0
0
0
0
0
0
0
0
0
0
0
0
0
0
0
0
0
0
0
0
0
0
0
0
0
0
0
0
0
0
0
0
0
0
0
0
0
0
0
0
0
0
0
0
0
0
0
0
0
0
0
0
0
0
0
0
0
0
0
0
0
0
0
0
0
0
0
0
0
0
0
0
0
0
0
0
0
0
0
0
0
0
0
0
0
0
0
0
0
0
0
0
0
0
0
0
0
0
0
0
0
0
0
0
0
0
0
0
0
0
0
0
0
0
0
0
0
0
0
0
0
0
0
0
0
0
0
0
0
0
0
0
0
0
0
0
0
0
0
0
0
0
0
0
0
0
0
0
0
0
0
0
0
0
0
0
0
0
0
0
0
0
0
0
0
0
0
0
0
0
0
0
0
0
0
0
0
0
0
0
0
0
0
0
0
0
0
0
0
0
0
0
0
0
0
0
0
0
0
0
0
0
0
0
0
0
0
0
0
0
0
0
0
0
0
0
0
0
0
0
0
0
0
0
0
0
0
0
0
0
0
0
0
0
0
0
0
0
0
0
0
0
0
0
0
0
0
0
0
0
0
0
0
0
0
0
0
0
0
0
0
0
0
0
0
0
0
0
0
0
0
0
0
0
0
0
0
0
0
0
0
0
0
0
0
0
0
0
0
0
0
0
0
0
0
0
0
0
0
0
0
0
0
0
0
0
0
0
0
0
0
0
0
0
0
0
0
0
0
0
0
0
0
0
0
0
0
0
0
0
0
0
0
0
0
0
0
0
0
0
0
0
0
0
0
0
0
0
0
0
0
0
0
0
0
0
0
0
0
0
0
0
0
0
0
0
0
0
0
0
0
0
0
0
0
0
0
0
0
0
0
0
0
0
0
0
0
0
0
0
0
0
0
0
0
0
0
0
0
0
0
0
0
0
0
0
0
0
0
0
0
0
0
0
0
0
0
0
0
0
0
0
0
0
0
0
0
0
0
0
0
0
0
0
0
0
0
0
0
0
0
0
0
0
0
0
0
0
0
0
0
0
0
0
0
0
0
0
0
0
0
0
0
0
0
0
0
0
0
0
0
0
0
0
0
0
0
0
0
0
0
0
0
0
0
0
0
0
0
0
0
0
0
0
0
0
0
0
0
0
0
0
0
0
0
0
0
0
0
0
0
0
0
0
0
0
0
0
0
0
0
0
0
0
0
0
0
0
0
0
0
0
0
0
0
0
0
0
0
0
0
0
0
0
0
0
0
0
0
0
0
0
0
0
0
0
0
0
0
0
0
0
0
0
0
0
0
0
0
0
0
0
0
0
0
0
0
0
0
0
0
0
0
0
0
0
0
0
0
0
0
0
0
0
0
0
0
0
0
0
0
0
0
0
0
0
0
0
0
0
0
0
0
0
0
0
0
0
0
0
0
0
0
0
0
0
0
0
0
0
0
0
0
0
0
0
0
0
0
0
0
0
0
0
0
0
0
0
0
0
0
0
0
0
0
0
0
0
0
0
0
0
0
0
0
0
0
0
0
0
0
0
0
0
0
0
0
0
0
0
0
0
0
0
0
0
0
0
0
0
0
0
0
0
0
0
0
0
0
0
0
0
0
0
0
0
0
0
0
0
0
0
0
0
0
0
0
0
0
0
0
0
0
0
0
0
0
0
0
0
0
0
0
0
0
0
0
0
0
0
0
0
0
0
0
0
0
0
0
0
0
0
0
0
0
0
0
0
0
0
0
0
0
0
0
0
0
0
0
0
0
0
0
0
0
0
0
0
0
0
0
0
0
0
0
0
0
0
0
0
0
0
0
0
0
0
0
0
0
0
0
0
0
0
0
0
0
0
0
0
0
0
0
0
0
0
0
0
0
0
0
0
0
0
0
0
0
0
0
0
0
0
0
0
0
0
0
0
0
0
0
0
0
0
0
0
0
0
0
0
0
0
0
0
0
0
0
0
0
0
0
0
0
0
0
0
0
0
0
0
0
0
0
0
0
0
0
0
0
0
0
0
0
0
0
0
0
0
0
0
0
0
0
0
0
0
0
0
0
0
0
0
0
0
0
0
0
0
0
0
0
0
0
0
0
0
0
0
0
0
0
0
0
0
0
0
0
0
0
0
0
0
0
0
0
0
0
0
0
0
0
0
0
0
0
0
0
0
0
0
0
0
0
0
0
0
0
0
0
0
0
0
0
0
0
0
0
0
0
0
0
0
0
0
0
0
0
0
0
0
0
0
0
0
0
0
0
0
0
0
0
0
0
0
0
0
0
0
0
0
0
0
0
0
0
0
0
0
0
0
0
0
0
0
0
0
0
0
0
0
0
0
0
0
0
0
0
0
0
0
0
0
0
0
0
0
0
0
0
0
0
0
0
0
0
0
0
0
0
0
0
0
0
0
0
0
0
0
0
0
0
0
0
0
0
0
0
0
0
0
0
0
0
0
0
0
0
0
0
0
0
0
0
0
0
0
0
0
0
0
0
0
0
0
0
0
0
0
0
0
0
0
0
0
0
0
0
0
0
0
0
0
0
0
0
0
0
0
0
0
0
0
0
0
0
0
0
0
0
0
0
0
0
0
0
0
0
0
0
0
0
0
0
0
0
0
0
0
0
0
0
0
0
0
0
0
0
0
0
0
0
0
0
0
0
0
0
0
0
0
0
0
0
0
0
0
0
0
0
0
0
0
0
0
0
0
0
0
0
0
0
0
0
0
0
0
0
0
0
0
0
0
0
0
0
0
0
0
0
0
0
0
0
0
0
0
0
0
0
0
0
0
0
0
0
0
0
0
0
0
0
0
0
0
0
0
0
0
0
0
0
0
0
0
0
0
0
0
0
0
0
0
0
0
0
0
0
0
0
0
0
0
0
0
0
0
0
0
0
0
0
0
0
0
0
0
0
0
0
0
0
0
0
0
0
0
0
0
0
0
0
0
0
0
0
0
0
0
0
0
0
0
0
0
0
0
0
0
0
0
0
0
0
0
0
0
0
0
0
0
0
0
0
0
0
0
0
0
0
0
0
0
0
0
0
0
0
0
0
0
0
0
0
0
0
0
0
0
0
0
0
0
0
0
0
0
0
0
0
0
0
0
0
0
0
0
0
0
0
0
0
0
0
0
0
0
0
0
0
0
0
0
0
0
0
0
0
0
0
0
0
0
0
0
0
0
0
0
0
0
0
0
0
0
0
0
0
0
0
0
0
0
0
0
0
0
0
0
0
0
0
0
0
0
0
0
0
0
0
0
0
0
0
0
0
0
0
0
0
0
0
0
0
0
0
0
0
0
0
0
0
0
0
0
0
0
0
0
0
0
0
0
0
0
0
0
0
0
0
0
0
0
0
0
0
0
0
0
0
0
0
0
0
0
0
0
0
0
0
0
0
0
0
0
0
0
0
0
0
0
0
0
0
0
0
0
0
0
0
0
0
0
0
0
0
0
0
0
0
0
0
0
0
0
0
0
0
0
0
0
0
0
0
0
0
0
0
0
0
0
0
0
0
0
0
0
0
0
0
0
0
0
0
0
0
0
0
0
0
0
0
0
0
0
0
0
0
0
0
0
0
0
0
0
0
0
0
0
0
0
0
0
0
0
0
0
0
0
0
0
0
0
0
0
0
0
0
0
0
0
0
0
0
0
0
0
0
0
0
0
0
0
0
0
0
0
0
0
0
0
0
0
0
0
0
0
0
0
0
0
0
0
0
0
0
0
0
0
0
0
0
0
0
0
0
0
0
0
0
0
0
0
0
0
0
0
0
0
0
0
0
0
0
0
0
0
0
0
0
0
0
0
0
0
0
0
0
0
0
0
0
0
0
0
0
0
0
0
0
0
0
0
0
0
0
0
0
0
0
0
0
0
0
0
0
0
0
0
0
0
0
0
0
0
0
0
0
0
0
0
0
0
0
0
0
0
0
0
0
0
0
0
0
0
0
0
0
0
0
0
0
0
0
0
0
0
0
0
0
0
0
0
0
0
0
0
0
0
0
0
0
0
0
0
0
0
0
0
0
0
0
0
0
0
0
0
0
0
0
0
0
0
0
0
0
0
0
0
0
0
0
0
0
0
0
0
0
0
0
0
0
0
0
0
0
0
0
0
0
0
0
0
0
0
0
0
0
0
0
0
0
0
0
0
0
0
0
0
0
0
0
0
0
0
0
0
0
0
0
0
0
0
0
0
0
0
0
0
0
0
0
0
0
0
0
0
0
0
0
0
0
0
0
0
0
0
0
0
0
0
0
0
0
0
0
0
0
0
0
0
0
0
0
0
0
0
0
0
0
0
0
0
0
0
0
0
0
0
0
0
0
0
0
0
0
0
0
0
0
0
0
0
0
0
0
0
0
0
0
0
0
0
0
0
0
0
0
0
0
0
0
0
0
0
0
0
0
0
0
0
0
0
0
0
0
0
0
0
0
0
0
0
0
0
0
0
0
0
0
0
0
0
0
0
0
0
0
0
0
0
0
0
0
0
0
0
0
0
0
0
0
0
0
0
0
0
0
0
0
0
0
0
0
0
0
0
0
0
0
0
0
0
0
0
0
0
0
0
0
0
0
0
0
0
0
0
0
0
0
0
0
0
0
0
0
0
0
0
0
0
0
0
0
0
0
0
0
0
0
0
0
0
0
0
0
0
0
0
0
0
0
0
0
0
0
0
0
0
0
0
0
0
0
0
0
0
0
0
0
0
0
0
0
0
0
0
0
0
0
0
0
0
0
0
0
0
0
0
0
0
0
0
0
0
0
0
0
0
0
0
0
0
0
0
0
0
0
0
0
0
0
0
0
0
0
0
0
0
0
0
0
0
0
0
0
0
0
0
0
0
0
0
0
0
0
0
0
0
0
0
0
0
0
0
0
0
0
0
0
0
0
0
0
0
0
0
0
0
0
0
0
0
0
0
0
0
0
0
0
0
0
0
0
0
0
0
0
0
0
0
0
0
0
0
0
0
0
0
0
0
0
0
0
0
0
0
0
0
0
0
0
0
0
0
0
0
0
0
0
0
0
0
0
0
0
0
0
0
0
0
0
0
0
0
0
0
0
0
0
0
0
0
0
0
0
0
0
0
0
0
0
0
0
0
0
0
0
0
0
0
0
0
0
0
0
0
0
0
0
0
0
0
0
0
0
0
0
0
0
0
0
0
0
0
0
0
0
0
0
0
0
0
0
0
0
0
0
0
0
0
0
0
0
0
0
0
0
0
0
0
0
0
0
0
0
0
0
0
0
0
0
0
0
0
0
0
0
0
0
0
0
0
0
0
0
0
0
0
0
0
0
0
0
0
0
0
0
0
0
0
0
0
0
0
0
0
0
0
0
0
0
0
0
0
0
0
0
0
0
0
0
0
0
0
0
0
0
0
0
0
0
0
0
0
0
0
0
0
0
0
0
0
0
0
0
0
0
0
0
0
0
0
0
0
0
0
0
0
0
0
0
0
0
0
0
0
0
0
0
0
0
0
0
0
0
0
0
0
0
0
0
0
0
0
0
0
0
0
0
0
0
0
0
0
0
0
0
0
0
0
0
0
0
0
0
0
0
0
0
0
0
0
0
0
0
0
0
0
0
0
0
0
0
0
0
0
0
0
0
0
0
0
0
0
0
0
0
0
0
0
0
0
0
0
0
0
0
0
0
0
0
0
0
0
0
0
0
0
0
0
0
0
0
0
0
0
0
0
0
0
0
0
0
0
0
0
0
0
0
0
0
0
0
0
0
0
0
0
0
0
0
0
0
0
0
0
0
0
0
0
0
0
0
0
0
0
0
0
0
0
0
0
0
0
0
0
0
0
0
0
0
0
0
0
0
0
0
0
0
0
0
0
0
0
0
0
0
0
0
0
0
0
0
0
0
0
0
0
0
0
0
0
0
0
0
0
0
0
0
0
0
0
0
0
0
0
0
0
0
0
0
0
0
0
0
0
0
0
0
0
0
0
0
0
0
0
0
0
0
0
0
0
0
0
0
0
0
0
0
0
0
0
0
0
0
0
0
0
0
0
0
0
0
0
0
0
0
0
0
0
0
0
0
0
0
0
0
0
0
0
0
0
0
0
0
0
0
0
0
0
0
0
0
0
0
0
0
0
0
0
0
0
0
0
0
0
0
0
0
0
0
0
0
0
0
0
0
0
0
0
0
0
0
0
0
0
0
0
0
0
0
0
0
0
0
0
0
0
0
0
0
0
0
0
0
0
0
0
0
0
0
0
0
0
0
0
0
0
0
0
0
0
0
0
0
0
0
0
0
0
0
0
0
0
0
0
0
0
0
0
0
0
0
0
0
0
0
0
0
0
0
0
0
0
0
0
0
0
0
0
0
0
0
0
0
0
0
0
0
0
0
0
0
0
0
0
0
0
0
0
0
0
0
0
0
0
0
0
0
0
0
0
0
0
0
0
0
0
0
0
0
0
0
0
0
0
0
0
0
0
0
0
0
0
0
0
0
0
0
0
0
0
0
0
0
0
0
0
0
0
0
0
0
0
0
0
0
0
0
0
0
0
0
0
0
0
0
0
0
0
0
0
0
0
0
0
0
0
0
0
0
0
0
0
0
0
0
0
0
0
0
0
0
0
0
0
0
0
0
0
0
0
0
0
0
0
0
0
0
0
0
0
0
0
0
0
0
0
0
0
0
0
0
0
0
0
0
0
0
0
0
0
0
0
0
0
0
0
0
0
0
0
0
0
0
0
0
0
0
0
0
0
0
0
0
0
0
0
0
0
0
0
0
0
0
0
0
0
0
0
0
0
0
0
0
0
0
0
0
0
0
0
0
0
0
0
0
0
0
0
0
0
0
0
0
0
0
0
0
0
0
0
0
0
0
0
0
0
0
0
0
0
0
0
0
0
0
0
0
0
0
0
0
0
0
0
0
0
0
0
0
0
0
0
0
0
0
0
0
0
0
0
0
0
0
0
0
0
0
0
0
0
0
0
0
0
0
0
0
0
0
0
0
0
0
0
0
0
0
0
0
0
0
0
0
0
0
0
0
0
0
0
0
0
0
0
0
0
0
0
0
0
0
0
0
0
0
0
0
0
0
0
0
0
0
0
0
0
0
0
0
0
0
0
0
0
0
0
0
0
0
0
0
0
0
0
0
0
0
0
0
0
0
0
0
0
0
0
0
0
0
0
0
0
0
0
0
0
0
0
0
0
0
0
0
0
0
0
0
0
0
0
0
0
0
0
0
0
0
0
0
0
0
0
0
0
0
0
0
0
0
0
0
0
0
0
0
0
0
0
0
0
0
0
0
0
0
0
0
0
0
0
0
0
0
0
0
0
0
0
0
0
0
0
0
0
0
0
0
0
0
0
0
0
0
0
0
0
0
0
0
0
0
0
0
0
0
0
0
0
0
0
0
0
0
0
0
0
0
0
0
0
0
0
0
0
0
0
0
0
0
0
0
0
0
0
0
0
0
0
0
0
0
0
0
0
0
0
0
0
0
0
0
0
0
0
0
0
0
0
0
0
0
0
0
0
0
0
0
0
0
0
0
0
0
0
0
0
0
0
0
0
0
0
0
0
0
0
0
0
0
0
0
0
0
0
0
0
0
0
0
0
0
0
0
0
0
0
0
0
0
0
0
0
0
0
0
0
0
0
0
0
0
0
0
0
0
0
0
0
0
0
0
0
0
0
0
0
0
0
0
0
0
0
0
0
0
0
0
0
0
0
0
0
0
0
0
0
0
0
0
0
0
0
0
0
0
0
0
0
0
0
0
0
0
0
0
0
0
0
0
0
0
0
0
0
0
0
0
0
0
0
0
0
0
0
0
0
0
0
0
0
0
0
0
0
0
0
0
0
0
0
0
0
0
0
0
0
0
0
0
0
0
0
0
0
0
0
0
0
0
0
0
0
0
0
0
0
0
0
0
0
0
0
0
0
0
0
0
0
0
0
0
0
0
0
0
0
0
0
0
0
0
0
0
0
0
0
0
0
0
0
0
0
0
0
0
0
0
0
0
0
0
0
0
0
0
0
0
0
0
0
0
0
0
0
0
0
0
0
0
0
0
0
0
0
0
0
0
0
0
0
0
0
0
0
0
0
0
0
0
0
0
0
0
0
0
0
0
0
0
0
0
0
0
0
0
0
0
0
0
0
0
0
0
0
0
0
0
0
0
0
0
0
0
0
0
0
0
0
0
0
0
0
0
0
0
0
0
0
0
0
0
0
0
0
0
0
0
0
0
0
0
0
0
0
0
0
0
0
0
0
0
0
0
0
0
0
0
0
0
0
0
0
0
0
0
0
0
0
0
0
0
0
0
0
0
0
0
0
0
0
0
0
0
0
0
0
0
0
0
0
0
0
0
0
0
0
0
0
0
0
0
0
0
0
0
0
0
0
0
0
0
0
0
0
0
0
0
0
0
0
0
0
0
0
0
0
0
0
0
0
0
0
0
0
0
0
0
0
0
0
0
0
0
0
0
0
0
0
0
0
0
0
0
0
0
0
0
0
0
0
0
0
0
0
0
0
0
0
0
0
0
0
0
0
0
0
0
0
0
0
0
0
0
0
0
0
0
0
0
0
0
0
0
0
0
0
0
0
0
0
0
0
0
0
0
0
0
0
0
0
0
0
0
0
0
0
0
0
0
0
0
0
0
0
0
0
0
0
0
0
0
0
0
0
0
0
0
0
0
0
0
0
0
0
0
0
0
0
0
0
0
0
0
0
0
0
0
0
0
0
0
0
0
0
0
0
0
0
0
0
0
0
0
0
0
0
0
0
0
0
0
0
0
0
0
0
0
0
0
0
0
0
0
0
0
0
0
0
0
0
0
0
0
0
0
0
0
0
0
0
0
0
0
0
0
0
0
0
0
0
0
0
0
0
0
0
0
0
0
0
0
0
0
0
0
0
0
0
0
0
0
0
0
0
0
0
0
0
0
0
0
0
0
0
0
0
0
0
0
0
0
0
0
0
0
0
0
0
0
0
0
0
0
0
0
0
0
0
0
0
0
0
0
0
0
0
0
0
0
0
0
0
0
0
0
0
0
0
0
0
0
0
0
0
0
0
0
0
0
0
0
0
0
0
0
0
0
0
0
0
0
0
0
0
0
0
0
0
0
0
0
0
0
0
0
0
0
0
0
0
0
0
0
0
0
0
0
0
0
0
0
0
0
0
0
0
0
0
0
0
0
0
0
0
0
0
0
0
0
0
0
0
0
0
0
0
0
0
0
0
0
0
0
0
0
0
0
0
0
0
0
0
0
0
0
0
0
0
0
0
0
0
0
0
0
0
0
0
0
0
0
0
0
0
0
0
0
0
0
0
0
0
0
0
0
0
0
0
0
0
0
0
0
0
0
0
0
0
0
0
0
0
0
0
0
0
0
0
0
0
0
0
0
0
0
0
0
0
0
0
0
0
0
0
0
0
0
0
0
0
0
0
0
0
0
0
0
0
0
0
0
0
0
0
0
0
0
0
0
0
0
0
0
0
0
0
0
0
0
0
0
0
0
0
0
0
0
0
0
0
0
0
0
0
0
0
0
0
0
0
0
0
0
0
0
0
0
0
0
0
0
0
0
0
0
0
0
0
0
0
0
0
0
0
0
0
0
0
0
0
0
0
0
0
0
0
0
0
0
0
0
0
0
0
0
0
0
0
0
0
0
0
0
0
0
0
0
0
0
0
0
0
0
0
0
0
0
0
0
0
0
0
0
0
0
0
0
0
0
0
0
0
0
0
0
0
0
0
0
0
0
0
0
0
0
0
0
0
0
0
0
0
0
0
0
0
0
0
0
0
0
0
0
0
0
0
0
0
0
0
0
0
0
0
0
0
0
0
0
0
0
0
0
0
0
0
0
0
0
0
0
0
0
0
0
0
0
0
0
0
0
0
0
0
0
0
0
0
0
0
0
0
0
0
0
0
0
0
0
0
0
0
0
0
0
0
0
0
0
0
0
0
0
0
0
0
0
0
0
0
0
0
0
0
0
0
0
0
0
0
0
0
0
0
0
0
0
0
0
0
0
0
0
0
0
0
0
0
0
0
0
0
0
0
0
0
0
0
0
0
0
0
0
0
0
0
0
0
0
0
0
0
0
0
0
0
0
0
0
0
0
0
0
0
0
0
0
0
0
0
0
0
0
0
0
0
0
0
0
0
0
0
0
0
0
0
0
0
0
0
0
0
0
0
0
0
0
0
0
0
0
0
0
0
0
0
0
0
0
0
0
0
0
0
0
0
0
0
0
0
0
0
0
0
0
0
0
0
0
0
0
0
0
0
0
0
0
0
0
0
0
0
0
0
0
0
0
0
0
0
0
0
0
0
0
0
0
0
0
0
0
0
0
0
0
0
0
0
0
0
0
0
0
0
0
0
0
0
0
0
0
0
0
0
0
0
0
0
0
0
0
0
0
0
0
0
0
0
0
0
0
0
0
0
0
0
0
0
0
0
0
0
0
0
0
0
0
0
0
0
0
0
0
0
0
0
0
0
0
0
0
0
0
0
0
0
0
0
0
0
0
0
0
0
0
0
0
0
0
0
0
0
0
0
0
0
0
0
0
0
0
0
0
0
0
0
0
0
0
0
0
0
0
0
0
0
0
0
0
0
0
0
0
0
0
0
0
0
0
0
0
0
0
0
0
0
0
0
0
0
0
0
0
0
0
0
0
0
0
0
0
0
0
0
0
0
0
0
0
0
0
0
0
0
0
0
0
0
0
0
0
0
0
0
0
0
0
0
0
0
0
0
0
0
0
0
0
0
0
0
0
0
0
0
0
0
0
0
0
0
0
0
0
0
0
0
0
0
0
0
0
0
0
0
0
0
0
0
0
0
0
0
0
0
0
0
0
0
0
0
0
0
0
0
0
0
0
0
0
0
0
0
0
0
0
0
0
0
0
0
0
0
0
0
0
0
0
0
0
0
0
0
0
0
0
0
0
0
0
0
0
0
0
0
0
0
0
0
0
0
0
0
0
0
0
0
0
0
0
0
0
0
0
0
0
0
0
0
0
0
0
0
0
0
0
0
0
0
0
0
0
0
0
0
0
0
0
0
0
0
0
0
0
0
0
0
0
0
0
0
0
0
0
0
0
0
0
0
0
0
0
0
0
0
0
0
0
0
0
0
0
0
0
0
0
0
0
0
0
0
0
0
0
0
0
0
0
0
0
0
0
0
0
0
0
0
0
0
0
0
0
0
0
0
0
0
0
0
0
0
0
0
0
0
0
0
0
0
0
0
0
0
0
0
0
0
0
0
0
0
0
0
0
0
0
0
0
0
0
0
0
0
0
0
0
0
0
0
0
0
0
0
0
0
0
0
0
0
0
0
0
0
0
0
0
0
0
0
0
0
0
0
0
0
0
0
0
0
0
0
0
0
0
0
0
0
0
0
0
0
0
0
0
0
0
0
0
0
0
0
0
0
0
0
0
0
0
0
0
0
0
0
0
0
0
0
0
0
0
0
0
0
0
0
0
0
0
0
0
0
0
0
0
0
0
0
0
0
0
0
0
0
0
0
0
0
0
0
0
0
0
0
0
0
0
0
0
0
0
0
0
0
0
0
0
0
0
0
0
0
0
0
0
0
0
0
0
0
0
0
0
0
0
0
0
0
0
0
0
0
0
0
0
0
0
0
0
0
0
0
0
0
0
0
0
0
0
0
0
0
0
0
0
0
0
0
0
0
0
0
0
0
0
0
0
0
0
0
0
0
0
0
0
0
0
0
0
0
0
0
0
0
0
0
0
0
0
0
0
0
0
0
0
0
0
0
0
0
0
0
0
0
0
0
0
0
0
0
0
0
0
0
0
0
0
0
0
0
0
0
0
0
0
0
0
0
0
0
0
0
0
0
0
0
0
0
0
0
0
0
0
0
0
0
0
0
0
0
0
0
0
0
0
0
0
0
0
0
0
0
0
0
0
0
0
0
0
0
0
0
0
0
0
0
0
0
0
0
0
0
0
0
0
0
0
0
0
0
0
0
0
0
0
0
0
0
0
0
0
0
0
0
0
0
0
0
0
0
0
0
0
0
0
0
0
0
0
0
0
0
0
0
0
0
0
0
0
0
0
0
0
0
0
0
0
0
0
0
0
0
0
0
0
0
0
0
0
0
0
0
0
0
0
0
0
0
0
0
0
0
0
0
0
0
0
0
0
0
0
0
0
0
0
0
0
0
0
0
0
0
0
0
0
0
0
0
0
0
0
0
0
0
0
0
0
0
0
0
0
0
0
0
0
0
0
0
0
0
0
0
0
0
0
0
0
0
0
0
0
0
0
0
0
0
0
0
0
0
0
0
0
0
0
0
0
0
0
0
0
0
0
0
0
0
0
0
0
0
0
0
0
0
0
0
0
0
0
0
0
0
0
0
0
0
0
0
0
0
0
0
0
0
0
0
0
0
0
0
0
0
0
0
0
0
0
0
0
0
0
0
0
0
0
0
0
0
0
0
0
0
0
0
0
0
0
0
0
0
0
0
0
0
0
0
0
0
0
0
0
0
0
0
0
0
0
0
0
0
0
0
0
0
0
0
0
0
0
0
0
0
0
0
0
0
0
0
0
0
0
0
