27897

1 0.371295
2 0.412974
3 0.138085
4 0.439567
5 0.407107
6 0.119301
7 0.600216
8 0.893051
9 0.227568
10 0.247935
11 0.378948
12 0.338607
13 0.16564
14 0.148326
15 0.648501
16 0.712726
17 0.158307
18 0.566633
19 0.637327
20 0.426403
21 0.670619
22 0.760618
23 0.848486
24 0.834247
25 0.467245
26 0.6202
27 0.744638
28 0.615347
29 0.789595
30 0.825015
31 0.77316
32 0.233866
33 0.146319
34 0.436303
35 0.609086
36 0.527511
37 0.454202
38 0.738076
39 0.740928
40 0.876009
41 0.576518
42 0.59212
43 0.489012
44 0.223747
45 0.858545
46 0.691024
47 0.615253
48 0.793785
49 0.787858
50 0.564257
51 0.594884
52 0.662377
53 0.678527
54 0.734801
55 0.349818
56 0.287385
57 0.447948
58 0.674338
59 0.826616
60 0.502552
61 0.582802
62 0.490248
63 0.798101
64 0.312965
65 0.416892
66 0.428957
67 0.158221
68 0.927826
69 0.716083
70 0.427788
71 0.51863
72 0.276619
73 0.595478
74 0.419835
75 0.59628
76 0.598572
77 0.818252
78 0.367103
79 0.825133
80 0.559247
81 0.697547
82 0.792655
83 0.630907
84 0.683115
85 0.78958
86 0.603232
87 0.599124
88 0.542015
89 0.623147
90 0.691659
91 0.894424
92 0.64943
93 0.71585
94 0.892824
95 0.816658
96 0.790973
97 0.535673
98 0.224517
99 0.594671
100 0.638333
101 0.680565
102 0.477376
103 0.634555
104 0.666718
105 0.590351
106 0.724502
107 0.668532
108 0.579316
109 0.489019
110 0.212434
111 0.818284
112 0.570957
113 0.615829
114 0.639341
115 0.581724
116 0.627186
117 0.590386
118 0.416078
119 0.394376
120 0.503478
121 0.251539
122 0.486538
123 0.583762
124 0.120933
125 0.581271
126 0.880516
127 0.604663
128 0.619482
129 0.669928
130 0.516259
131 0.507348
132 0.318467
133 0.589486
134 0.485177
135 0.823176
136 0.586092
137 0.948836
138 0.756718
139 0.324368
140 0.731926
141 0.631949
142 0.447466
143 0.75671
144 0.684607
145 0.738121
146 0.792937
147 0.780146
148 0.116633
149 0.980479
150 0.548692
151 0.539429
152 0.639454
153 0.440932
154 0.323948
155 0.564196
156 0.418727
157 0.701584
158 0.58646
159 0.564511
160 0.468412
161 0.616515
162 0.603665
163 0.5855
164 0.599154
165 0.310125
166 0.586449
167 0.601549
168 0.744736
169 0.120301
170 0.853172
171 0.614176
172 0.615472
173 0.392631
174 0.944511
175 0.598287
176 0.622056
177 0.427886
178 0.644642
179 0.510612
180 0.595091
181 0.59035
182 0.640179
183 0.351149
184 0.845723
185 0.660363
186 0.510871
187 0.720222
188 0.583044
189 0.471276
190 0.586761
191 0.785548
192 0.773745
193 0.568778
194 0.574408
195 0.5737
196 0.430901
197 0.670039
198 0.432848
199 0.563594
200 0.532464
201 0.450189
202 0.408072
203 0.687048
204 0.440056
205 0.623655
206 0.420692
207 0.58072
208 0.887798
209 0.436779
210 0.640332
211 0.463606
212 0.821673
213 0.792202
214 0.557321
215 0.744785
216 0.707275
217 0.617685
218 0.500512
219 0.559785
220 0.556671
221 0.617026
222 0.634428
223 0.592604
224 0.426814
225 0.652832
226 0.305632
227 0.31145
228 0.636776
229 0.501968
230 0.941365
231 0.423622
232 0.439343
233 0.847506
234 0.606046
235 0.852724
236 0.470213
237 0.878951
238 0.907506
239 0.882298
240 0.550024
241 0.839694
242 0.814374
243 0.964797
244 0.764406
245 0.471275
246 0.630153
247 0.45539
248 0.554516
249 0.854181
250 0.882528
251 0.761425
252 0.509721
253 0.461554
254 0.931225
255 0.894438
256 0.891476
257 0.841956
258 0.940355
259 0.938925
260 0.73039
261 0.699754
262 0.826098
263 0.544054
264 0.788129
265 0.601504
266 0.900948
267 0.615592
268 0.633461
269 0.553926
270 0.583568
271 0.728064
272 0.424401
273 0.588356
274 0.611359
275 0.473257
276 0.575549
277 0.584882
278 0.792331
279 0.62709
280 0.278081
281 0.681236
282 0.731837
283 0.596837
284 0.702403
285 0.380072
286 0.85858
287 0.146152
288 0.480436
289 0.586558
290 0.665798
291 0.916191
292 0.513199
293 0.729229
294 0.632655
295 0.699863
296 0.611538
297 0.851174
298 0.42837
299 0.653573
300 0.887079
301 0.459028
302 0.686583
303 0.503878
304 0.313031
305 0.602431
306 0.763884
307 0.611835
308 0.485283
309 0.746512
310 0.770977
311 0.766249
312 0.577407
313 0.458071
314 0.634225
315 0.418119
316 0.638087
317 0.847564
318 0.317831
319 0.790262
320 0.839628
321 0.607045
322 0.701538
323 0.284948
324 0.268527
325 0.271411
326 0.611187
327 0.583587
328 0.578422
329 0.560694
330 0.670466
331 0.633827
332 0.840225
333 0.850265
334 0.554246
335 0.718064
336 0.580285
337 0.533757
338 0.682372
339 0.797765
340 0.163548
341 0.846177
342 0.614845
343 0.85507
344 0.758649
345 0.699193
346 0.603321
347 0.572875
348 0.911766
349 0.875022
350 0.62077
351 0.328911
352 0.755378
353 0.64452
354 0.756107
355 0.44311
356 0.673144
357 0.631215
358 0.481964
359 0.623411
360 0.21654
361 0.580801
362 0.513339
363 0.589258
364 0.895648
365 0.753039
366 0.388216
367 0.60131
368 0.62505
369 0.615772
370 0.354742
371 0.666466
372 0.10768
373 0.540761
374 0.231409
375 0.690891
376 0.655761
377 0.55144
378 0.689497
379 0.592995
380 0.650363
381 0.800389
382 0.530715
383 0.661045
384 0.39723
385 0.560478
386 0.601902
387 0.732418
388 0.486063
389 0.749836
390 0.560748
391 0.379336
392 0.599559
393 0.634984
394 0.67411
395 0.651619
396 0.787455
397 0.599583
398 0.547977
399 0.468764
400 0.698873
401 0.622207
402 0.566752
403 0.798232
404 0.859191
405 0.629616
406 0.690808
407 0.795518
408 0.60186
409 0.22522
410 0.477216
411 0.568477
412 0.588043
413 0.667715
414 0.359327
415 0.772934
416 0.583802
417 0.394199
418 0.599785
419 0.498411
420 0.635962
421 0.386949
422 0.390843
423 0.908113
424 0.44899
425 0.578904
426 0.505528
427 0.594009
428 0.578091
429 0.666093
430 0.606736
431 0.16564
432 0.558404
433 0.570205
434 0.618309
435 0.654797
436 0.686935
437 0.776597
438 0.451158
439 0.693854
440 0.651571
441 0.52812
442 0.563443
443 0.56085
444 0.869967
445 0.753166
446 0.928986
447 0.477799
448 0.74051
449 0.901973
450 0.558136
451 0.662987
452 0.345522
453 0.831607
454 0.601463
455 0.403527
456 0.579725
457 0.764017
458 0.928222
459 0.416637
460 0.693124
461 0.336621
462 0.700217
463 0.617691
464 0.786653
465 0.690172
466 0.749033
467 0.815124
468 0.366596
469 0.676948
470 0.84651
471 0.531183
472 0.516075
473 0.628586
474 0.446565
475 0.704944
476 0.681528
477 0.323766
478 0.387027
479 0.703756
480 0.502423
481 0.303317
482 0.465775
483 0.683178
484 0.483501
485 0.879656
486 0.473322
487 0.637609
488 0.612305
489 0.36534
490 0.367378
491 0.192357
492 0.430657
493 0.685081
494 0.56109
495 0.553952
496 0.891445
497 0.858114
498 0.740572
499 0.68219
500 0.679973
501 0.26023
502 0.492925
503 0.709312
504 0.4241
505 0.434288
506 0.88168
507 0.441981
508 0.650133
509 0.477855
510 0.337633
511 0.829373
512 0.385749
513 0.360487
514 0.329106
515 0.419334
516 0.749048
517 0.889551
518 0.739908
519 0.525375
520 0.665748
521 0.593451
522 0.80678
523 0.681863
524 0.480538
525 0.511872
526 0.626267
527 0.577317
528 0.349242
529 0.333995
530 0.954742
531 0.881198
532 0.640959
533 0.526055
534 0.60943
535 0.511522
536 0.65995
537 0.692755
538 0.264078
539 0.975117
540 0.452967
541 0.699963
542 0.422391
543 0.534779
544 0.684046
545 0.637561
546 0.382789
547 0.623802
548 0.419137
549 0.501415
550 0.656168
551 0.688914
552 0.567546
553 0.816871
554 0.655776
555 0.571296
556 0.361659
557 0.658314
558 0.536625
559 0.639256
560 0.640846
561 0.68667
562 0.409128
563 0.453354
564 0.765014
565 0.882303
566 0.594485
567 0.40914
568 0.439083
569 0.296938
570 0.870725
571 0.645708
572 0.767224
573 0.572374
574 0.400905
575 0.769626
576 0.609358
577 0.505462
578 0.594372
579 0.498867
580 0.718695
581 0.633371
582 0.653202
583 0.653411
584 0.616812
585 0.642369
586 0.385059
587 0.657892
588 0.470204
589 0.404873
590 0.570384
591 0.499613
592 0.75432
593 0.712929
594 0.629491
595 0.364539
596 0.569403
597 0.718068
598 0.781025
599 0.766436
600 0.841562
601 0.861865
602 0.47456
603 0.854487
604 0.765553
605 0.760813
606 0.703743
607 0.682338
608 0.380889
609 0.649273
610 0.859443
611 0.614875
612 0.520591
613 0.595393
614 0.923431
615 0.520684
616 0.296354
617 0.319838
618 0.731357
619 0.308207
620 0.505096
621 0.57795
622 0.495557
623 0.331157
624 0.853468
625 0.708167
626 0.501183
627 0.425542
628 0.449873
629 0.618447
630 0.792607
631 0.363204
632 0.585784
633 0.63684
634 0.458034
635 0.652098
636 0.518739
637 0.341147
638 0.755391
639 0.817556
640 0.946838
641 0.503443
642 0.420755
643 0.45853
644 0.436557
645 0.5008
646 0.465367
647 0.606862
648 0.516415
649 0.597046
650 0.672152
651 0.566858
652 0.386121
653 0.440634
654 0.39898
655 0.487967
656 0.853413
657 0.260904
658 0.788515
659 0.326431
660 0.766254
661 0.561721
662 0.585679
663 0.598048
664 0.776864
665 0.762636
666 0.550747
667 0.658553
668 0.55797
669 0.464641
670 0.341223
671 0.356465
672 0.843816
673 0.623835
674 0.615479
675 0.358865
676 0.642915
677 0.747523
678 0.705325
679 0.615551
680 0.733507
681 0.693349
682 0.774215
683 0.598909
684 0.493442
685 0.916148
686 0.352701
687 0.901981
688 0.741937
689 0.908162
690 0.92976
691 0.613491
692 0.483415
693 0.727675
694 0.697407
695 0.437634
696 0.929732
697 0.430411
698 0.624252
699 0.42451
700 0.587301
701 0.597684
702 0.399367
703 0.486782
704 0.302755
705 0.83729
706 0.898115
707 0.67101
708 0.501156
709 0.540549
710 0.827394
711 0.688
712 0.522419
713 0.732113
714 0.424932
715 0.343633
716 0.60511
717 0.702423
718 0.723233
719 0.596858
720 0.473314
721 0.424501
722 0.727123
723 0.547036
724 0.657043
725 0.312025
726 0.782975
727 0.440484
728 0.373508
729 0.352291
730 0.70826
731 0.281622
732 0.428804
733 0.581871
734 0.482608
735 0.785884
736 0.529184
737 0.76146
738 0.556729
739 0.494159
740 0.442682
741 0.403786
742 0.478298
743 0.753097
744 0.487026
745 0.591022
746 0.857439
747 0.420219
748 0.418824
749 0.555663
750 0.92624
751 0.860283
752 0.488606
753 0.888706
754 0.642942
755 0.537434
756 0.790544
757 0.279677
758 0.637853
759 0.555679
760 0.59762
761 0.0901809
762 0.586473
763 0.683926
764 0.175332
765 0.609217
766 0.4132
767 0.747897
768 0.347304
769 0.394953
770 0.402981
771 0.276258
772 0.367574
773 0.761831
774 0.505662
775 0.72512
776 0.50678
777 0.726302
778 0.769165
779 0.947854
780 0.541569
781 0.402545
782 0.613003
783 0.496278
784 0.799764
785 0.576028
786 0.215168
787 0.868182
788 0.29156
789 0.338964
790 0.456845
791 0.833813
792 0.735655
793 0.87311
794 0.725408
795 0.928042
796 0.50486
797 0.408516
798 0.843616
799 0.429936
800 0.722694
801 0.286881
802 0.703036
803 0.414249
804 0.3575
805 0.685014
806 0.662877
807 0.51868
808 0.625617
809 0.625801
810 0.404865
811 0.489551
812 0.51674
813 0.691002
814 0.398482
815 0.648836
816 0.323091
817 0.770611
818 0.713021
819 0.489804
820 0.615446
821 0.761916
822 0.295434
823 0.803414
824 0.661743
825 0.975097
826 0.596521
827 0.774632
828 0.831868
829 0.433646
830 0.770812
831 0.781106
832 0.931341
833 0.899907
834 0.802373
835 0.905462
836 0.629906
837 0.74584
838 0.819939
839 0.649856
840 0.67408
841 0.694602
842 0.874474
843 0.826505
844 0.429241
845 0.576774
846 0.839707
847 0.742925
848 0.917951
849 0.6206
850 0.755078
851 0.498644
852 0.65135
853 0.882482
854 0.3808
855 0.690086
856 0.87892
857 0.722442
858 0.653913
859 0.573574
860 0.451183
861 0.548853
862 0.72266
863 0.773035
864 0.781067
865 0.850702
866 0.859573
867 0.639419
868 0.766623
869 0.732051
870 0.60526
871 0.570982
872 0.527417
873 0.424167
874 0.862369
875 0.845907
876 0.83547
877 0.588682
878 0.874899
879 0.821378
880 0.708128
881 0.284674
882 0.251512
883 0.682947
884 0.77236
885 0.594495
886 0.82797
887 0.918408
888 0.437379
889 0.815184
890 0.8994
891 0.895245
892 0.695179
893 0.859381
894 0.458666
895 0.620028
896 0.886739
897 0.534687
898 0.744189
899 0.527316
900 0.680591
901 0.591069
902 0.840043
903 0.698794
904 0.724439
905 0.723448
906 0.678522
907 0.898393
908 0.821279
909 0.717515
910 0.842803
911 0.734185
912 0.749378
913 0.85319
914 0.804826
915 0.662244
916 0.848479
917 0.615509
918 0.824366
919 0.806495
920 0.653678
921 0.620979
922 0.804929
923 0.782363
924 0.842793
925 0.907129
926 0.869096
927 0.728256
928 0.862584
929 0.675523
930 0.806429
931 0.618641
932 0.729449
933 0.74564
934 0.845189
935 0.875972
936 0.607242
937 0.78425
938 0.854581
939 0.61003
940 0.700614
941 0.67607
942 0.91418
943 0.981533
944 0.914648
945 0.647397
946 0.842208
947 0.620138
948 0.58091
949 0.768434
950 0.868322
951 0.778282
952 0.812193
953 0.780918
954 0.621667
955 0.669448
956 0.945993
957 0.619612
958 0.577786
959 0.86317
960 0.790581
961 0.688201
962 0.821051
963 0.833724
964 0.578082
965 0.684703
966 0.884791
967 0.511982
968 0.477377
969 0.767355
970 0.681726
971 0.784973
972 0.665594
973 0.507223
974 0.832074
975 0.708639
976 0.688108
977 0.817373
978 0.818629
979 0.440918
980 0.773411
981 0.546911
982 0.653811
983 0.734614
984 0.759386
985 0.915593
986 0.902603
987 0.328141
988 0.349496
989 0.675208
990 0.351445
991 0.693538
992 0.775986
993 0.69508
994 0.613915
995 0.381973
996 0.793242
997 0.843745
998 0.726778
999 0.59081
1000 0.681917
1001 0.57437
1002 0.831272
1003 0.680124
1004 0.759428
1005 0.875087
1006 0.85263
1007 0.749657
1008 0.48894
1009 0.465939
1010 0.646649
1011 0.419885
1012 0.719174
1013 0.736463
1014 0.661474
1015 0.625004
1016 0.628323
1017 0.723278
1018 0.705141
1019 0.858648
1020 0.608207
1021 0.549972
1022 0.235072
1023 0.585819
1024 0.306395
1025 0.792081
1026 0.930909
1027 0.895716
1028 0.68291
1029 0.694307
1030 0.754587
1031 0.854569
1032 0.500732
1033 0.344633
1034 0.487184
1035 0.375187
1036 0.696727
1037 0.377552
1038 0.353638
1039 0.407142
1040 0.549681
1041 0.515803
1042 0.539363
1043 0.549497
1044 0.93575
1045 0.317969
1046 0.700738
1047 0.83357
1048 0.608499
1049 0.240615
1050 0.49737
1051 0.967244
1052 0.723536
1053 0.220038
1054 0.68615
1055 0.867069
1056 0.593516
1057 0.490767
1058 0.736454
1059 0.3256
1060 0.74695
1061 0.659454
1062 0.808077
1063 0.657847
1064 0.317201
1065 0.568216
1066 0.880282
1067 0.794796
1068 0.751449
1069 0.789236
1070 0.805698
1071 0.612076
1072 0.884837
1073 0.244899
1074 0.671487
1075 0.517016
1076 0.786719
1077 0.687333
1078 0.795139
1079 0.333081
1080 0.654881
1081 0.641546
1082 0.685386
1083 0.954969
1084 0.711909
1085 0.939161
1086 0.924008
1087 0.835995
1088 0.817561
1089 0.963928
1090 0.688306
1091 0.522636
1092 0.665373
1093 0.697442
1094 0.713171
1095 0.155886
1096 0.407949
1097 0.83399
1098 0.855075
1099 0.658057
1100 0.644061
1101 0.719864
1102 0.841362
1103 0.70259
1104 0.362179
1105 0.66089
1106 0.332693
1107 0.47595
1108 0.264537
1109 0.485861
1110 0.63882
1111 0.519015
1112 0.204664
1113 0.732783
1114 0.347537
1115 0.52631
1116 0.673354
1117 0.697101
1118 0.657328
1119 0.326913
1120 0.622208
1121 0.615405
1122 0.872325
1123 0.659107
1124 0.532987
1125 0.722973
1126 0.744923
1127 0.675256
1128 0.656952
1129 0.585169
1130 0.676679
1131 0.613407
1132 0.764935
1133 0.921937
1134 0.19029
1135 0.727611
1136 0.772393
1137 0.639005
1138 0.492645
1139 0.599151
1140 0.694686
1141 0.567608
1142 0.00639137
1143 0.762985
1144 0.809056
1145 0.750338
1146 0.814024
1147 0.747228
1148 0.482784
1149 0.61936
1150 0.133512
1151 0.840373
1152 0.942264
1153 0.670826
1154 0.874055
1155 0.353602
1156 0.79076
1157 0.443158
1158 0.563747
1159 0.71608
1160 0.705322
1161 0.547426
1162 0.685875
1163 0.511974
1164 0.552408
1165 0.521053
1166 0.862385
1167 0.779569
1168 0.659366
1169 0.908273
1170 0.937858
1171 0.631854
1172 0.735486
1173 0.870579
1174 0.535853
1175 0.865052
1176 0.515634
1177 0.719152
1178 0.744727
1179 0.609192
1180 0.781797
1181 0.589402
1182 0.853291
1183 0.707835
1184 0.325106
1185 0.81754
1186 0.721899
1187 0.562741
1188 0.699587
1189 0.601133
1190 0.63665
1191 0.209426
1192 0.106939
1193 0.435418
1194 0.00713259
1195 0.825685
1196 0.814437
1197 0.712845
1198 0.620043
1199 0.726251
1200 0.601765
1201 0.60964
1202 0.67814
1203 0.826685
1204 0.934606
1205 0.69489
1206 0.763069
1207 0.754282
1208 0.700661
1209 0.719684
1210 0.598383
1211 0.790041
1212 0.846048
1213 0.740967
1214 0.714923
1215 0.733735
1216 0.824715
1217 0.66596
1218 0.842111
1219 0.686975
1220 0.760779
1221 0.916662
1222 0.710137
1223 0.795813
1224 0.607191
1225 0.704923
1226 0.825268
1227 0.826327
1228 0.728198
1229 0.775269
1230 0.839172
1231 0.806245
1232 0.834664
1233 0.828352
1234 0.756633
1235 0.817293
1236 0.516459
1237 0.696535
1238 0.412636
1239 0.531844
1240 0.531545
1241 0.360872
1242 0.441251
1243 0.538121
1244 0.546826
1245 0.742655
1246 0.769435
1247 0.679416
1248 0.60128
1249 0.869968
1250 0.698226
1251 0.779254
1252 0.786134
1253 0.594284
1254 0.742609
1255 0.702893
1256 0.5005
1257 0.468016
1258 0.69837
1259 0.380948
1260 0.668607
1261 0.825027
1262 0.61893
1263 0.60138
1264 0.799014
1265 0.547786
1266 0.754415
1267 0.917828
1268 0.56615
1269 0.917884
1270 0.567818
1271 0.614377
1272 0.263982
1273 0.981747
1274 0.771175
1275 0.899748
1276 0.715132
1277 0.88698
1278 0.65148
1279 0.622665
1280 0.375946
1281 0.732206
1282 0.95707
1283 0.862438
1284 0.622323
1285 0.36729
1286 0.645022
1287 0.664939
1288 0.671497
1289 0.769332
1290 0.714109
1291 0.843979
1292 0.819199
1293 0.818675
1294 0.617266
1295 0.667399
1296 0.781814
1297 0.744755
1298 0.483191
1299 0.83316
1300 0.787808
1301 0.548029
1302 0.901762
1303 0.753417
1304 0.453143
1305 0.889754
1306 0.695784
1307 0.45491
1308 0.649954
1309 0.521709
1310 0.73186
1311 0.692857
1312 0.724269
1313 0.799089
1314 0.801922
1315 0.897779
1316 0.848425
1317 0.856446
1318 0.746103
1319 0.75164
1320 0.836535
1321 0.685322
1322 0.550378
1323 0.717827
1324 0.412371
1325 0.804205
1326 0.826664
1327 0.788324
1328 0.91102
1329 0.706169
1330 0.761006
1331 0.655762
1332 0.879245
1333 0.917378
1334 0.618263
1335 0.939905
1336 0.468528
1337 0.620513
1338 0.244217
1339 0.113141
1340 0.286887
1341 0.684419
1342 0.698322
1343 0.7067
1344 0.52064
1345 0.651947
1346 0.423753
1347 0.84136
1348 0.635227
1349 0.770293
1350 0.627269
1351 0.741631
1352 0.433943
1353 0.786925
1354 0.408894
1355 0.576921
1356 0.50377
1357 0.982676
1358 0.552767
1359 0.771326
1360 0.660557
1361 0.572281
1362 0.557661
1363 0.948622
1364 0.805714
1365 0.758566
1366 0.587413
1367 0.719473
1368 0.475567
1369 0.5532
1370 0.517981
1371 0.639274
1372 0.861533
1373 0.665771
1374 0.598747
1375 0.341917
1376 0.685291
1377 0.617623
1378 0.6537
1379 0.91584
1380 0.885639
1381 0.624194
1382 0.690653
1383 0.588868
1384 0.660962
1385 0.507715
1386 0.951905
1387 0.67785
1388 0.587055
1389 0.842772
1390 0.63066
1391 0.571569
1392 0.648857
1393 0.39012
1394 0.753788
1395 0.884824
1396 0.868283
1397 0.815488
1398 0.705734
1399 0.573344
1400 0.65601
1401 0.632294
1402 0.752153
1403 0.673695
1404 0.69543
1405 0.793685
1406 0.667582
1407 0.680122
1408 0.451438
1409 0.909522
1410 0.784631
1411 0.727063
1412 0.642743
1413 0.569852
1414 0.79978
1415 0.655938
1416 0.345792
1417 0.696888
1418 0.25773
1419 0.547723
1420 0.233961
1421 0.580461
1422 0.620631
1423 0.74257
1424 0.804423
1425 0.618296
1426 0.887718
1427 0.792159
1428 0.527506
1429 0.682383
1430 0.601346
1431 0.590459
1432 0.657589
1433 0.733339
1434 0.348701
1435 0.865115
1436 0.866848
1437 0.420721
1438 0.53117
1439 0.746555
1440 0.74267
1441 0.827429
1442 0.689205
1443 0.747288
1444 0.727459
1445 0.0919661
1446 0.873711
1447 0.830862
1448 0.733274
1449 0.780977
1450 0.693633
1451 0.939445
1452 0.905525
1453 0.769168
1454 0.511424
1455 0.668664
1456 0.691924
1457 0.678041
1458 0.65972
1459 0.364585
1460 0.698638
1461 0.366072
1462 0.349315
1463 0.807297
1464 0.597972
1465 0.717853
1466 0.847367
1467 0.353152
1468 0.938526
1469 0.730113
1470 0.725846
1471 0.608347
1472 0.816743
1473 0.849917
1474 0.838032
1475 0.483995
1476 0.575535
1477 0.741811
1478 0.764918
1479 0.635578
1480 0.747125
1481 0.683426
1482 0.587505
1483 0.896398
1484 0.94248
1485 0.647258
1486 0.725053
1487 0.357568
1488 0.690134
1489 0.912397
1490 0.460169
1491 0.564921
1492 0.870903
1493 0.747907
1494 0.836338
1495 0.49676
1496 0.69083
1497 0.565519
1498 0.736291
1499 0.700514
1500 0.120429
1501 0.385737
1502 0.853021
1503 0.555059
1504 0.489667
1505 0.242039
1506 0.604958
1507 0.901842
1508 0.728583
1509 0.828581
1510 0.7767
1511 0.43984
1512 0.544205
1513 0.690217
1514 0.682917
1515 0.710655
1516 0.551425
1517 0.895662
1518 0.795114
1519 0.894858
1520 0.66385
1521 0.648137
1522 0.809557
1523 0.668054
1524 0.80182
1525 0.695503
1526 0.568908
1527 0.914339
1528 0.674213
1529 0.6702
1530 0.822364
1531 0.614648
1532 0.588435
1533 0.890097
1534 0.902022
1535 0.780914
1536 0.622633
1537 0.709986
1538 0.707355
1539 0.523618
1540 0.84599
1541 0.726959
1542 0.856662
1543 0.64893
1544 0.513478
1545 0.557723
1546 0.345811
1547 0.919727
1548 0.733389
1549 0.690975
1550 0.624188
1551 0.84012
1552 0.743369
1553 0.449885
1554 0.753787
1555 0.917769
1556 0.537206
1557 0.695317
1558 0.698888
1559 0.698028
1560 0.800745
1561 0.89633
1562 0.859434
1563 0.813428
1564 0.698356
1565 0.83686
1566 0.25849
1567 0.713202
1568 0.730794
1569 0.838399
1570 0.935046
1571 0.739492
1572 0.670004
1573 0.879192
1574 0.558176
1575 0.862168
1576 0.756486
1577 0.807235
1578 0.533065
1579 0.658697
1580 0.724517
1581 0.705208
1582 0.826698
1583 0.870317
1584 0.567019
1585 0.915958
1586 0.695346
1587 0.644874
1588 0.815679
1589 0.930954
1590 0.855664
1591 0.815169
1592 0.722952
1593 0.529083
1594 0.829203
1595 0.657694
1596 0.601827
1597 0.839073
1598 0.552272
1599 0.537694
1600 0.761007
1601 0.923822
1602 0.834377
1603 0.784134
1604 0.895962
1605 0.743019
1606 0.80302
1607 0.658933
1608 0.880807
1609 0.751743
1610 0.925598
1611 0.805567
1612 0.830782
1613 0.907349
1614 0.715111
1615 0.833884
1616 0.706085
1617 0.681367
1618 0.480156
1619 0.483284
1620 0.467603
1621 0.922192
1622 0.656274
1623 0.703739
1624 0.767921
1625 0.678482
1626 0.836338
1627 0.80171
1628 0.638889
1629 0.813953
1630 0.595692
1631 0.849896
1632 0.744281
1633 0.60612
1634 0.849767
1635 0.676408
1636 0.695641
1637 0.808675
1638 0.836465
1639 0.494147
1640 0.724121
1641 0.748354
1642 0.867741
1643 0.812407
1644 0.769976
1645 0.619899
1646 0.811463
1647 0.430926
1648 0.971345
1649 0.861964
1650 0.874212
1651 0.866908
1652 0.80674
1653 0.728214
1654 0.79731
1655 0.414491
1656 0.715064
1657 0.686001
1658 0.689892
1659 0.811846
1660 0.742419
1661 0.488727
1662 0.861184
1663 0.815238
1664 0.771569
1665 0.69642
1666 0.836234
1667 0.836326
1668 0.643848
1669 0.728478
1670 0.70841
1671 0.894317
1672 0.567428
1673 0.68909
1674 0.756256
1675 0.827893
1676 0.797658
1677 0.964655
1678 0.780681
1679 0.442361
1680 0.700783
1681 0.696335
1682 0.702484
1683 0.61871
1684 0.782647
1685 0.906992
1686 0.771978
1687 0.869678
1688 0.802166
1689 0.501689
1690 0.845855
1691 0.697889
1692 0.855418
1693 0.708627
1694 0.855701
1695 0.79105
1696 0.679346
1697 0.747326
1698 0.890098
1699 0.809932
1700 0.755907
1701 0.722851
1702 0.565245
1703 0.81157
1704 0.809823
1705 0.924044
1706 0.847807
1707 0.803836
1708 0.838031
1709 0.898617
1710 0.845231
1711 0.782367
1712 0.439838
1713 0.871471
1714 0.738726
1715 0.774701
1716 0.635985
1717 0.61015
1718 0.78539
1719 0.80074
1720 0.71529
1721 0.650866
1722 0.737131
1723 0.719299
1724 0.702176
1725 0.806345
1726 0.600462
1727 0.871228
1728 0.75888
1729 0.866907
1730 0.350785
1731 0.682661
1732 0.661988
1733 0.727617
1734 0.865182
1735 0.922457
1736 0.692624
1737 0.799574
1738 0.756328
1739 0.736481
1740 0.815295
1741 0.533306
1742 0.654016
1743 0.844478
1744 0.800123
1745 0.784857
1746 0.938277
1747 0.709815
1748 0.911524
1749 0.676134
1750 0.632773
1751 0.791055
1752 0.747773
1753 0.964173
1754 0.654153
1755 0.665596
1756 0.71898
1757 0.547246
1758 0.533472
1759 0.263141
1760 0.511117
1761 0.70682
1762 0.592526
1763 0.560475
1764 0.54287
1765 0.878671
1766 0.819645
1767 0.836238
1768 0.633664
1769 0.722146
1770 0.55799
1771 0.70045
1772 0.973327
1773 0.598927
1774 0.623725
1775 0.830811
1776 0.936195
1777 0.83197
1778 0.625203
1779 0.664588
1780 0.741399
1781 0.555186
1782 0.769581
1783 0.735945
1784 0.774756
1785 0.655795
1786 0.78249
1787 0.57431
1788 0.313735
1789 0.490508
1790 0.304844
1791 0.387568
1792 0.764625
1793 0.566468
1794 0.646602
1795 0.685464
1796 0.860642
1797 0.705679
1798 0.82462
1799 0.647768
1800 0.557788
1801 0.609796
1802 0.50746
1803 0.861512
1804 0.781198
1805 0.614163
1806 0.545469
1807 0.769323
1808 0.806175
1809 0.771561
1810 0.534501
1811 0.599143
1812 0.655852
1813 0.372307
1814 0.799034
1815 0.589256
1816 0.714922
1817 0.706116
1818 0.831333
1819 0.68268
1820 0.715906
1821 0.859921
1822 0.618644
1823 0.475792
1824 0.444771
1825 0.824533
1826 0.694758
1827 0.435875
1828 0.753909
1829 0.793521
1830 0.724809
1831 0.720307
1832 0.840668
1833 0.760492
1834 0.734309
1835 0.833702
1836 0.804307
1837 0.980849
1838 0.826234
1839 0.720874
1840 0.447382
1841 0.826187
1842 0.354117
1843 0.56427
1844 0.794341
1845 0.832722
1846 0.822427
1847 0.762264
1848 0.78494
1849 0.731555
1850 0.747489
1851 0.881265
1852 0.91526
1853 0.905784
1854 0.892043
1855 0.623048
1856 0.826623
1857 0.508332
1858 0.722537
1859 0.783722
1860 0.857613
1861 0.708988
1862 0.464089
1863 0.682005
1864 0.623214
1865 0.503662
1866 0.716469
1867 0.87839
1868 0.863135
1869 0.876521
1870 0.658311
1871 0.799734
1872 0.879247
1873 0.674614
1874 0.713835
1875 0.651182
1876 0.881161
1877 0.620763
1878 0.547011
1879 0.674588
1880 0.6549
1881 0.559821
1882 0.637835
1883 0.588046
1884 0.465927
1885 0.471044
1886 0.658444
1887 0.691226
1888 0.668331
1889 0.654963
1890 0.505129
1891 0.87296
1892 0.739575
1893 0.561558
1894 0.665372
1895 0.55754
1896 0.620577
1897 0.268679
1898 0.661546
1899 0.803292
1900 0.397187
1901 0.626779
1902 0.522908
1903 0.662758
1904 0.52357
1905 0.713619
1906 0.429911
1907 0.62947
1908 0.827476
1909 0.781684
1910 0.806855
1911 0.680107
1912 0.735027
1913 0.62284
1914 0.54375
1915 0.909701
1916 0.844444
1917 0.633109
1918 0.909984
1919 0.459086
1920 0.801114
1921 0.723673
1922 0.781606
1923 0.854715
1924 0.871224
1925 0.726444
1926 0.532984
1927 0.777581
1928 0.603568
1929 0.608345
1930 0.673907
1931 0.821814
1932 0.705258
1933 0.489589
1934 0.949262
1935 0.622798
1936 0.625589
1937 0.534029
1938 0.204817
1939 0.414583
1940 0.638814
1941 0.675701
1942 0.841898
1943 0.650934
1944 0.738809
1945 0.763295
1946 0.718774
1947 0.552215
1948 0.799253
1949 0.653945
1950 0.668265
1951 0.782077
1952 0.839164
1953 0.698836
1954 0.657311
1955 0.914066
1956 0.604324
1957 0.679759
1958 0.692315
1959 0.769714
1960 0.623836
1961 0.475282
1962 0.78429
1963 0.5463
1964 0.635483
1965 0.902117
1966 0.712792
1967 0.632246
1968 0.792806
1969 0.337942
1970 0.802762
1971 0.719662
1972 0.743653
1973 0.610482
1974 0.557749
1975 0.813945
1976 0.787537
1977 0.970607
1978 0.578817
1979 0.745991
1980 0.908189
1981 0.722302
1982 0.73727
1983 0.695269
1984 0.45587
1985 0.615753
1986 0.75163
1987 0.472573
1988 0.678411
1989 0.867474
1990 0.811906
1991 0.836795
1992 0.285723
1993 0.704547
1994 0.728269
1995 0.708595
1996 0.307387
1997 0.276461
1998 0.333736
1999 0.510401
2000 0.729997
2001 0.763639
2002 0.545034
2003 0.819776
2004 0.614626
2005 0.644943
2006 0.649782
2007 0.926319
2008 0.800104
2009 0.741845
2010 0.79112
2011 0.568002
2012 0.618226
2013 0.405748
2014 0.597305
2015 0.551119
2016 0.793322
2017 0.529041
2018 0.553993
2019 0.824636
2020 0.725344
2021 0.417355
2022 0.777071
2023 0.634993
2024 0.752233
2025 0.78588
2026 0.572335
2027 0.791838
2028 0.641888
2029 0.735804
2030 0.633313
2031 0.684817
2032 0.255771
2033 0.495205
2034 0.804208
2035 0.996417
2036 0.765282
2037 0.898623
2038 0.920374
2039 0.829175
2040 0.684204
2041 0.642252
2042 0.708022
2043 0.939051
2044 0.728486
2045 0.259755
2046 0.74173
2047 0.910394
2048 0.718577
2049 0.784425
2050 0.779797
2051 0.740684
2052 0.786871
2053 0.28782
2054 0.31565
2055 0.799936
2056 0.810373
2057 0.950125
2058 0.460569
2059 0.66616
2060 0.8437
2061 0.57371
2062 0.677225
2063 0.376734
2064 0.735654
2065 0.550838
2066 0.737332
2067 0.817838
2068 0.863532
2069 0.845209
2070 0.604897
2071 0.773469
2072 0.878403
2073 0.27859
2074 0.566498
2075 0.606622
2076 0.79289
2077 0.668844
2078 0.900445
2079 0.682094
2080 0.948849
2081 0.44905
2082 0.532102
2083 0.47419
2084 0.521313
2085 0.791974
2086 0.522915
2087 0.715484
2088 0.929392
2089 0.710663
2090 0.860462
2091 0.825117
2092 0.810331
2093 0.797484
2094 0.630469
2095 0.774422
2096 0.759508
2097 0.773633
2098 0.754155
2099 0.798354
2100 0.868923
2101 0.828557
2102 0.94183
2103 0.950862
2104 0.63059
2105 0.825595
2106 0.79468
2107 0.731377
2108 0.634389
2109 0.774562
2110 0.605673
2111 0.52549
2112 0.724457
2113 0.96157
2114 0.923267
2115 0.960953
2116 0.690711
2117 0.790951
2118 0.653785
2119 0.711307
2120 0.538021
2121 0.680734
2122 0.852068
2123 0.836791
2124 0.774642
2125 0.523795
2126 0.507449
2127 0.629321
2128 0.731398
2129 0.582475
2130 0.738963
2131 0.640586
2132 0.525471
2133 0.660257
2134 0.479036
2135 0.689549
2136 0.932319
2137 0.703476
2138 0.0607561
2139 0.737729
2140 0.76571
2141 0.646614
2142 0.785805
2143 0.365037
2144 0.763546
2145 0.568583
2146 0.362897
2147 0.880275
2148 0.788798
2149 0.767209
2150 0.782792
2151 0.53665
2152 0.744196
2153 0.917537
2154 0.355628
2155 0.838503
2156 0.819066
2157 0.438502
2158 0.825423
2159 0.70738
2160 0.974467
2161 0.706503
2162 0.671369
2163 0.345217
2164 0.422748
2165 0.572775
2166 0.789859
2167 0.839826
2168 0.715165
2169 0.34562
2170 0.401766
2171 0.455526
2172 0.781831
2173 0.927217
2174 0.389462
2175 0.660814
2176 0.899585
2177 0.203991
2178 0.447403
2179 0.774084
2180 0.424135
2181 0.339708
2182 0.785844
2183 0.657744
2184 0.468577
2185 0.82036
2186 0.621561
2187 0.308247
2188 0.936534
2189 0.921867
2190 0.484876
2191 0.480391
2192 0.559922
2193 0.733451
2194 0.591292
2195 0.807015
2196 0.711019
2197 0.633593
2198 0.587005
2199 0.738036
2200 0.926163
2201 0.823968
2202 0.359701
2203 0.506756
2204 0.789282
2205 0.632136
2206 0.857037
2207 0.593816
2208 0.446396
2209 0.485571
2210 0.624503
2211 0.68254
2212 0.718174
2213 0.639676
2214 0.484383
2215 0.690854
2216 0.69839
2217 0.34138
2218 0.638458
2219 0.862327
2220 0.884497
2221 0.64161
2222 0.565504
2223 0.527693
2224 0.887748
2225 0.729282
2226 0.438513
2227 0.845144
2228 0.888254
2229 0.580144
2230 0.741694
2231 0.595717
2232 0.740548
2233 0.836795
2234 0.810289
2235 0.840912
2236 0.653214
2237 0.841112
2238 0.573113
2239 0.622095
2240 0.801603
2241 0.867708
2242 0.726773
2243 0.275938
2244 0.535505
2245 0.850307
2246 0.372242
2247 0.814385
2248 0.839716
2249 0.602664
2250 0.9351
2251 0.901914
2252 0.878698
2253 0.489509
2254 0.739327
2255 0.886886
2256 0.714358
2257 0.616084
2258 0.829011
2259 0.961541
2260 0.685576
2261 0.870445
2262 0.749717
2263 0.725166
2264 0.68909
2265 0.79949
2266 0.656661
2267 0.600307
2268 0.827085
2269 0.524803
2270 0.722571
2271 0.9017
2272 0.832091
2273 0.850882
2274 0.908573
2275 0.725767
2276 0.65549
2277 0.66823
2278 0.747243
2279 0.824741
2280 0.668689
2281 0.510984
2282 0.684092
2283 0.541234
2284 0.954876
2285 0.69314
2286 0.78393
2287 0.818969
2288 0.570018
2289 0.75689
2290 0.658948
2291 0.678406
2292 0.433997
2293 0.670098
2294 0.797199
2295 0.813855
2296 0.852659
2297 0.729233
2298 0.601165
2299 0.473399
2300 0.435984
2301 0.678096
2302 0.726508
2303 0.861536
2304 0.780935
2305 0.806381
2306 0.871523
2307 0.658166
2308 0.732568
2309 0.885387
2310 0.913171
2311 0.841457
2312 0.955649
2313 0.673963
2314 0.819101
2315 0.922715
2316 0.800176
2317 0.925283
2318 0.782217
2319 0.799459
2320 0.783689
2321 0.691918
2322 0.637403
2323 0.469094
2324 0.740102
2325 0.691168
2326 0.824908
2327 0.582235
2328 0.932594
2329 0.664989
2330 0.878789
2331 0.954966
2332 0.859108
2333 0.791908
2334 0.567283
2335 0.862762
2336 0.686305
2337 0.849682
2338 0.614355
2339 0.613713
2340 0.716636
2341 0.678927
2342 0.54342
2343 0.504244
2344 0.448872
2345 0.863799
2346 0.49611
2347 0.807947
2348 0.891826
2349 0.835854
2350 0.849475
2351 0.667629
2352 0.851706
2353 0.82435
2354 0.672959
2355 0.53833
2356 0.566959
2357 0.809138
2358 0.573577
2359 0.473093
2360 0.838586
2361 0.721036
2362 0.504291
2363 0.751337
2364 0.758142
2365 0.916859
2366 0.876111
2367 0.730418
2368 0.464797
2369 0.473087
2370 0.691299
2371 0.902951
2372 0.790244
2373 0.873488
2374 0.737787
2375 0.569219
2376 0.800575
2377 0.582923
2378 0.797274
2379 0.856122
2380 0.70299
2381 0.839066
2382 0.91321
2383 0.331518
2384 0.812472
2385 0.647952
2386 0.751521
2387 0.764904
2388 0.733748
2389 0.800581
2390 0.739132
2391 0.737267
2392 0.770616
2393 0.875881
2394 0.824889
2395 0.609422
2396 0.722418
2397 0.723511
2398 0.626601
2399 0.770285
2400 0.564156
2401 0.58818
2402 0.854674
2403 0.598959
2404 0.901963
2405 0.707398
2406 0.551028
2407 0.919141
2408 0.685279
2409 0.714174
2410 0.74681
2411 0.689706
2412 0.764337
2413 0.775313
2414 0.691435
2415 0.777136
2416 0.975137
2417 0.825081
2418 0.356547
2419 0.560399
2420 0.650826
2421 0.711611
2422 0.664122
2423 0.632851
2424 0.59865
2425 0.636781
2426 0.47581
2427 0.770657
2428 0.605915
2429 0.721808
2430 0.580646
2431 0.678407
2432 0.709991
2433 0.960432
2434 0.762598
2435 0.949488
2436 0.780652
2437 0.766164
2438 0.749619
2439 0.595123
2440 0.862541
2441 0.749595
2442 0.843553
2443 0.812604
2444 0.853898
2445 0.567685
2446 0.425559
2447 0.818735
2448 0.536944
2449 0.862792
2450 0.650731
2451 0.821043
2452 0.507179
2453 0.803178
2454 0.494156
2455 0.803004
2456 0.807006
2457 0.814103
2458 0.813119
2459 0.636281
2460 0.766983
2461 0.723286
2462 0.838481
2463 0.636546
2464 0.762568
2465 0.895168
2466 0.751097
2467 0.840909
2468 0.829488
2469 0.938088
2470 0.747531
2471 0.572706
2472 0.860442
2473 0.928874
2474 0.607399
2475 0.775495
2476 0.605436
2477 0.788873
2478 0.885402
2479 0.772959
2480 0.558489
2481 0.675217
2482 0.646355
2483 0.599354
2484 0.816881
2485 0.484423
2486 0.878787
2487 0.730331
2488 0.751324
2489 0.891659
2490 0.696322
2491 0.69939
2492 0.674282
2493 0.473294
2494 0.602065
2495 0.600312
2496 0.933131
2497 0.900866
2498 0.656077
2499 0.76741
2500 0.539497
2501 0.59805
2502 0.613299
2503 0.692968
2504 0.610268
2505 0.608197
2506 0.831159
2507 0.853621
2508 0.760826
2509 0.938526
2510 0.856288
2511 0.876197
2512 0.657536
2513 0.758938
2514 0.868504
2515 0.964797
2516 0.661268
2517 0.342401
2518 0.689924
2519 0.854541
2520 0.728875
2521 0.748952
2522 0.841107
2523 0.730572
2524 0.95548
2525 0.706007
2526 0.767022
2527 0.675758
2528 0.483887
2529 0.840706
2530 0.683574
2531 0.762895
2532 0.72179
2533 0.752566
2534 0.799224
2535 0.894593
2536 0.724911
2537 0.527867
2538 0.718294
2539 0.770938
2540 0.633173
2541 0.453804
2542 0.706695
2543 0.91072
2544 0.661046
2545 0.693326
2546 0.582798
2547 0.630946
2548 0.858429
2549 0.79322
2550 0.521338
2551 0.642618
2552 0.787052
2553 0.365998
2554 0.788195
2555 0.802764
2556 0.847554
2557 0.465459
2558 0.507257
2559 0.662908
2560 0.496595
2561 0.619038
2562 0.693386
2563 0.823985
2564 0.712707
2565 0.859535
2566 0.674566
2567 0.79213
2568 0.456109
2569 0.820285
2570 0.798762
2571 0.845352
2572 0.719166
2573 0.616404
2574 0.982463
2575 0.87613
2576 0.600793
2577 0.527581
2578 0.667603
2579 0.685187
2580 0.705064
2581 0.966291
2582 0.821513
2583 0.8686
2584 0.691611
2585 0.764441
2586 0.564499
2587 0.697695
2588 0.732283
2589 0.602138
2590 0.767733
2591 0.645494
2592 0.678521
2593 0.656989
2594 0.734414
2595 0.978012
2596 0.740663
2597 0.903665
2598 0.763809
2599 0.721586
2600 0.982554
2601 0.832831
2602 0.913414
2603 0.663381
2604 0.635097
2605 0.48063
2606 0.569967
2607 0.802037
2608 0.82148
2609 0.766203
2610 0.824534
2611 0.654045
2612 0.928722
2613 0.777395
2614 0.843113
2615 0.751085
2616 0.767242
2617 0.831768
2618 0.793657
2619 0.817198
2620 0.515143
2621 0.618914
2622 0.663008
2623 0.857356
2624 0.670895
2625 0.748032
2626 0.797675
2627 0.651381
2628 0.497066
2629 0.672301
2630 0.528386
2631 0.661027
2632 0.347872
2633 0.702865
2634 0.911487
2635 0.905753
2636 0.656721
2637 0.482907
2638 0.599509
2639 0.532973
2640 0.62026
2641 0.762421
2642 0.418167
2643 0.699548
2644 0.640693
2645 0.73422
2646 0.65043
2647 0.679126
2648 0.806194
2649 0.581392
2650 0.658457
2651 0.609212
2652 0.731113
2653 0.566469
2654 0.670788
2655 0.432021
2656 0.779117
2657 0.657045
2658 0.706676
2659 0.931292
2660 0.690275
2661 0.808639
2662 0.915286
2663 0.941843
2664 0.599559
2665 0.76972
2666 0.632807
2667 0.857212
2668 0.491564
2669 0.769849
2670 0.86747
2671 0.536918
2672 0.939717
2673 0.885057
2674 0.841047
2675 0.960435
2676 0.848935
2677 0.923335
2678 0.508169
2679 0.670913
2680 0.519467
2681 0.871952
2682 0.680119
2683 0.816437
2684 0.391594
2685 0.550037
2686 0.424206
2687 0.686882
2688 0.716833
2689 0.76288
2690 0.808461
2691 0.805694
2692 0.830746
2693 0.835368
2694 0.81901
2695 0.846797
2696 0.854702
2697 0.846001
2698 0.892814
2699 0.683163
2700 0.79276
2701 0.743581
2702 0.698522
2703 0.690216
2704 0.655288
2705 0.7547
2706 0.839978
2707 0.628363
2708 0.794345
2709 0.84551
2710 0.744143
2711 0.865642
2712 0.670155
2713 0.684324
2714 0.719519
2715 0.389095
2716 0.581673
2717 0.738152
2718 0.914137
2719 0.833704
2720 0.871017
2721 0.630355
2722 0.900894
2723 0.88331
2724 0.647622
2725 0.826756
2726 0.700748
2727 0.805662
2728 0.713288
2729 0.719185
2730 0.5807
2731 0.672844
2732 0.794978
2733 0.822685
2734 0.544441
2735 0.415242
2736 0.461279
2737 0.706394
2738 0.723719
2739 0.940041
2740 0.66891
2741 0.712804
2742 0.719136
2743 0.79113
2744 0.841585
2745 0.874983
2746 0.946857
2747 0.904899
2748 0.884179
2749 0.833024
2750 0.816325
2751 0.72268
2752 0.734543
2753 0.255015
2754 0.768861
2755 0.837919
2756 0.80779
2757 0.904354
2758 0.57422
2759 0.725197
2760 0.872677
2761 0.808563
2762 0.706373
2763 0.902231
2764 0.824057
2765 0.781532
2766 0.703554
2767 0.725323
2768 0.680388
2769 0.854246
2770 0.781161
2771 0.550498
2772 0.569958
2773 0.723497
2774 0.707038
2775 0.767047
2776 0.636818
2777 0.335002
2778 0.663622
2779 0.743852
2780 0.847066
2781 0.738581
2782 0.713523
2783 0.470035
2784 0.678716
2785 0.705525
2786 0.778503
2787 0.444797
2788 0.79502
2789 0.676228
2790 0.718522
2791 0.769413
2792 0.928046
2793 0.700174
2794 0.66889
2795 0.481851
2796 0.712163
2797 0.425306
2798 0.793597
2799 0.701926
2800 0.662467
2801 0.726387
2802 0.674896
2803 0.496792
2804 0.716791
2805 0.848987
2806 0.639165
2807 0.382274
2808 0.743022
2809 0.521876
2810 0.65924
2811 0.609324
2812 0.634125
2813 0.558443
2814 0.814718
2815 0.774107
2816 0.651232
2817 0.673648
2818 0.893599
2819 0.920714
2820 0.681539
2821 0.932042
2822 0.825174
2823 0.803192
2824 0.711407
2825 0.574418
2826 0.750359
2827 0.633465
2828 0.468234
2829 0.794898
2830 0.437327
2831 0.789531
2832 0.798536
2833 0.787155
2834 0.825164
2835 0.442797
2836 0.587311
2837 0.647073
2838 0.852451
2839 0.839499
2840 0.580173
2841 0.664859
2842 0.665221
2843 0.749822
2844 0.75721
2845 0.589849
2846 0.667623
2847 0.574855
2848 0.624227
2849 0.765934
2850 0.361772
2851 0.557834
2852 0.489396
2853 0.449687
2854 0.453834
2855 0.816392
2856 0.604739
2857 0.467828
2858 0.725851
2859 0.82798
2860 0.628689
2861 0.851303
2862 0.559705
2863 0.59633
2864 0.6756
2865 0.766421
2866 0.453448
2867 0.80219
2868 0.512797
2869 0.391444
2870 0.603295
2871 0.653004
2872 0.715216
2873 0.382666
2874 0.774529
2875 0.725263
2876 0.489325
2877 0.782784
2878 0.649388
2879 0.531492
2880 0.437464
2881 0.728616
2882 0.475187
2883 0.913557
2884 0.585982
2885 0.575049
2886 0.711222
2887 0.591616
2888 0.330358
2889 0.602655
2890 0.703889
2891 0.670284
2892 0.523016
2893 0.765831
2894 0.706067
2895 0.598295
2896 0.495975
2897 0.856863
2898 0.587305
2899 0.60998
2900 0.621097
2901 0.7782
2902 0.823502
2903 0.857045
2904 0.789258
2905 0.908929
2906 0.877773
2907 0.555159
2908 0.613725
2909 0.820042
2910 0.702195
2911 0.59867
2912 0.808576
2913 0.877335
2914 0.770585
2915 0.627137
2916 0.695892
2917 0.911756
2918 0.739073
2919 0.660983
2920 0.811836
2921 0.906912
2922 0.388007
2923 0.525222
2924 0.595172
2925 0.685992
2926 0.921719
2927 0.690793
2928 0.354912
2929 0.770322
2930 0.704261
2931 0.767459
2932 0.643142
2933 0.745972
2934 0.343439
2935 0.581102
2936 0.540303
2937 0.744596
2938 0.539058
2939 0.63164
2940 0.37476
2941 0.699208
2942 0.651283
2943 0.527844
2944 0.600859
2945 0.704006
2946 0.717643
2947 0.861939
2948 0.721926
2949 0.93418
2950 0.786346
2951 0.825537
2952 0.905713
2953 0.706114
2954 0.322139
2955 0.859634
2956 0.569416
2957 0.711974
2958 0.708236
2959 0.646655
2960 0.598502
2961 0.69814
2962 0.249218
2963 0.792448
2964 0.526284
2965 0.720588
2966 0.707994
2967 0.884865
2968 0.572491
2969 0.785227
2970 0.552605
2971 0.701915
2972 0.769242
2973 0.475784
2974 0.377574
2975 0.934249
2976 0.759408
2977 0.625595
2978 0.725339
2979 0.560058
2980 0.744446
2981 0.572896
2982 0.66937
2983 0.83724
2984 0.733688
2985 0.561326
2986 0.664031
2987 0.626068
2988 0.617312
2989 0.418764
2990 0.819596
2991 0.679116
2992 0.747087
2993 0.836287
2994 0.614525
2995 0.614711
2996 0.489525
2997 0.474973
2998 0.645651
2999 0.0883978
3000 0.360657
3001 0.835767
3002 0.829151
3003 0.159842
3004 0.388115
3005 0.476519
3006 0.653931
3007 0.752282
3008 0.512337
3009 0.940058
3010 0.745555
3011 0.449737
3012 0.44356
3013 0.889703
3014 0.678839
3015 0.730431
3016 0.798421
3017 0.613751
3018 0.486132
3019 0.476745
3020 0.730839
3021 0.730697
3022 0.557112
3023 0.767107
3024 0.773171
3025 0.759331
3026 0.732735
3027 0.381303
3028 0.593342
3029 0.862707
3030 0.684897
3031 0.865422
3032 0.688705
3033 0.758703
3034 0.71677
3035 0.328637
3036 0.693284
3037 0.706896
3038 0.386045
3039 0.74097
3040 0.788771
3041 0.661879
3042 0.570711
3043 0.506849
3044 0.735609
3045 0.877308
3046 0.393543
3047 0.83794
3048 0.491266
3049 0.681514
3050 0.660011
3051 0.69109
3052 0.56562
3053 0.775406
3054 0.474179
3055 0.919044
3056 0.627192
3057 0.943798
3058 0.622549
3059 0.53775
3060 0.625306
3061 0.642216
3062 0.871335
3063 0.450041
3064 0.516089
3065 0.632569
3066 0.0945308
3067 0.70913
3068 0.751729
3069 0.843005
3070 0.493787
3071 0.62202
3072 0.500658
3073 0.501202
3074 0.418182
3075 0.544888
3076 0.712388
3077 0.682659
3078 0.5322
3079 0.689718
3080 0.602449
3081 0.390545
3082 0.374322
3083 0.803272
3084 0.493075
3085 0.628667
3086 0.666535
3087 0.764338
3088 0.722805
3089 0.707336
3090 0.384312
3091 0.402983
3092 0.357936
3093 0.194565
3094 0.421579
3095 0.76135
3096 0.910467
3097 0.810137
3098 0.583583
3099 0.822939
3100 0.852107
3101 0.595641
3102 0.618388
3103 0.667005
3104 0.822655
3105 0.720402
3106 0.825734
3107 0.672347
3108 0.764365
3109 0.871297
3110 0.761519
3111 0.777683
3112 0.771119
3113 0.770251
3114 0.678236
3115 0.885234
3116 0.890195
3117 0.719696
3118 0.916779
3119 0.789949
3120 0.895843
3121 0.812681
3122 0.65698
3123 0.737753
3124 0.636835
3125 0.607063
3126 0.80064
3127 0.682094
3128 0.942322
3129 0.879462
3130 0.609215
3131 0.840882
3132 0.513164
3133 0.733629
3134 0.751135
3135 0.673671
3136 0.643456
3137 0.854648
3138 0.64955
3139 0.591993
3140 0.702044
3141 0.682214
3142 0.796706
3143 0.614228
3144 0.78308
3145 0.514934
3146 0.597697
3147 0.455014
3148 0.468761
3149 0.797912
3150 0.576797
3151 0.659765
3152 0.748613
3153 0.96191
3154 0.722234
3155 0.718626
3156 0.84794
3157 0.802254
3158 0.766295
3159 0.724367
3160 0.851586
3161 0.816354
3162 0.607494
3163 0.719732
3164 0.713761
3165 0.854679
3166 0.651811
3167 0.837614
3168 0.758101
3169 0.683599
3170 0.408943
3171 0.638718
3172 0.795033
3173 0.778448
3174 0.343309
3175 0.630629
3176 0.462931
3177 0.813347
3178 0.579098
3179 0.32996
3180 0.856727
3181 0.499239
3182 0.580055
3183 0.65849
3184 0.502734
3185 0.487825
3186 0.521471
3187 0.786765
3188 0.840689
3189 0.551498
3190 0.912136
3191 0.655436
3192 0.537207
3193 0.64536
3194 0.817053
3195 0.465576
3196 0.696192
3197 0.944584
3198 0.748381
3199 0.603139
3200 0.799296
3201 0.604738
3202 0.947148
3203 0.189451
3204 0.775787
3205 0.832519
3206 0.571934
3207 0.787233
3208 0.682901
3209 0.55388
3210 0.628908
3211 0.618301
3212 0.647697
3213 0.857263
3214 0.754452
3215 0.608935
3216 0.619617
3217 0.692633
3218 0.757426
3219 0.642342
3220 0.744754
3221 0.79206
3222 0.74333
3223 0.871747
3224 0.776309
3225 0.822436
3226 0.776534
3227 0.491203
3228 0.782734
3229 0.546641
3230 0.661023
3231 0.71437
3232 0.529781
3233 0.766416
3234 0.714207
3235 0.409756
3236 0.643334
3237 0.508808
3238 0.490936
3239 0.475413
3240 0.716294
3241 0.819289
3242 0.444553
3243 0.569619
3244 0.721264
3245 0.667977
3246 0.74254
3247 0.74941
3248 0.584675
3249 0.567364
3250 0.48519
3251 0.701276
3252 0.646093
3253 0.699181
3254 0.728577
3255 0.673564
3256 0.565452
3257 0.703718
3258 0.858833
3259 0.974916
3260 0.542803
3261 0.394229
3262 0.459855
3263 0.671328
3264 0.554627
3265 0.625888
3266 0.535624
3267 0.746947
3268 0.665007
3269 0.71822
3270 0.621149
3271 0.74588
3272 0.503167
3273 0.543232
3274 0.627379
3275 0.812356
3276 0.680412
3277 0.788828
3278 0.469017
3279 0.641715
3280 0.878676
3281 0.662291
3282 0.847249
3283 0.856916
3284 0.495587
3285 0.561014
3286 0.683766
3287 0.340999
3288 0.920582
3289 0.646013
3290 0.455837
3291 0.768015
3292 0.777138
3293 0.612306
3294 0.35122
3295 0.673945
3296 0.28993
3297 0.644124
3298 0.711112
3299 0.933052
3300 0.41094
3301 0.467158
3302 0.730371
3303 0.772277
3304 0.710136
3305 0.770744
3306 0.640882
3307 0.805443
3308 0.829107
3309 0.466291
3310 0.696971
3311 0.888658
3312 0.564935
3313 0.67171
3314 0.927144
3315 0.736564
3316 0.759986
3317 0.866751
3318 0.705466
3319 0.847019
3320 0.744703
3321 0.874602
3322 0.817742
3323 0.827776
3324 0.748993
3325 0.770036
3326 0.461566
3327 0.823765
3328 0.557438
3329 0.756245
3330 0.676131
3331 0.607987
3332 0.941515
3333 0.765943
3334 0.733354
3335 0.812013
3336 0.66649
3337 0.606299
3338 0.67246
3339 0.990306
3340 0.578339
3341 0.533023
3342 0.515235
3343 0.886551
3344 0.539511
3345 0.525432
3346 0.764674
3347 0.531009
3348 0.845445
3349 0.625369
3350 0.730849
3351 0.73073
3352 0.726609
3353 0.663963
3354 0.862236
3355 0.658748
3356 0.684846
3357 0.16112
3358 0.152526
3359 0.683864
3360 0.786244
3361 0.779904
3362 0.625698
3363 0.626834
3364 0.753334
3365 0.770264
3366 0.489038
3367 0.503715
3368 0.933358
3369 0.720452
3370 0.789069
3371 0.386378
3372 0.565332
3373 0.529486
3374 0.790614
3375 0.848246
3376 0.73853
3377 0.835049
3378 0.572057
3379 0.702865
3380 0.695191
3381 0.735798
3382 0.363309
3383 0.436839
3384 0.776082
3385 0.542646
3386 0.678061
3387 0.640367
3388 0.609932
3389 0.836433
3390 0.692121
3391 0.586884
3392 0.610703
3393 0.615723
3394 0.546425
3395 0.941135
3396 0.713025
3397 0.927447
3398 0.866292
3399 0.80851
3400 0.465052
3401 0.631443
3402 0.582205
3403 0.758193
3404 0.796667
3405 0.620319
3406 0.815671
3407 0.915374
3408 0.803575
3409 0.651727
3410 0.528105
3411 0.720136
3412 0.710915
3413 0.749029
3414 0.782859
3415 0.780004
3416 0.695148
3417 0.629359
3418 0.0758884
3419 0.479516
3420 0.810767
3421 0.662198
3422 0.594299
3423 0.464284
3424 0.523875
3425 0.738216
3426 0.80887
3427 0.881509
3428 0.92077
3429 0.680223
3430 0.598053
3431 0.816353
3432 0.869084
3433 0.887112
3434 0.531582
3435 0.798984
3436 0.660975
3437 0.473321
3438 0.816962
3439 0.506936
3440 0.510775
3441 0.873643
3442 0.748542
3443 0.400829
3444 0.643985
3445 0.660375
3446 0.403762
3447 0.699132
3448 0.832137
3449 0.389885
3450 0.716313
3451 0.43151
3452 0.332835
3453 0.678921
3454 0.504152
3455 0.32866
3456 0.628654
3457 0.677879
3458 0.306644
3459 0.579069
3460 0.619903
3461 0.637229
3462 0.395006
3463 0.440249
3464 0.744237
3465 0.73636
3466 0.789841
3467 0.62262
3468 0.767164
3469 0.789135
3470 0.728243
3471 0.798901
3472 0.638974
3473 0.578094
3474 0.721262
3475 0.702778
3476 0.633722
3477 0.614531
3478 0.439592
3479 0.515787
3480 0.668221
3481 0.71822
3482 0.654443
3483 0.813373
3484 0.532821
3485 0.804182
3486 0.762995
3487 0.798036
3488 0.462364
3489 0.606697
3490 0.831901
3491 0.68107
3492 0.576964
3493 0.835738
3494 0.78479
3495 0.505982
3496 0.656635
3497 0.512087
3498 0.572272
3499 0.556046
3500 0.661065
3501 0.625917
3502 0.527402
3503 0.726174
3504 0.82188
3505 0.382571
3506 0.417786
3507 0.63672
3508 0.541534
3509 0.70674
3510 0.541214
3511 0.516415
3512 0.72488
3513 0.578408
3514 0.722831
3515 0.630037
3516 0.952579
3517 0.517686
3518 0.571968
3519 0.445273
3520 0.604458
3521 0.464992
3522 0.561464
3523 0.548064
3524 0.679768
3525 0.485106
3526 0.854881
3527 0.895007
3528 0.717739
3529 0.756237
3530 0.899352
3531 0.745664
3532 0.860349
3533 0.713916
3534 0.503075
3535 0.768486
3536 0.754799
3537 0.730052
3538 0.728855
3539 0.770929
3540 0.756674
3541 0.388253
3542 0.45806
3543 0.818297
3544 0.693725
3545 0.561774
3546 0.639839
3547 0.829207
3548 0.586968
3549 0.9066
3550 0.714889
3551 0.460917
3552 0.55536
3553 0.784332
3554 0.731029
3555 0.6857
3556 0.698223
3557 0.687497
3558 0.640555
3559 0.64244
3560 0.714442
3561 0.568028
3562 0.707889
3563 0.743235
3564 0.606301
3565 0.821473
3566 0.711126
3567 0.845715
3568 0.569587
3569 0.830606
3570 0.778609
3571 0.922193
3572 0.811302
3573 0.742212
3574 0.495723
3575 0.637918
3576 0.589997
3577 0.833506
3578 0.661543
3579 0.605666
3580 0.783842
3581 0.773586
3582 0.968393
3583 0.526206
3584 0.39372
3585 0.927609
3586 0.671853
3587 0.901734
3588 0.591334
3589 0.737653
3590 0.752817
3591 0.688088
3592 0.69452
3593 0.869277
3594 0.734198
3595 0.936447
3596 0.674661
3597 0.530884
3598 0.733311
3599 0.599766
3600 0.547802
3601 0.662055
3602 0.502133
3603 0.395337
3604 0.381354
3605 0.831023
3606 0.517353
3607 0.913044
3608 0.468761
3609 0.65235
3610 0.768219
3611 0.614154
3612 0.89323
3613 0.796669
3614 0.689997
3615 0.654394
3616 0.625235
3617 0.891553
3618 0.678912
3619 0.683826
3620 0.385835
3621 0.764627
3622 0.826342
3623 0.507028
3624 0.718682
3625 0.782227
3626 0.904916
3627 0.940393
3628 0.746711
3629 0.87929
3630 0.889329
3631 0.701852
3632 0.854307
3633 0.799512
3634 0.763364
3635 0.660272
3636 0.850338
3637 0.653557
3638 0.836963
3639 0.869321
3640 0.827181
3641 0.805267
3642 0.704423
3643 0.807513
3644 0.693048
3645 0.545459
3646 0.817357
3647 0.528473
3648 0.731549
3649 0.765615
3650 0.740031
3651 0.866469
3652 0.717298
3653 0.49627
3654 0.814047
3655 0.889507
3656 0.620611
3657 0.912019
3658 0.955409
3659 0.787517
3660 0.76595
3661 0.75504
3662 0.536536
3663 0.690048
3664 0.68185
3665 0.895315
3666 0.662505
3667 0.891613
3668 0.646332
3669 0.482347
3670 0.340734
3671 0.488803
3672 0.831796
3673 0.749449
3674 0.491175
3675 0.745023
3676 0.759393
3677 0.678919
3678 0.581065
3679 0.763181
3680 0.89594
3681 0.481248
3682 0.497019
3683 0.777606
3684 0.68943
3685 0.629968
3686 0.67214
3687 0.738985
3688 0.685313
3689 0.762539
3690 0.826393
3691 0.865462
3692 0.753411
3693 0.81128
3694 0.980009
3695 0.608677
3696 0.54447
3697 0.671337
3698 0.711892
3699 0.247649
3700 0.783918
3701 0.567564
3702 0.384199
3703 0.764778
3704 0.611758
3705 0.527926
3706 0.651832
3707 0.545567
3708 0.923118
3709 0.67064
3710 0.791122
3711 0.96689
3712 0.718113
3713 0.725571
3714 0.820028
3715 0.757398
3716 0.57968
3717 0.818216
3718 0.812477
3719 0.510093
3720 0.567388
3721 0.611849
3722 0.948025
3723 0.687643
3724 0.86914
3725 0.516073
3726 0.4742
3727 0.627299
3728 0.822943
3729 0.631236
3730 0.988672
3731 0.899841
3732 0.612951
3733 0.843771
3734 0.675212
3735 0.682759
3736 0.864785
3737 0.828648
3738 0.761755
3739 0.723504
3740 0.626957
3741 0.720968
3742 0.691639
3743 0.884864
3744 0.723611
3745 0.403494
3746 0.794263
3747 0.63263
3748 0.828437
3749 0.851101
3750 0.780434
3751 0.795788
3752 0.936938
3753 0.882553
3754 0.778202
3755 0.965913
3756 0.779434
3757 0.871883
3758 0.617163
3759 0.705122
3760 0.898976
3761 0.578392
3762 0.858408
3763 0.646232
3764 0.781274
3765 0.771979
3766 0.886347
3767 0.706807
3768 0.672914
3769 0.641125
3770 0.774429
3771 0.667289
3772 0.759773
3773 0.734621
3774 0.703785
3775 0.819517
3776 0.861125
3777 0.336561
3778 0.693178
3779 0.850975
3780 0.422918
3781 0.649977
3782 0.910778
3783 0.627773
3784 0.766416
3785 0.847053
3786 0.83802
3787 0.876922
3788 0.781231
3789 0.829765
3790 0.933911
3791 0.825778
3792 0.91547
3793 0.750185
3794 0.481483
3795 0.640369
3796 0.881556
3797 0.757985
3798 0.608538
3799 0.312456
3800 0.849856
3801 0.691515
3802 0.339679
3803 0.873762
3804 0.593532
3805 0.828629
3806 0.789769
3807 0.817727
3808 0.588033
3809 0.640454
3810 0.74793
3811 0.878816
3812 0.902397
3813 0.735981
3814 0.807279
3815 0.853194
3816 0.72521
3817 0.74217
3818 0.877536
3819 0.741253
3820 0.660962
3821 0.816864
3822 0.716476
3823 0.656765
3824 0.673357
3825 0.674324
3826 0.357306
3827 0.938329
3828 0.757713
3829 0.79241
3830 0.934481
3831 0.776524
3832 0.859774
3833 0.59328
3834 0.662579
3835 0.542446
3836 0.582614
3837 0.865343
3838 0.901762
3839 0.896381
3840 0.851059
3841 0.799472
3842 0.767012
3843 0.528312
3844 0.910879
3845 0.733145
3846 0.837986
3847 0.774423
3848 0.806445
3849 0.759868
3850 0.701827
3851 0.716949
3852 0.643589
3853 0.512386
3854 0.821003
3855 0.713988
3856 0.0602508
3857 0.691407
3858 0.778639
3859 0.775858
3860 0.915537
3861 0.551749
3862 0.615866
3863 0.604382
3864 0.629758
3865 0.944954
3866 0.699648
3867 0.744478
3868 0.553304
3869 0.577981
3870 0.717803
3871 0.75784
3872 0.594465
3873 0.664023
3874 0.64363
3875 0.527677
3876 0.680061
3877 0.782253
3878 0.451904
3879 0.705179
3880 0.842819
3881 0.880605
3882 0.453904
3883 0.528392
3884 0.753254
3885 0.522772
3886 0.792616
3887 0.626979
3888 0.639326
3889 0.723025
3890 0.756447
3891 0.679914
3892 0.664648
3893 0.811933
3894 0.638914
3895 0.663155
3896 0.750359
3897 0.59487
3898 0.81724
3899 0.527574
3900 0.766249
3901 0.961352
3902 0.876081
3903 0.956201
3904 0.971395
3905 0.721852
3906 0.834765
3907 0.84089
3908 0.423527
3909 0.555886
3910 0.664282
3911 0.954775
3912 0.419663
3913 0.389431
3914 0.365961
3915 0.647342
3916 0.809473
3917 0.520046
3918 0.961805
3919 0.548815
3920 0.642436
3921 0.540651
3922 0.80604
3923 0.630267
3924 0.874122
3925 0.553777
3926 0.679688
3927 0.792034
3928 0.770383
3929 0.832431
3930 0.475178
3931 0.565003
3932 0.968717
3933 0.813864
3934 0.637515
3935 0.606639
3936 0.429705
3937 0.625936
3938 0.585756
3939 0.702226
3940 0.425815
3941 0.418044
3942 0.666144
3943 0.670297
3944 0.73558
3945 0.726641
3946 0.887626
3947 0.712757
3948 0.631717
3949 0.873322
3950 0.612475
3951 0.718224
3952 0.72274
3953 0.612971
3954 0.847682
3955 0.659423
3956 0.674117
3957 0.8132
3958 0.912056
3959 0.631895
3960 0.671486
3961 0.618503
3962 0.725968
3963 0.712818
3964 0.794294
3965 0.644562
3966 0.748173
3967 0.407668
3968 0.57211
3969 0.743621
3970 0.641507
3971 0.78278
3972 0.768601
3973 0.811552
3974 0.926721
3975 0.718778
3976 0.720449
3977 0.746716
3978 0.679717
3979 0.787581
3980 0.876867
3981 0.659596
3982 0.729771
3983 0.681227
3984 0.648331
3985 0.688556
3986 0.780631
3987 0.735157
3988 0.711536
3989 0.656128
3990 0.806967
3991 0.700618
3992 0.681847
3993 0.7092
3994 0.703462
3995 0.499502
3996 0.574267
3997 0.856514
3998 0.690902
3999 0.774686
4000 0.839403
4001 0.894084
4002 0.603276
4003 0.880047
4004 0.844149
4005 0.622944
4006 0.756741
4007 0.815072
4008 0.665456
4009 0.804624
4010 0.763209
4011 0.544422
4012 0.729765
4013 0.492311
4014 0.822232
4015 0.721951
4016 0.653182
4017 0.72871
4018 0.660924
4019 0.732929
4020 0.535389
4021 0.679713
4022 0.512569
4023 0.63809
4024 0.774509
4025 0.666412
4026 0.352942
4027 0.613215
4028 0.778667
4029 0.735083
4030 0.494898
4031 0.724168
4032 0.982191
4033 0.893018
4034 0.831287
4035 0.497536
4036 0.747186
4037 0.64351
4038 0.833627
4039 0.877199
4040 0.82535
4041 0.709816
4042 0.828977
4043 0.627594
4044 0.503766
4045 0.475179
4046 0.564532
4047 0.593945
4048 0.726702
4049 0.617726
4050 0.63738
4051 0.689467
4052 0.773126
4053 0.391717
4054 0.407723
4055 0.855973
4056 0.849884
4057 0.869524
4058 0.783306
4059 0.714253
4060 0.942402
4061 0.693578
4062 0.929597
4063 0.487688
4064 0.634546
4065 0.799862
4066 0.744391
4067 0.634357
4068 0.545745
4069 0.704842
4070 0.756974
4071 0.591264
4072 0.84246
4073 0.780014
4074 0.963634
4075 0.746972
4076 0.636673
4077 0.773827
4078 0.906721
4079 0.807853
4080 0.867149
4081 0.764055
4082 0.602046
4083 0.676327
4084 0.822141
4085 0.503118
4086 0.777556
4087 0.723377
4088 0.877243
4089 0.721492
4090 0.830199
4091 0.696446
4092 0.622251
4093 0.930175
4094 0.792104
4095 0.805871
4096 0.668557
4097 0.677392
4098 0.653553
4099 0.662211
4100 0.348895
4101 0.755457
4102 0.825064
4103 0.767989
4104 0.763235
4105 0.677413
4106 0.696155
4107 0.806381
4108 0.836031
4109 0.578328
4110 0.753073
4111 0.716754
4112 0.840249
4113 0.830792
4114 0.757467
4115 0.422649
4116 0.780662
4117 0.864816
4118 0.913365
4119 0.868651
4120 0.824396
4121 0.937433
4122 0.703911
4123 0.802167
4124 0.778598
4125 0.850392
4126 0.832886
4127 0.760038
4128 0.343261
4129 0.662659
4130 0.708906
4131 0.739798
4132 0.868518
4133 0.831834
4134 0.856818
4135 0.793205
4136 0.729279
4137 0.644552
4138 0.634036
4139 0.830258
4140 0.516901
4141 0.846264
4142 0.914512
4143 0.392634
4144 0.91031
4145 0.683792
4146 0.742638
4147 0.480166
4148 0.838296
4149 0.696002
4150 0.624139
4151 0.803057
4152 0.963015
4153 0.525943
4154 0.420909
4155 0.880746
4156 0.828686
4157 0.522504
4158 0.921059
4159 0.768204
4160 0.72196
4161 0.900247
4162 0.568653
4163 0.826429
4164 0.735352
4165 0.772022
4166 0.799904
4167 0.643607
4168 0.610441
4169 0.583246
4170 0.646691
4171 0.695386
4172 0.686932
4173 0.731649
4174 0.607685
4175 0.820645
4176 0.781914
4177 0.85282
4178 0.755102
4179 0.771357
4180 0.667448
4181 0.874183
4182 0.852437
4183 0.816976
4184 0.869641
4185 0.908179
4186 0.753467
4187 0.779436
4188 0.66472
4189 0.606094
4190 0.729981
4191 0.832944
4192 0.789365
4193 0.561685
4194 0.790659
4195 0.610706
4196 0.738323
4197 0.740145
4198 0.716872
4199 0.762496
4200 0.721264
4201 0.875487
4202 0.617832
4203 0.637407
4204 0.666516
4205 0.769681
4206 0.529097
4207 0.584993
4208 0.77371
4209 0.918355
4210 0.682351
4211 0.801042
4212 0.638505
4213 0.880036
4214 0.866568
4215 0.796762
4216 0.768311
4217 0.486169
4218 0.916644
4219 0.781854
4220 0.59719
4221 0.205782
4222 0.616626
4223 0.628413
4224 0.620372
4225 0.458948
4226 0.439598
4227 0.892555
4228 0.776664
4229 0.862433
4230 0.471761
4231 0.860235
4232 0.364745
4233 0.776268
4234 0.498557
4235 0.570773
4236 0.619256
4237 0.877228
4238 0.475088
4239 0.685872
4240 0.728743
4241 0.791783
4242 0.648657
4243 0.837611
4244 0.541866
4245 0.680595
4246 0.743134
4247 0.723378
4248 0.458145
4249 0.684181
4250 0.719235
4251 0.652647
4252 0.603204
4253 0.595974
4254 0.746128
4255 0.816841
4256 0.821071
4257 0.747899
4258 0.776666
4259 0.60634
4260 0.246149
4261 0.225633
4262 0.829785
4263 0.420685
4264 0.54599
4265 0.769176
4266 0.542151
4267 0.703835
4268 0.433494
4269 0.712634
4270 0.73945
4271 0.74565
4272 0.578306
4273 0.311192
4274 0.593603
4275 0.778745
4276 0.787226
4277 0.746443
4278 0.835114
4279 0.911047
4280 0.701763
4281 0.518171
4282 0.765578
4283 0.661754
4284 0.815861
4285 0.892748
4286 0.782628
4287 0.618084
4288 0.67712
4289 0.510768
4290 0.413452
4291 0.68763
4292 0.666646
4293 0.551648
4294 0.858311
4295 0.54939
4296 0.585762
4297 0.355047
4298 0.615513
4299 0.805881
4300 0.794975
4301 0.742152
4302 0.736934
4303 0.668225
4304 0.823676
4305 0.447078
4306 0.599271
4307 0.897104
4308 0.686603
4309 0.639147
4310 0.66535
4311 0.729748
4312 0.937121
4313 0.351345
4314 0.813189
4315 0.745537
4316 0.539314
4317 0.587806
4318 0.556384
4319 0.715818
4320 0.430701
4321 0.721065
4322 0.764655
4323 0.845519
4324 0.546519
4325 0.715711
4326 0.604802
4327 0.822559
4328 0.63681
4329 0.718996
4330 0.7432
4331 0.703992
4332 0.742996
4333 0.765602
4334 0.9082
4335 0.708974
4336 0.945522
4337 0.710684
4338 0.501685
4339 0.771434
4340 0.901903
4341 0.876793
4342 0.936543
4343 0.731299
4344 0.843674
4345 0.662519
4346 0.802324
4347 0.805491
4348 0.858164
4349 0.885499
4350 0.891004
4351 0.724899
4352 0.795856
4353 0.717495
4354 0.726181
4355 0.856957
4356 0.76091
4357 0.704176
4358 0.82516
4359 0.786704
4360 0.879392
4361 0.850827
4362 0.58267
4363 0.834855
4364 0.67714
4365 0.771148
4366 0.687046
4367 0.670956
4368 0.804896
4369 0.793716
4370 0.783005
4371 0.868557
4372 0.603435
4373 0.753658
4374 0.704647
4375 0.713983
4376 0.63398
4377 0.868477
4378 0.886511
4379 0.912695
4380 0.6913
4381 0.763938
4382 0.926573
4383 0.41756
4384 0.885695
4385 0.65757
4386 0.643632
4387 0.715863
4388 0.730781
4389 0.697085
4390 0.724179
4391 0.708474
4392 0.61251
4393 0.696268
4394 0.447725
4395 0.925486
4396 0.595316
4397 0.784551
4398 0.588633
4399 0.643424
4400 0.831962
4401 0.652701
4402 0.762052
4403 0.795205
4404 0.710036
4405 0.848457
4406 0.872591
4407 0.723228
4408 0.681219
4409 0.675138
4410 0.655186
4411 0.846009
4412 0.775213
4413 0.905985
4414 0.78761
4415 0.814856
4416 0.76308
4417 0.918656
4418 0.885963
4419 0.843483
4420 0.56851
4421 0.900564
4422 0.955114
4423 0.899221
4424 0.795435
4425 0.824006
4426 0.96756
4427 0.512451
4428 0.714871
4429 0.79835
4430 0.748297
4431 0.897747
4432 0.818221
4433 0.916478
4434 0.86293
4435 0.866201
4436 0.722658
4437 0.704978
4438 0.781123
4439 0.714978
4440 0.801627
4441 0.892433
4442 0.771603
4443 0.864003
4444 0.666274
4445 0.805797
4446 0.954446
4447 0.909427
4448 0.783708
4449 0.739611
4450 0.598229
4451 0.740611
4452 0.651561
4453 0.634027
4454 0.751557
4455 0.875842
4456 0.602165
4457 0.45665
4458 0.587857
4459 0.462181
4460 0.681834
4461 0.716588
4462 0.878844
4463 0.778149
4464 0.818473
4465 0.671311
4466 0.405675
4467 0.963316
4468 0.852629
4469 0.606073
4470 0.621668
4471 0.720802
4472 0.622856
4473 0.562157
4474 0.517334
4475 0.505177
4476 0.774357
4477 0.614141
4478 0.855455
4479 0.879887
4480 0.818096
4481 0.885737
4482 0.632101
4483 0.765505
4484 0.572185
4485 0.942087
4486 0.89502
4487 0.490837
4488 0.847947
4489 0.6282
4490 0.660096
4491 0.605006
4492 0.497286
4493 0.604105
4494 0.54126
4495 0.598473
4496 0.688066
4497 0.679438
4498 0.767317
4499 0.633502
4500 0.950883
4501 0.638409
4502 0.669411
4503 0.559063
4504 0.483015
4505 0.473631
4506 0.247497
4507 0.313844
4508 0.358652
4509 0.605267
4510 0.586941
4511 0.807944
4512 0.561308
4513 0.601661
4514 0.502633
4515 0.580424
4516 0.559897
4517 0.638383
4518 0.571345
4519 0.602414
4520 0.37804
4521 0.83831
4522 0.656458
4523 0.849623
4524 0.465314
4525 0.865332
4526 0.851259
4527 0.888384
4528 0.668891
4529 0.824687
4530 0.618457
4531 0.817511
4532 0.738412
4533 0.832305
4534 0.72879
4535 0.843527
4536 0.809505
4537 0.687597
4538 0.561803
4539 0.6684
4540 0.957057
4541 0.806836
4542 0.583832
4543 0.590546
4544 0.790762
4545 0.466657
4546 0.781366
4547 0.711296
4548 0.695241
4549 0.416116
4550 0.534804
4551 0.688167
4552 0.721112
4553 0.62489
4554 0.720304
4555 0.698411
4556 0.843125
4557 0.840292
4558 0.598804
4559 0.678268
4560 0.789753
4561 0.776058
4562 0.878591
4563 0.75362
4564 0.625942
4565 0.847041
4566 0.981865
4567 0.967841
4568 0.953748
4569 0.892279
4570 0.764299
4571 0.675895
4572 0.636703
4573 0.818923
4574 0.656792
4575 0.858952
4576 0.800641
4577 0.74508
4578 0.803627
4579 0.692505
4580 0.578556
4581 0.713489
4582 0.803585
4583 0.53978
4584 0.751002
4585 0.786967
4586 0.846077
4587 0.943792
4588 0.734745
4589 0.482755
4590 0.796524
4591 0.608804
4592 0.637159
4593 0.721358
4594 0.446778
4595 0.631358
4596 0.558487
4597 0.804036
4598 0.531606
4599 0.579507
4600 0.654995
4601 0.648152
4602 0.564403
4603 0.666354
4604 0.527264
4605 0.851992
4606 0.415752
4607 0.829013
4608 0.747572
4609 0.39426
4610 0.60025
4611 0.859931
4612 0.772209
4613 0.618132
4614 0.48858
4615 0.702779
4616 0.903294
4617 0.688481
4618 0.601882
4619 0.682289
4620 0.533528
4621 0.63604
4622 0.842977
4623 0.414188
4624 0.844636
4625 0.57212
4626 0.621807
4627 0.645557
4628 0.569429
4629 0.633729
4630 0.555243
4631 0.765319
4632 0.660322
4633 0.68024
4634 0.659024
4635 0.61087
4636 0.85756
4637 0.765493
4638 0.838378
4639 0.746134
4640 0.846911
4641 0.721741
4642 0.661734
4643 0.67999
4644 0.6781
4645 0.694685
4646 0.653052
4647 0.510608
4648 0.696389
4649 0.444659
4650 0.839653
4651 0.576744
4652 0.798724
4653 0.859761
4654 0.48383
4655 0.634755
4656 0.567905
4657 0.688706
4658 0.846828
4659 0.782019
4660 0.717924
4661 0.792027
4662 0.704213
4663 0.753667
4664 0.651632
4665 0.669083
4666 0.351762
4667 0.496282
4668 0.688499
4669 0.564213
4670 0.668308
4671 0.846032
4672 0.875987
4673 0.753761
4674 0.818557
4675 0.714923
4676 0.582064
4677 0.692793
4678 0.803332
4679 0.684115
4680 0.774202
4681 0.58087
4682 0.682569
4683 0.543258
4684 0.854637
4685 0.689019
4686 0.795076
4687 0.842644
4688 0.748935
4689 0.936523
4690 0.997521
4691 0.9057
4692 0.748392
4693 0.517207
4694 0.886123
4695 0.782346
4696 0.631109
4697 0.888897
4698 0.622697
4699 0.889713
4700 0.619456
4701 0.65502
4702 0.797983
4703 0.941856
4704 0.815614
4705 0.745892
4706 0.868604
4707 0.923955
4708 0.708626
4709 0.786762
4710 0.77248
4711 0.836835
4712 0.943068
4713 0.869905
4714 0.848104
4715 0.681051
4716 0.676034
4717 0.700301
4718 0.753117
4719 0.697602
4720 0.815248
4721 0.664268
4722 0.665136
4723 0.803054
4724 0.390687
4725 0.727239
4726 0.912604
4727 0.681301
4728 0.771761
4729 0.844792
4730 0.765127
4731 0.700106
4732 0.557582
4733 0.547231
4734 0.678337
4735 0.441659
4736 0.809251
4737 0.363816
4738 0.781081
4739 0.476996
4740 0.945713
4741 0.648137
4742 0.860497
4743 0.566962
4744 0.899006
4745 0.688802
4746 0.910133
4747 0.361968
4748 0.355188
4749 0.482063
4750 0.718611
4751 0.49968
4752 0.897118
4753 0.871395
4754 0.815311
4755 0.685317
4756 0.732385
4757 0.815913
4758 0.816446
4759 0.766276
4760 0.37027
4761 0.702396
4762 0.902593
4763 0.625389
4764 0.513773
4765 0.758311
4766 0.817343
4767 0.864709
4768 0.82025
4769 0.940467
4770 0.859809
4771 0.985122
4772 0.950991
4773 0.472278
4774 0.691288
4775 0.438844
4776 0.748963
4777 0.642613
4778 0.637925
4779 0.663903
4780 0.597365
4781 0.590905
4782 0.582569
4783 0.843736
4784 0.967056
4785 0.413172
4786 0.508938
4787 0.65433
4788 0.59873
4789 0.914182
4790 0.900652
4791 0.500001
4792 0.571467
4793 0.531551
4794 0.896957
4795 0.864837
4796 0.838682
4797 0.703878
4798 0.514702
4799 0.465974
4800 0.746697
4801 0.683898
4802 0.651596
4803 0.713004
4804 0.698024
4805 0.759647
4806 0.625066
4807 0.727947
4808 0.556603
4809 0.654075
4810 0.884261
4811 0.825118
4812 0.510185
4813 0.332503
4814 0.692229
4815 0.78033
4816 0.784132
4817 0.574328
4818 0.56855
4819 0.409586
4820 0.420353
4821 0.380879
4822 0.589462
4823 0.603579
4824 0.584917
4825 0.577353
4826 0.755305
4827 0.703538
4828 0.739541
4829 0.694811
4830 0.648235
4831 0.712531
4832 0.797172
4833 0.778716
4834 0.89796
4835 0.892366
4836 0.50586
4837 0.643707
4838 0.494678
4839 0.664268
4840 0.799049
4841 0.710839
4842 0.537224
4843 0.612358
4844 0.608791
4845 0.642203
4846 0.626814
4847 0.610119
4848 0.640865
4849 0.612896
4850 0.824797
4851 0.742808
4852 0.55021
4853 0.965027
4854 0.960852
4855 0.608829
4856 0.770295
4857 0.769712
4858 0.818974
4859 0.842154
4860 0.668802
4861 0.781278
4862 0.65592
4863 0.681027
4864 0.348316
4865 0.549351
4866 0.8287
4867 0.440004
4868 0.60197
4869 0.713089
4870 0.554484
4871 0.613289
4872 0.373798
4873 0.873443
4874 0.361416
4875 0.388652
4876 0.85851
4877 0.889253
4878 0.347076
4879 0.698116
4880 0.91412
4881 0.61464
4882 0.770225
4883 0.52908
4884 0.605805
4885 0.773236
4886 0.568001
4887 0.844432
4888 0.740976
4889 0.709407
4890 0.926252
4891 0.661005
4892 0.519466
4893 0.81024
4894 0.528901
4895 0.772658
4896 0.705436
4897 0.515563
4898 0.570332
4899 0.727778
4900 0.706721
4901 0.641557
4902 0.481493
4903 0.610042
4904 0.787885
4905 0.469379
4906 0.857318
4907 0.772049
4908 0.770087
4909 0.871797
4910 0.858411
4911 0.635462
4912 0.547083
4913 0.883899
4914 0.793429
4915 0.661951
4916 0.653571
4917 0.838152
4918 0.743989
4919 0.442108
4920 0.916759
4921 0.704429
4922 0.765049
4923 0.537686
4924 0.686757
4925 0.636648
4926 0.856547
4927 0.480132
4928 0.679023
4929 0.53056
4930 0.773951
4931 0.818297
4932 0.704483
4933 0.64377
4934 0.715793
4935 0.572277
4936 0.673898
4937 0.697338
4938 0.870554
4939 0.774208
4940 0.742449
4941 0.804602
4942 0.829339
4943 0.812529
4944 0.943027
4945 0.761082
4946 0.603481
4947 0.579305
4948 0.594123
4949 0.773655
4950 0.785113
4951 0.62241
4952 0.635164
4953 0.618955
4954 0.772684
4955 0.696122
4956 0.886313
4957 0.565637
4958 0.548528
4959 0.710758
4960 0.585592
4961 0.573371
4962 0.732567
4963 0.899117
4964 0.767111
4965 0.68204
4966 0.788577
4967 0.809996
4968 0.858488
4969 0.840553
4970 0.760077
4971 0.635166
4972 0.890953
4973 0.962068
4974 0.89382
4975 0.796527
4976 0.770736
4977 0.897416
4978 0.865071
4979 0.867104
4980 0.904766
4981 0.734957
4982 0.903577
4983 0.789125
4984 0.71738
4985 0.684136
4986 0.578272
4987 0.850194
4988 0.406801
4989 0.413348
4990 0.823316
4991 0.840931
4992 0.521129
4993 0.590404
4994 0.783165
4995 0.957607
4996 0.613883
4997 0.790789
4998 0.567136
4999 0.539529
5000 0.902065
5001 0.801749
5002 0.703756
5003 0.911567
5004 0.629986
5005 0.767975
5006 0.723896
5007 0.731219
5008 0.641833
5009 0.232383
5010 0.163224
5011 0.821897
5012 0.420329
5013 0.680518
5014 0.578512
5015 0.697652
5016 0.825935
5017 0.540861
5018 0.871741
5019 0.469965
5020 0.803009
5021 0.581704
5022 0.685029
5023 0.338264
5024 0.854192
5025 0.625912
5026 0.661844
5027 0.671444
5028 0.807648
5029 0.888056
5030 0.698526
5031 0.85112
5032 0.829415
5033 0.513632
5034 0.929632
5035 0.753519
5036 0.694948
5037 0.744432
5038 0.708734
5039 0.726083
5040 0.684372
5041 0.833244
5042 0.870903
5043 0.536751
5044 0.703567
5045 0.364289
5046 0.710425
5047 0.472796
5048 0.604841
5049 0.625642
5050 0.832853
5051 0.660762
5052 0.649316
5053 0.887533
5054 0.421626
5055 0.568337
5056 0.693589
5057 0.574651
5058 0.714907
5059 0.828753
5060 0.609479
5061 0.660233
5062 0.802743
5063 0.698261
5064 0.600725
5065 0.667097
5066 0.612507
5067 0.955553
5068 0.875285
5069 0.512996
5070 0.640131
5071 0.75154
5072 0.362927
5073 0.711083
5074 0.842417
5075 0.89602
5076 0.860098
5077 0.830275
5078 0.446627
5079 0.828997
5080 0.705505
5081 0.974325
5082 0.722544
5083 0.561169
5084 0.848027
5085 0.499833
5086 0.622482
5087 0.819497
5088 0.700247
5089 0.736643
5090 0.909759
5091 0.828439
5092 0.693579
5093 0.62682
5094 0.755178
5095 0.593392
5096 0.787309
5097 0.521042
5098 0.79238
5099 0.497072
5100 0.500031
5101 0.747217
5102 0.750253
5103 0.692827
5104 0.609944
5105 0.860814
5106 0.767528
5107 0.675093
5108 0.898791
5109 0.830221
5110 0.668231
5111 0.63439
5112 0.574602
5113 0.685871
5114 0.590365
5115 0.451226
5116 0.723825
5117 0.394384
5118 0.832006
5119 0.510253
5120 0.627271
5121 0.392627
5122 0.79921
5123 0.731265
5124 0.589933
5125 0.693032
5126 0.855419
5127 0.670544
5128 0.740809
5129 0.443739
5130 0.672065
5131 0.337003
5132 0.658645
5133 0.623456
5134 0.914785
5135 0.711641
5136 0.897154
5137 0.765395
5138 0.543503
5139 0.96839
5140 0.849349
5141 0.844796
5142 0.423842
5143 0.595153
5144 0.803097
5145 0.724414
5146 0.695774
5147 0.556748
5148 0.716637
5149 0.270777
5150 0.425708
5151 0.304414
5152 0.547198
5153 0.531585
5154 0.657507
5155 0.575493
5156 0.668179
5157 0.706038
5158 0.718154
5159 0.457134
5160 0.644571
5161 0.783537
5162 0.548987
5163 0.78442
5164 0.646213
5165 0.664982
5166 0.658323
5167 0.688225
5168 0.623445
5169 0.721429
5170 0.69992
5171 0.8584
5172 0.753431
5173 0.618149
5174 0.556181
5175 0.670268
5176 0.586087
5177 0.864007
5178 0.619941
5179 0.611464
5180 0.737371
5181 0.792831
5182 0.504267
5183 0.764186
5184 0.451703
5185 0.438228
5186 0.505112
5187 0.442195
5188 0.626502
5189 0.754126
5190 0.676442
5191 0.785699
5192 0.710982
5193 0.516095
5194 0.937189
5195 0.916105
5196 0.494687
5197 0.525463
5198 0.61779
5199 0.601214
5200 0.608507
5201 0.560336
5202 0.852148
5203 0.68714
5204 0.745055
5205 0.853578
5206 0.890095
5207 0.667391
5208 0.58254
5209 0.468782
5210 0.42141
5211 0.619019
5212 0.916775
5213 0.918551
5214 0.534548
5215 0.363101
5216 0.873954
5217 0.641888
5218 0.328565
5219 0.412175
5220 0.851088
5221 0.660337
5222 0.780438
5223 0.842526
5224 0.890974
5225 0.542467
5226 0.759715
5227 0.788905
5228 0.561533
5229 0.727795
5230 0.699807
5231 0.871919
5232 0.735917
5233 0.615222
5234 0.645346
5235 0.561592
5236 0.505803
5237 0.699229
5238 0.636986
5239 0.50808
5240 0.826313
5241 0.770552
5242 0.0913681
5243 0.921485
5244 0.373227
5245 0.642581
5246 0.759674
5247 0.425968
5248 0.90916
5249 0.400704
5250 0.190722
5251 0.901687
5252 0.52304
5253 0.696894
5254 0.788588
5255 0.447815
5256 0.601712
5257 0.880579
5258 0.784367
5259 0.508074
5260 0.879499
5261 0.722887
5262 0.127987
5263 0.384416
5264 0.889051
5265 0.733541
5266 0.649722
5267 0.648537
5268 0.747748
5269 0.746035
5270 0.614015
5271 0.695171
5272 0.686138
5273 0.585681
5274 0.516409
5275 0.596269
5276 0.706184
5277 0.825257
5278 0.652977
5279 0.52614
5280 0.646157
5281 0.871673
5282 0.868876
5283 0.40112
5284 0.901915
5285 0.693392
5286 0.802541
5287 0.878524
5288 0.801818
5289 0.746535
5290 0.507352
5291 0.853123
5292 0.94343
5293 0.829037
5294 0.766699
5295 0.717894
5296 0.781709
5297 0.767319
5298 0.682652
5299 0.656957
5300 0.753149
5301 0.725984
5302 0.45632
5303 0.560804
5304 0.783085
5305 0.499481
5306 0.440951
5307 0.736771
5308 0.742092
5309 0.68814
5310 0.897567
5311 0.398528
5312 0.977749
5313 0.992867
5314 0.655061
5315 0.773629
5316 0.807777
5317 0.645269
5318 0.907115
5319 0.740877
5320 0.898012
5321 0.566404
5322 0.915626
5323 0.707107
5324 0.612761
5325 0.596832
5326 0.639215
5327 0.798065
5328 0.657987
5329 0.518127
5330 0.494869
5331 0.641876
5332 0.675071
5333 0.442175
5334 0.849386
5335 0.487999
5336 0.594588
5337 0.561238
5338 0.506704
5339 0.523655
5340 0.844937
5341 0.675464
5342 0.713838
5343 0.440515
5344 0.528908
5345 0.564656
5346 0.514285
5347 0.469322
5348 0.575698
5349 0.820047
5350 0.717508
5351 0.682588
5352 0.551234
5353 0.811778
5354 0.544814
5355 0.561685
5356 0.546365
5357 0.760003
5358 0.750948
5359 0.869351
5360 0.642233
5361 0.766206
5362 0.81204
5363 0.65428
5364 0.645891
5365 0.704347
5366 0.909806
5367 0.636701
5368 0.595408
5369 0.641468
5370 0.620122
5371 0.592055
5372 0.725558
5373 0.813234
5374 0.841867
5375 0.607142
5376 0.616323
5377 0.409452
5378 0.405973
5379 0.490177
5380 0.565567
5381 0.565396
5382 0.544318
5383 0.539195
5384 0.887473
5385 0.486466
5386 0.709436
5387 0.655283
5388 0.581668
5389 0.546151
5390 0.639007
5391 0.643359
5392 0.630022
5393 0.607714
5394 0.796691
5395 0.731046
5396 0.537547
5397 0.749154
5398 0.380445
5399 0.838098
5400 0.683983
5401 0.817212
5402 0.707581
5403 0.626492
5404 0.698732
5405 0.627602
5406 0.632874
5407 0.717788
5408 0.645021
5409 0.607461
5410 0.539743
5411 0.681566
5412 0.560512
5413 0.810187
5414 0.649593
5415 0.678892
5416 0.737467
5417 0.586221
5418 0.561595
5419 0.698066
5420 0.574651
5421 0.704149
5422 0.789327
5423 0.460755
5424 0.604868
5425 0.748366
5426 0.828656
5427 0.806772
5428 0.555249
5429 0.799653
5430 0.826984
5431 0.715482
5432 0.633915
5433 0.598193
5434 0.635275
5435 0.688559
5436 0.866339
5437 0.846199
5438 0.425649
5439 0.486699
5440 0.537122
5441 0.708547
5442 0.744976
5443 0.460555
5444 0.411003
5445 0.519204
5446 0.578342
5447 0.423435
5448 0.880619
5449 0.7058
5450 0.539804
5451 0.814009
5452 0.650404
5453 0.752906
5454 0.703594
5455 0.965515
5456 0.662511
5457 0.661119
5458 0.660355
5459 0.562974
5460 0.658626
5461 0.619914
5462 0.326609
5463 0.390633
5464 0.707201
5465 0.606565
5466 0.545002
5467 0.630997
5468 0.485217
5469 0.651859
5470 0.445054
5471 0.848947
5472 0.725402
5473 0.664121
5474 0.560188
5475 0.748409
5476 0.852619
5477 0.543829
5478 0.73387
5479 0.857352
5480 0.766768
5481 0.747934
5482 0.541138
5483 0.731554
5484 0.756298
5485 0.927878
5486 0.698513
5487 0.731578
5488 0.673786
5489 0.825295
5490 0.886072
5491 0.830041
5492 0.778069
5493 0.661329
5494 0.8325
5495 0.335995
5496 0.458913
5497 0.565578
5498 0.5323
5499 0.686647
5500 0.66685
5501 0.664571
5502 0.73188
5503 0.687105
5504 0.802473
5505 0.620244
5506 0.594933
5507 0.6564
5508 0.956558
5509 0.770187
5510 0.95353
5511 0.788136
5512 0.895063
5513 0.794865
5514 0.513566
5515 0.809656
5516 0.75724
5517 0.508945
5518 0.747379
5519 0.960908
5520 0.535925
5521 0.758971
5522 0.5712
5523 0.780462
5524 0.686225
5525 0.373739
5526 0.778554
5527 0.849191
5528 0.779153
5529 0.730909
5530 0.429627
5531 0.831345
5532 0.535972
5533 0.691304
5534 0.57735
5535 0.804389
5536 0.696
5537 0.93892
5538 0.765946
5539 0.855148
5540 0.784601
5541 0.937432
5542 0.83296
5543 0.91884
5544 0.604156
5545 0.730148
5546 0.692883
5547 0.696572
5548 0.288759
5549 0.892746
5550 0.567648
5551 0.469138
5552 0.813483
5553 0.820774
5554 0.555563
5555 0.591884
5556 0.387118
5557 0.730518
5558 0.675844
5559 0.577304
5560 0.429582
5561 0.542444
5562 0.78462
5563 0.832062
5564 0.714787
5565 0.72112
5566 0.87206
5567 0.574992
5568 0.947393
5569 0.971515
5570 0.831037
5571 0.938998
5572 0.771257
5573 0.802002
5574 0.928095
5575 0.628685
5576 0.73713
5577 0.800356
5578 0.811171
5579 0.741385
5580 0.684782
5581 0.770999
5582 0.62433
5583 0.794075
5584 0.641099
5585 0.768426
5586 0.827153
5587 0.709992
5588 0.725519
5589 0.930731
5590 0.77874
5591 0.934329
5592 0.622355
5593 0.988485
5594 0.789436
5595 0.677497
5596 0.708556
5597 0.829985
5598 0.574074
5599 0.715455
5600 0.784815
5601 0.822187
5602 0.752364
5603 0.69093
5604 0.942948
5605 0.766274
5606 0.782909
5607 0.623903
5608 0.627038
5609 0.796001
5610 0.676041
5611 0.541105
5612 0.827478
5613 0.774295
5614 0.768125
5615 0.78289
5616 0.964486
5617 0.789922
5618 0.929256
5619 0.636663
5620 0.632327
5621 0.918806
5622 0.543028
5623 0.641941
5624 0.573583
5625 0.676626
5626 0.52779
5627 0.851116
5628 0.796774
5629 0.770663
5630 0.776279
5631 0.886144
5632 0.71159
5633 0.812578
5634 0.807416
5635 0.572573
5636 0.900938
5637 0.834796
5638 0.884645
5639 0.833869
5640 0.745225
5641 0.679323
5642 0.824827
5643 0.865598
5644 0.937591
5645 0.672699
5646 0.77805
5647 0.845854
5648 0.683843
5649 0.61803
5650 0.898082
5651 0.578451
5652 0.875702
5653 0.516908
5654 0.557085
5655 0.760681
5656 0.954352
5657 0.749183
5658 0.714884
5659 0.933304
5660 0.884367
5661 0.643546
5662 0.844468
5663 0.687968
5664 0.555395
5665 0.74193
5666 0.452211
5667 0.720516
5668 0.525993
5669 0.556049
5670 0.346438
5671 0.868684
5672 0.965706
5673 0.882366
5674 0.934668
5675 0.739031
5676 0.927389
5677 0.922191
5678 0.736153
5679 0.950506
5680 0.724945
5681 0.742592
5682 0.63034
5683 0.891738
5684 0.806181
5685 0.643761
5686 0.594931
5687 0.848396
5688 0.730449
5689 0.669233
5690 0.560649
5691 0.475046
5692 0.695818
5693 0.735113
5694 0.766834
5695 0.711362
5696 0.778638
5697 0.792624
5698 0.94364
5699 0.716725
5700 0.897932
5701 0.639475
5702 0.856928
5703 0.81368
5704 0.83862
5705 0.948439
5706 0.863991
5707 0.75035
5708 0.639024
5709 0.547548
5710 0.825131
5711 0.528033
5712 0.697481
5713 0.875505
5714 0.562875
5715 0.700494
5716 0.57462
5717 0.745494
5718 0.803
5719 0.764197
5720 0.681245
5721 0.77566
5722 0.427987
5723 0.37287
5724 0.645993
5725 0.517673
5726 0.798365
5727 0.838452
5728 0.84751
5729 0.738989
5730 0.727153
5731 0.794331
5732 0.69894
5733 0.611324
5734 0.508028
5735 0.70912
5736 0.657924
5737 0.90424
5738 0.787123
5739 0.946943
5740 0.896079
5741 0.545762
5742 0.894433
5743 0.955744
5744 0.500081
5745 0.620318
5746 0.755808
5747 0.819739
5748 0.92123
5749 0.671504
5750 0.84262
5751 0.895408
5752 0.98033
5753 0.777865
5754 0.819518
5755 0.804574
5756 0.6665
5757 0.681363
5758 0.778258
5759 0.927256
5760 0.670751
5761 0.660858
5762 0.651959
5763 0.650878
5764 0.812375
5765 0.759742
5766 0.67868
5767 0.736511
5768 0.718623
5769 0.801522
5770 0.734455
5771 0.805506
5772 0.75671
5773 0.953224
5774 0.815924
5775 0.677688
5776 0.559245
5777 0.529608
5778 0.753994
5779 0.877461
5780 0.753056
5781 0.658309
5782 0.778677
5783 0.718444
5784 0.809156
5785 0.839184
5786 0.663018
5787 0.799503
5788 0.776889
5789 0.916729
5790 0.845125
5791 0.714668
5792 0.878838
5793 0.658976
5794 0.956651
5795 0.766716
5796 0.729163
5797 0.393341
5798 0.870613
5799 0.922818
5800 0.914155
5801 0.464667
5802 0.50377
5803 0.202515
5804 0.522299
5805 0.668754
5806 0.780118
5807 0.819562
5808 0.81801
5809 0.298573
5810 0.916387
5811 0.585552
5812 0.414335
5813 0.56609
5814 0.584015
5815 0.857799
5816 0.584376
5817 0.773704
5818 0.688943
5819 0.740331
5820 0.661055
5821 0.912942
5822 0.467117
5823 0.668382
5824 0.880295
5825 0.94546
5826 0.738949
5827 0.862978
5828 0.793992
5829 0.744473
5830 0.656912
5831 0.775076
5832 0.684636
5833 0.885212
5834 0.7345
5835 0.391946
5836 0.688722
5837 0.754061
5838 0.956037
5839 0.654617
5840 0.654529
5841 0.497861
5842 0.728248
5843 0.609315
5844 0.932644
5845 0.779038
5846 0.689634
5847 0.582574
5848 0.460536
5849 0.57342
5850 0.791
5851 0.797058
5852 0.648299
5853 0.58653
5854 0.305011
5855 0.747072
5856 0.939094
5857 0.723421
5858 0.723255
5859 0.738239
5860 0.350144
5861 0.89787
5862 0.789279
5863 0.815617
5864 0.952314
5865 0.880403
5866 0.77337
5867 0.936191
5868 0.855231
5869 0.782635
5870 0.809307
5871 0.938538
5872 0.722512
5873 0.64318
5874 0.761868
5875 0.961327
5876 0.828212
5877 0.595204
5878 0.634219
5879 0.750146
5880 0.730002
5881 0.763164
5882 0.839458
5883 0.745419
5884 0.522764
5885 0.499443
5886 0.598235
5887 0.553751
5888 0.876472
5889 0.697118
5890 0.872055
5891 0.848338
5892 0.783804
5893 0.529451
5894 0.627617
5895 0.491564
5896 0.53516
5897 0.595926
5898 0.627884
5899 0.716303
5900 0.65851
5901 0.720139
5902 0.665395
5903 0.544455
5904 0.572785
5905 0.824459
5906 0.831789
5907 0.726049
5908 0.706854
5909 0.731791
5910 0.445367
5911 0.543411
5912 0.93986
5913 0.583805
5914 0.799022
5915 0.811855
5916 0.714831
5917 0.798537
5918 0.704321
5919 0.586388
5920 0.762629
5921 0.624302
5922 0.712596
5923 0.749572
5924 0.83471
5925 0.640782
5926 0.782423
5927 0.469153
5928 0.511296
5929 0.700122
5930 0.652794
5931 0.759424
5932 0.650093
5933 0.782729
5934 0.836803
5935 0.544688
5936 0.532768
5937 0.858238
5938 0.78038
5939 0.539027
5940 0.660453
5941 0.882744
5942 0.68574
5943 0.726997
5944 0.765576
5945 0.896182
5946 0.6541
5947 0.64214
5948 0.797002
5949 0.655962
5950 0.978672
5951 0.957549
5952 0.950192
5953 0.939611
5954 0.911947
5955 0.598065
5956 0.94557
5957 0.599952
5958 0.813968
5959 0.6245
5960 0.88112
5961 0.455699
5962 0.738195
5963 0.703678
5964 0.517637
5965 0.586164
5966 0.457123
5967 0.5367
5968 0.720977
5969 0.928543
5970 0.62772
5971 0.800685
5972 0.92007
5973 0.542995
5974 0.543388
5975 0.269214
5976 0.838652
5977 0.826175
5978 0.760734
5979 0.688777
5980 0.865306
5981 0.690893
5982 0.666996
5983 0.47849
5984 0.594937
5985 0.811945
5986 0.633954
5987 0.670624
5988 0.377118
5989 0.720953
5990 0.497023
5991 0.6614
5992 0.528856
5993 0.804698
5994 0.602634
5995 0.549566
5996 0.568393
5997 0.537553
5998 0.772967
5999 0.910652
6000 0.820354
6001 0.573314
6002 0.757084
6003 0.723144
6004 0.847311
6005 0.761576
6006 0.74179
6007 0.658333
6008 0.549507
6009 0.797836
6010 0.729826
6011 0.794859
6012 0.719106
6013 0.677282
6014 0.791172
6015 0.871314
6016 0.927965
6017 0.839195
6018 0.680998
6019 0.834148
6020 0.658167
6021 0.732387
6022 0.603583
6023 0.684202
6024 0.956308
6025 0.561428
6026 0.377603
6027 0.55689
6028 0.797147
6029 0.64623
6030 0.528792
6031 0.551746
6032 0.637458
6033 0.777075
6034 0.671052
6035 0.722261
6036 0.80641
6037 0.654941
6038 0.551746
6039 0.608992
6040 0.668661
6041 0.740374
6042 0.67837
6043 0.388503
6044 0.869656
6045 0.7985
6046 0.725119
6047 0.567243
6048 0.825059
6049 0.804485
6050 0.60085
6051 0.358945
6052 0.68455
6053 0.576142
6054 0.891889
6055 0.581927
6056 0.62589
6057 0.602643
6058 0.929642
6059 0.800423
6060 0.791271
6061 0.764118
6062 0.566323
6063 0.823303
6064 0.350125
6065 0.705911
6066 0.704056
6067 0.594055
6068 0.794353
6069 0.457866
6070 0.799416
6071 0.922085
6072 0.759896
6073 0.882633
6074 0.488553
6075 0.583021
6076 0.646874
6077 0.512432
6078 0.723463
6079 0.717797
6080 0.670339
6081 0.64867
6082 0.589608
6083 0.804711
6084 0.721671
6085 0.555266
6086 0.61511
6087 0.530396
6088 0.780395
6089 0.775372
6090 0.86481
6091 0.494739
6092 0.699233
6093 0.786813
6094 0.433789
6095 0.49329
6096 0.851422
6097 0.839162
6098 0.580149
6099 0.72027
6100 0.530535
6101 0.516046
6102 0.576043
6103 0.811869
6104 0.604474
6105 0.654685
6106 0.53686
6107 0.558298
6108 0.648713
6109 0.539722
6110 0.652063
6111 0.895806
6112 0.796167
6113 0.853536
6114 0.699962
6115 0.721264
6116 0.697172
6117 0.782805
6118 0.695138
6119 0.791144
6120 0.668499
6121 0.876495
6122 0.67569
6123 0.787271
6124 0.861112
6125 0.637449
6126 0.923837
6127 0.886644
6128 0.443721
6129 0.404753
6130 0.429252
6131 0.793967
6132 0.68536
6133 0.713536
6134 0.564802
6135 0.601547
6136 0.790178
6137 0.910214
6138 0.632696
6139 0.576617
6140 0.744785
6141 0.66224
6142 0.801423
6143 0.803226
6144 0.668778
6145 0.914323
6146 0.80731
6147 0.690267
6148 0.692042
6149 0.783348
6150 0.481339
6151 0.75769
6152 0.683549
6153 0.887236
6154 0.741171
6155 0.693215
6156 0.7702
6157 0.581968
6158 0.70673
6159 0.745008
6160 0.577588
6161 0.760468
6162 0.624607
6163 0.531238
6164 0.653319
6165 0.65564
6166 0.637127
6167 0.716796
6168 0.952134
6169 0.6382
6170 0.528155
6171 0.724222
6172 0.701275
6173 0.497755
6174 0.675861
6175 0.404538
6176 0.627343
6177 0.621038
6178 0.813246
6179 0.669526
6180 0.619284
6181 0.48646
6182 0.566191
6183 0.604101
6184 0.80201
6185 0.698575
6186 0.575914
6187 0.800912
6188 0.871244
6189 0.725542
6190 0.859689
6191 0.708159
6192 0.728275
6193 0.755526
6194 0.717953
6195 0.334164
6196 0.525362
6197 0.853973
6198 0.723943
6199 0.929989
6200 0.714832
6201 0.678672
6202 0.895091
6203 0.60509
6204 0.693031
6205 0.808825
6206 0.832676
6207 0.830297
6208 0.945356
6209 0.854497
6210 0.817251
6211 0.900462
6212 0.469715
6213 0.613342
6214 0.757113
6215 0.900692
6216 0.758729
6217 0.747411
6218 0.640079
6219 0.924739
6220 0.968941
6221 0.821436
6222 0.807124
6223 0.806392
6224 0.79757
6225 0.780333
6226 0.767933
6227 0.580825
6228 0.6928
6229 0.686422
6230 0.73472
6231 0.693062
6232 0.849607
6233 0.890201
6234 0.844752
6235 0.797901
6236 0.549458
6237 0.637936
6238 0.784536
6239 0.717701
6240 0.85048
6241 0.550943
6242 0.674417
6243 0.714311
6244 0.851515
6245 0.670205
6246 0.47979
6247 0.662377
6248 0.720783
6249 0.815328
6250 0.788438
6251 0.650848
6252 0.639826
6253 0.659313
6254 0.90579
6255 0.85822
6256 0.871689
6257 0.51079
6258 0.701848
6259 0.778522
6260 0.888737
6261 0.769476
6262 0.702932
6263 0.611696
6264 0.838636
6265 0.818903
6266 0.882403
6267 0.839983
6268 0.54453
6269 0.513858
6270 0.793939
6271 0.417112
6272 0.695749
6273 0.730735
6274 0.736667
6275 0.893718
6276 0.946697
6277 0.956209
6278 0.673347
6279 0.667927
6280 0.677107
6281 0.721903
6282 0.693776
6283 0.907156
6284 0.804087
6285 0.605273
6286 0.820961
6287 0.787526
6288 0.77668
6289 0.934292
6290 0.729791
6291 0.731501
6292 0.893489
6293 0.872654
6294 0.805634
6295 0.994349
6296 0.641337
6297 0.912467
6298 0.890499
6299 0.685812
6300 0.82626
6301 0.784679
6302 0.798924
6303 0.458427
6304 0.760989
6305 0.82295
6306 0.893772
6307 0.485622
6308 0.684268
6309 0.6644
6310 0.685112
6311 0.773767
6312 0.748057
6313 0.812569
6314 0.871804
6315 0.798467
6316 0.839148
6317 0.808211
6318 0.755912
6319 0.78312
6320 0.72182
6321 0.752283
6322 0.811315
6323 0.851442
6324 0.676569
6325 0.735014
6326 0.706369
6327 0.609705
6328 0.943755
6329 0.581642
6330 0.670167
6331 0.743746
6332 0.893313
6333 0.896374
6334 0.80158
6335 0.834632
6336 0.847571
6337 0.585801
6338 0.585434
6339 0.817431
6340 0.745365
6341 0.806153
6342 0.687788
6343 0.75152
6344 0.553967
6345 0.596222
6346 0.639323
6347 0.349975
6348 0.525201
6349 0.569984
6350 0.784707
6351 0.564385
6352 0.522281
6353 0.618502
6354 0.781511
6355 0.815235
6356 0.83246
6357 0.840866
6358 0.502143
6359 0.892908
6360 0.936808
6361 0.60817
6362 0.721788
6363 0.566194
6364 0.794516
6365 0.85023
6366 0.530762
6367 0.733483
6368 0.525825
6369 0.674935
6370 0.55358
6371 0.602838
6372 0.629837
6373 0.525304
6374 0.542615
6375 0.337051
6376 0.827485
6377 0.340772
6378 0.609674
6379 0.480602
6380 0.664744
6381 0.759543
6382 0.418175
6383 0.542217
6384 0.249093
6385 0.499212
6386 0.44404
6387 0.617064
6388 0.838387
6389 0.43569
6390 0.49199
6391 0.73434
6392 0.45387
6393 0.491053
6394 0.662679
6395 0.418632
6396 0.602641
6397 0.779735
6398 0.686352
6399 0.524507
6400 0.81628
6401 0.485327
6402 0.745613
6403 0.380845
6404 0.80136
6405 0.63838
6406 0.696174
6407 0.351958
6408 0.567265
6409 0.746963
6410 0.182375
6411 0.731759
6412 0.639291
6413 0.561765
6414 0.683044
6415 0.797911
6416 0.910398
6417 0.510301
6418 0.595768
6419 0.723448
6420 0.697154
6421 0.55657
6422 0.589971
6423 0.492686
6424 0.485342
6425 0.691997
6426 0.68797
6427 0.836052
6428 0.702591
6429 0.81517
6430 0.724909
6431 0.764968
6432 0.496321
6433 0.597272
6434 0.682284
6435 0.774267
6436 0.793111
6437 0.829406
6438 0.66644
6439 0.71886
6440 0.73237
6441 0.491252
6442 0.613821
6443 0.762657
6444 0.47922
6445 0.699004
6446 0.690818
6447 0.70367
6448 0.894409
6449 0.768594
6450 0.965842
6451 0.814311
6452 0.68818
6453 0.738707
6454 0.846776
6455 0.87953
6456 0.822672
6457 0.658502
6458 0.849743
6459 0.592624
6460 0.873098
6461 0.694235
6462 0.673437
6463 0.530748
6464 0.811157
6465 0.765433
6466 0.810903
6467 0.517491
6468 0.669526
6469 0.791103
6470 0.762902
6471 0.758596
6472 0.645847
6473 0.685056
6474 0.430223
6475 0.42271
6476 0.478352
6477 0.690017
6478 0.371344
6479 0.56836
6480 0.361546
6481 0.349665
6482 0.838037
6483 0.706876
6484 0.615535
6485 0.617254
6486 0.619192
6487 0.618685
6488 0.715663
6489 0.811805
6490 0.531337
6491 0.878255
6492 0.831885
6493 0.733905
6494 0.82609
6495 0.515187
6496 0.869415
6497 0.678049
6498 0.666593
6499 0.763177
6500 0.771754
6501 0.800391
6502 0.746698
6503 0.676658
6504 0.559782
6505 0.66011
6506 0.542991
6507 0.846794
6508 0.620622
6509 0.368583
6510 0.735931
6511 0.519395
6512 0.520151
6513 0.691703
6514 0.515595
6515 0.818768
6516 0.579619
6517 0.869507
6518 0.701945
6519 0.836155
6520 0.391035
6521 0.845121
6522 0.592376
6523 0.570864
6524 0.517887
6525 0.716698
6526 0.397712
6527 0.0675305
6528 0.454962
6529 0.321554
6530 0.931293
6531 0.87915
6532 0.904479
6533 0.740575
6534 0.913497
6535 0.457258
6536 0.850542
6537 0.836501
6538 0.650763
6539 0.856339
6540 0.529461
6541 0.803627
6542 0.703145
6543 0.781314
6544 0.782172
6545 0.540852
6546 0.719677
6547 0.64924
6548 0.393426
6549 0.574547
6550 0.36888
6551 0.762715
6552 0.634071
6553 0.924173
6554 0.847437
6555 0.581166
6556 0.488186
6557 0.611141
6558 0.799257
6559 0.661177
6560 0.619522
6561 0.865735
6562 0.564875
6563 0.899382
6564 0.809337
6565 0.551356
6566 0.669238
6567 0.760273
6568 0.584723
6569 0.699075
6570 0.677613
6571 0.826841
6572 0.665992
6573 0.845395
6574 0.486994
6575 0.598135
6576 0.787489
6577 0.550004
6578 0.734674
6579 0.726212
6580 0.637128
6581 0.747127
6582 0.540301
6583 0.296453
6584 0.857019
6585 0.906302
6586 0.729513
6587 0.971988
6588 0.673086
6589 0.732966
6590 0.341336
6591 0.529408
6592 0.563753
6593 0.759812
6594 0.78034
6595 0.474514
6596 0.461414
6597 0.688089
6598 0.743962
6599 0.62209
6600 0.769143
6601 0.486586
6602 0.595005
6603 0.505162
6604 0.395783
6605 0.63961
6606 0.633195
6607 0.725903
6608 0.679454
6609 0.569642
6610 0.659537
6611 0.837362
6612 0.748923
6613 0.737814
6614 0.935066
6615 0.76188
6616 0.797006
6617 0.490764
6618 0.780815
6619 0.478985
6620 0.84807
6621 0.989306
6622 0.905993
6623 0.718903
6624 0.601807
6625 0.660903
6626 0.837543
6627 0.584403
6628 0.797065
6629 0.930616
6630 0.650923
6631 0.722656
6632 0.811348
6633 0.772809
6634 0.517485
6635 0.783962
6636 0.718473
6637 0.849484
6638 0.800405
6639 0.707793
6640 0.591579
6641 0.611948
6642 0.569947
6643 0.596813
6644 0.769718
6645 0.662997
6646 0.642166
6647 0.911699
6648 0.754481
6649 0.606432
6650 0.5302
6651 0.479546
6652 0.798147
6653 0.867144
6654 0.348281
6655 0.783504
6656 0.563739
6657 0.79946
6658 0.440312
6659 0.726601
6660 0.483094
6661 0.8197
6662 0.589127
6663 0.861321
6664 0.746714
6665 0.683429
6666 0.515602
6667 0.705578
6668 0.6041
6669 0.657747
6670 0.96177
6671 0.780797
6672 0.798181
6673 0.83779
6674 0.602239
6675 0.785437
6676 0.643189
6677 0.591303
6678 0.657318
6679 0.887654
6680 0.786675
6681 0.738456
6682 0.856682
6683 0.902749
6684 0.753237
6685 0.829661
6686 0.966469
6687 0.819548
6688 0.78918
6689 0.39951
6690 0.632259
6691 0.786876
6692 0.703734
6693 0.6955
6694 0.590701
6695 0.46099
6696 0.802994
6697 0.700905
6698 0.622627
6699 0.740037
6700 0.550557
6701 0.714507
6702 0.849158
6703 0.626036
6704 0.731438
6705 0.928893
6706 0.953972
6707 0.446463
6708 0.941709
6709 0.702575
6710 0.454368
6711 0.0253956
6712 0.793667
6713 0.702134
6714 0.86211
6715 0.953622
6716 0.825073
6717 0.678482
6718 0.673273
6719 0.867045
6720 0.925538
6721 0.577086
6722 0.662453
6723 0.785081
6724 0.602918
6725 0.793267
6726 0.915959
6727 0.728973
6728 0.665605
6729 0.812005
6730 0.841359
6731 0.632477
6732 0.700512
6733 0.735003
6734 0.654839
6735 0.720404
6736 0.602038
6737 0.964947
6738 0.795449
6739 0.724298
6740 0.601412
6741 0.954918
6742 0.524903
6743 0.900012
6744 0.408547
6745 0.555072
6746 0.459428
6747 0.502069
6748 0.567955
6749 0.844226
6750 0.946515
6751 0.822795
6752 0.867497
6753 0.948378
6754 0.828067
6755 0.721212
6756 0.783407
6757 0.738645
6758 0.719348
6759 0.783515
6760 0.403889
6761 0.828371
6762 0.454264
6763 0.868208
6764 0.69176
6765 0.683939
6766 0.347319
6767 0.330904
6768 0.883036
6769 0.870312
6770 0.745794
6771 0.796883
6772 0.878075
6773 0.783895
6774 0.832976
6775 0.885703
6776 0.837231
6777 0.834054
6778 0.725705
6779 0.856334
6780 0.806205
6781 0.79038
6782 0.692569
6783 0.461983
6784 0.762502
6785 0.761758
6786 0.739413
6787 0.718983
6788 0.633494
6789 0.898173
6790 0.799901
6791 0.446394
6792 0.859006
6793 0.845712
6794 0.652716
6795 0.598962
6796 0.457539
6797 0.575499
6798 0.713521
6799 0.661532
6800 0.924829
6801 0.746943
6802 0.846768
6803 0.969808
6804 0.734243
6805 0.782491
6806 0.593481
6807 0.890966
6808 0.72963
6809 0.693246
6810 0.563827
6811 0.92152
6812 0.911759
6813 0.686532
6814 0.984094
6815 0.922773
6816 0.909377
6817 0.581608
6818 0.872701
6819 0.90008
6820 0.515008
6821 0.765289
6822 0.817216
6823 0.709468
6824 0.860385
6825 0.632689
6826 0.866468
6827 0.569295
6828 0.905539
6829 0.507186
6830 0.495454
6831 0.88737
6832 0.777643
6833 0.464285
6834 0.695505
6835 0.959796
6836 0.553784
6837 0.846513
6838 0.600643
6839 0.648489
6840 0.754967
6841 0.243083
6842 0.753487
6843 0.874155
6844 0.787488
6845 0.810953
6846 0.872194
6847 0.833138
6848 0.447228
6849 0.556829
6850 0.735172
6851 0.796242
6852 0.702787
6853 0.802962
6854 0.812241
6855 0.792794
6856 0.686672
6857 0.682307
6858 0.779352
6859 0.674731
6860 0.374936
6861 0.656895
6862 0.738727
6863 0.791491
6864 0.759288
6865 0.800347
6866 0.646896
6867 0.57893
6868 0.786296
6869 0.442135
6870 0.764155
6871 0.636964
6872 0.435782
6873 0.694731
6874 0.751861
6875 0.863676
6876 0.602344
6877 0.769379
6878 0.805817
6879 0.675158
6880 0.76131
6881 0.363201
6882 0.664076
6883 0.354188
6884 0.964953
6885 0.5151
6886 0.849176
6887 0.691616
6888 0.545494
6889 0.653561
6890 0.632086
6891 0.765554
6892 0.707753
6893 0.7866
6894 0.773659
6895 0.703508
6896 0.670925
6897 0.608875
6898 0.880221
6899 0.839646
6900 0.686487
6901 0.659794
6902 0.8948
6903 0.853276
6904 0.898222
6905 0.735713
6906 0.64485
6907 0.757238
6908 0.872856
6909 0.560566
6910 0.85822
6911 0.806197
6912 0.762696
6913 0.841849
6914 0.830186
6915 0.881856
6916 0.693937
6917 0.802542
6918 0.71043
6919 0.738653
6920 0.775179
6921 0.803077
6922 0.789529
6923 0.692552
6924 0.735291
6925 0.64042
6926 0.81994
6927 0.74162
6928 0.722663
6929 0.713633
6930 0.755631
6931 0.754063
6932 0.863263
6933 0.852634
6934 0.828945
6935 0.854077
6936 0.816408
6937 0.819476
6938 0.908763
6939 0.689699
6940 0.873852
6941 0.772128
6942 0.94832
6943 0.864569
6944 0.871688
6945 0.865211
6946 0.798592
6947 0.911189
6948 0.786849
6949 0.850544
6950 0.741129
6951 0.839722
6952 0.759144
6953 0.931043
6954 0.369037
6955 0.860611
6956 0.787151
6957 0.848625
6958 0.836218
6959 0.966144
6960 0.909951
6961 0.891525
6962 0.807035
6963 0.898984
6964 0.623157
6965 0.515069
6966 0.761239
6967 0.690512
6968 0.807482
6969 0.827344
6970 0.742099
6971 0.558197
6972 0.902116
6973 0.826109
6974 0.68568
6975 0.844386
6976 0.437759
6977 0.877351
6978 0.708158
6979 0.705298
6980 0.763491
6981 0.768576
6982 0.861519
6983 0.45478
6984 0.527131
6985 0.857999
6986 0.843577
6987 0.608113
6988 0.916894
6989 0.97776
6990 0.951738
6991 0.768026
6992 0.827282
6993 0.81347
6994 0.705273
6995 0.718493
6996 0.628529
6997 0.967393
6998 0.545097
6999 0.842488
7000 0.7108
7001 0.793949
7002 0.666708
7003 0.584611
7004 0.419473
7005 0.684611
7006 0.585371
7007 0.925813
7008 0.923999
7009 0.53118
7010 0.780828
7011 0.832827
7012 0.867147
7013 0.817993
7014 0.798278
7015 0.683644
7016 0.879399
7017 0.238897
7018 0.749913
7019 0.375147
7020 0.915375
7021 0.378684
7022 0.707522
7023 0.826481
7024 0.385301
7025 0.869881
7026 0.824778
7027 0.336893
7028 0.844939
7029 0.8104
7030 0.873593
7031 0.843833
7032 0.754541
7033 0.799705
7034 0.605266
7035 0.793676
7036 0.914823
7037 0.901584
7038 0.481885
7039 0.869976
7040 0.821293
7041 0.556012
7042 0.636921
7043 0.764713
7044 0.917578
7045 0.653124
7046 0.709985
7047 0.557252
7048 0.582441
7049 0.690789
7050 0.655371
7051 0.933984
7052 0.94619
7053 0.584902
7054 0.579623
7055 0.607116
7056 0.651705
7057 0.60435
7058 0.89745
7059 0.637893
7060 0.77698
7061 0.751764
7062 0.795371
7063 0.71457
7064 0.629546
7065 0.809935
7066 0.610397
7067 0.668617
7068 0.73559
7069 0.613918
7070 0.615021
7071 0.588469
7072 0.631824
7073 0.784026
7074 0.484862
7075 0.590087
7076 0.824736
7077 0.409017
7078 0.781758
7079 0.845376
7080 0.809237
7081 0.872633
7082 0.715426
7083 0.707328
7084 0.899568
7085 0.825519
7086 0.750711
7087 0.664762
7088 0.775261
7089 0.700833
7090 0.574228
7091 0.653615
7092 0.847031
7093 0.762295
7094 0.908402
7095 0.637935
7096 0.726562
7097 0.80312
7098 0.718878
7099 0.847737
7100 0.840989
7101 0.927089
7102 0.777369
7103 0.985963
7104 0.614
7105 0.569431
7106 0.682166
7107 0.711013
7108 0.712368
7109 0.789901
7110 0.795854
7111 0.832341
7112 0.733223
7113 0.667675
7114 0.791026
7115 0.759942
7116 0.710039
7117 0.836784
7118 0.855154
7119 0.766541
7120 0.223301
7121 0.523884
7122 0.796914
7123 0.631348
7124 0.63656
7125 0.541764
7126 0.550801
7127 0.728469
7128 0.418659
7129 0.612409
7130 0.548429
7131 0.829414
7132 0.508569
7133 0.6885
7134 0.866694
7135 0.840343
7136 0.387643
7137 0.486445
7138 0.551399
7139 0.545997
7140 0.6932
7141 0.781208
7142 0.475902
7143 0.59959
7144 0.818837
7145 0.615439
7146 0.733593
7147 0.432956
7148 0.597287
7149 0.813751
7150 0.620441
7151 0.68246
7152 0.528912
7153 0.516287
7154 0.666998
7155 0.726512
7156 0.866694
7157 0.696504
7158 0.719171
7159 0.699215
7160 0.675033
7161 0.68753
7162 0.365857
7163 0.817952
7164 0.779275
7165 0.810808
7166 0.651935
7167 0.256489
7168 0.627409
7169 0.615314
7170 0.55014
7171 0.80682
7172 0.719497
7173 0.800112
7174 0.61212
7175 0.723735
7176 0.857962
7177 0.871381
7178 0.787635
7179 0.762871
7180 0.672178
7181 0.749977
7182 0.832081
7183 0.939186
7184 0.321128
7185 0.455722
7186 0.469574
7187 0.793844
7188 0.742775
7189 0.583421
7190 0.645779
7191 0.918923
7192 0.592378
7193 0.933308
7194 0.386874
7195 0.608955
7196 0.904246
7197 0.660885
7198 0.643093
7199 0.828744
7200 0.666534
7201 0.834658
7202 0.666019
7203 0.907193
7204 0.529083
7205 0.548561
7206 0.663673
7207 0.414224
7208 0.378388
7209 0.520725
7210 0.439482
7211 0.590773
7212 0.832051
7213 0.603421
7214 0.627165
7215 0.625814
7216 0.780029
7217 0.802571
7218 0.718166
7219 0.61462
7220 0.696819
7221 0.870914
7222 0.598089
7223 0.732405
7224 0.718778
7225 0.575143
7226 0.533772
7227 0.651518
7228 0.609393
7229 0.769413
7230 0.283653
7231 0.282642
7232 0.55467
7233 0.659205
7234 0.462861
7235 0.511941
7236 0.639619
7237 0.794832
7238 0.709506
7239 0.627978
7240 0.675395
7241 0.729118
7242 0.518153
7243 0.532312
7244 0.522456
7245 0.920273
7246 0.541562
7247 0.603957
7248 0.639198
7249 0.584713
7250 0.690972
7251 0.638173
7252 0.778753
7253 0.762368
7254 0.825872
7255 0.968353
7256 0.887227
7257 0.959665
7258 0.731944
7259 0.81379
7260 0.84168
7261 0.69045
7262 0.576764
7263 0.914156
7264 0.682617
7265 0.706039
7266 0.630097
7267 0.743085
7268 0.556958
7269 0.639001
7270 0.771088
7271 0.719165
7272 0.813257
7273 0.77144
7274 0.685201
7275 0.806759
7276 0.811282
7277 0.677273
7278 0.63717
7279 0.468793
7280 0.679562
7281 0.761708
7282 0.909355
7283 0.66997
7284 0.381068
7285 0.872175
7286 0.549304
7287 0.849405
7288 0.402557
7289 0.463471
7290 0.48303
7291 0.928725
7292 0.842001
7293 0.677493
7294 0.676616
7295 0.667444
7296 0.777924
7297 0.661291
7298 0.703065
7299 0.84663
7300 0.746542
7301 0.664334
7302 0.63347
7303 0.63264
7304 0.417247
7305 0.486026
7306 0.54534
7307 0.479213
7308 0.571684
7309 0.666527
7310 0.666079
7311 0.669651
7312 0.691831
7313 0.947762
7314 0.867903
7315 0.923882
7316 0.488811
7317 0.47574
7318 0.762379
7319 0.941588
7320 0.614613
7321 0.743157
7322 0.846577
7323 0.661174
7324 0.426865
7325 0.694771
7326 0.482704
7327 0.850852
7328 0.595828
7329 0.866089
7330 0.754612
7331 0.626599
7332 0.559246
7333 0.689572
7334 0.608356
7335 0.656604
7336 0.481335
7337 0.739622
7338 0.376203
7339 0.299157
7340 0.608491
7341 0.74524
7342 0.519772
7343 0.748117
7344 0.6497
7345 0.780249
7346 0.660824
7347 0.545034
7348 0.831347
7349 0.55573
7350 0.657504
7351 0.69065
7352 0.627973
7353 0.760665
7354 0.857165
7355 0.647391
7356 0.70311
7357 0.520657
7358 0.761186
7359 0.865174
7360 0.829216
7361 0.527362
7362 0.7845
7363 0.720926
7364 0.7528
7365 0.689032
7366 0.744312
7367 0.925783
7368 0.664823
7369 0.848627
7370 0.823295
7371 0.840997
7372 0.804557
7373 0.719136
7374 0.672309
7375 0.680528
7376 0.721405
7377 0.626067
7378 0.484921
7379 0.525025
7380 0.650478
7381 0.822594
7382 0.865736
7383 0.886219
7384 0.678448
7385 0.744293
7386 0.73142
7387 0.859034
7388 0.719059
7389 0.80778
7390 0.856737
7391 0.790589
7392 0.754288
7393 0.656975
7394 0.672503
7395 0.845975
7396 0.744068
7397 0.660574
7398 0.627731
7399 0.510827
7400 0.688859
7401 0.623031
7402 0.591772
7403 0.750903
7404 0.533182
7405 0.482218
7406 0.642579
7407 0.658654
7408 0.666311
7409 0.0953347
7410 0.625939
7411 0.750185
7412 0.720123
7413 0.864451
7414 0.663842
7415 0.838877
7416 0.549824
7417 0.54573
7418 0.517753
7419 0.659864
7420 0.758418
7421 0.569864
7422 0.637064
7423 0.704258
7424 0.939856
7425 0.831215
7426 0.788543
7427 0.615682
7428 0.472956
7429 0.579911
7430 0.896583
7431 0.855231
7432 0.840097
7433 0.900521
7434 0.471619
7435 0.732493
7436 0.58205
7437 0.608099
7438 0.764845
7439 0.869568
7440 0.825232
7441 0.712395
7442 0.485801
7443 0.846224
7444 0.507929
7445 0.920267
7446 0.770595
7447 0.468734
7448 0.844893
7449 0.853443
7450 0.496849
7451 0.404197
7452 0.916226
7453 0.870129
7454 0.532862
7455 0.753396
7456 0.616094
7457 0.824559
7458 0.804384
7459 0.811732
7460 0.675725
7461 0.943121
7462 0.940139
7463 0.774858
7464 0.674374
7465 0.430327
7466 0.706099
7467 0.869854
7468 0.900209
7469 0.663613
7470 0.697703
7471 0.491103
7472 0.347717
7473 0.534621
7474 0.825408
7475 0.736294
7476 0.82208
7477 0.817971
7478 0.431029
7479 0.458719
7480 0.338467
7481 0.493359
7482 0.649125
7483 0.790565
7484 0.924254
7485 0.606765
7486 0.931905
7487 0.931202
7488 0.714679
7489 0.695412
7490 0.624287
7491 0.495916
7492 0.787426
7493 0.533493
7494 0.879424
7495 0.784386
7496 0.675685
7497 0.764531
7498 0.787689
7499 0.730844
7500 0.747757
7501 0.806648
7502 0.712001
7503 0.712853
7504 0.636042
7505 0.68929
7506 0.808131
7507 0.824565
7508 0.718258
7509 0.79727
7510 0.857917
7511 0.896608
7512 0.691483
7513 0.797396
7514 0.681667
7515 0.548458
7516 0.439174
7517 0.754835
7518 0.629738
7519 0.807838
7520 0.872677
7521 0.552254
7522 0.738148
7523 0.749367
7524 0.692013
7525 0.640138
7526 0.582411
7527 0.645143
7528 0.725265
7529 0.887155
7530 0.655372
7531 0.807698
7532 0.514394
7533 0.703061
7534 0.581083
7535 0.750168
7536 0.80936
7537 0.696882
7538 0.608801
7539 0.840276
7540 0.867268
7541 0.638383
7542 0.832126
7543 0.545043
7544 0.705885
7545 0.720396
7546 0.745154
7547 0.69627
7548 0.875423
7549 0.620537
7550 0.602491
7551 0.488697
7552 0.953838
7553 0.757458
7554 0.675456
7555 0.852218
7556 0.587866
7557 0.773002
7558 0.596854
7559 0.897286
7560 0.498934
7561 0.768736
7562 0.700977
7563 0.860049
7564 0.88557
7565 0.65707
7566 0.891924
7567 0.89732
7568 0.678131
7569 0.719746
7570 0.542179
7571 0.608254
7572 0.486163
7573 0.385509
7574 0.741963
7575 0.440819
7576 0.76728
7577 0.521772
7578 0.901205
7579 0.823311
7580 0.747561
7581 0.658172
7582 0.415156
7583 0.847412
7584 0.851141
7585 0.832515
7586 0.770324
7587 0.753659
7588 0.905458
7589 0.82134
7590 0.790524
7591 0.903857
7592 0.911442
7593 0.8024
7594 0.81392
7595 0.654673
7596 0.851757
7597 0.933942
7598 0.828046
7599 0.827362
7600 0.926432
7601 0.861117
7602 0.641413
7603 0.482747
7604 0.691905
7605 0.730122
7606 0.775348
7607 0.70979
7608 0.583635
7609 0.896511
7610 0.743775
7611 0.63365
7612 0.818487
7613 0.916293
7614 0.546269
7615 0.740556
7616 0.793855
7617 0.907436
7618 0.829531
7619 0.613465
7620 0.835678
7621 0.570597
7622 0.735191
7623 0.812543
7624 0.620209
7625 0.373877
7626 0.499242
7627 0.44905
7628 0.861378
7629 0.739446
7630 0.798652
7631 0.541253
7632 0.833983
7633 0.395355
7634 0.778374
7635 0.876111
7636 0.717607
7637 0.638426
7638 0.773195
7639 0.823238
7640 0.658656
7641 0.629454
7642 0.840766
7643 0.844097
7644 0.487281
7645 0.250127
7646 0.746913
7647 0.739021
7648 0.554784
7649 0.486525
7650 0.540356
7651 0.815454
7652 0.893669
7653 0.915738
7654 0.721569
7655 0.657922
7656 0.606116
7657 0.685697
7658 0.507603
7659 0.393717
7660 0.388231
7661 0.70833
7662 0.590553
7663 0.842701
7664 0.867908
7665 0.759197
7666 0.714156
7667 0.708461
7668 0.541053
7669 0.368084
7670 0.482972
7671 0.22131
7672 0.868489
7673 0.923364
7674 0.603573
7675 0.481521
7676 0.478252
7677 0.610228
7678 0.576922
7679 0.623517
7680 0.60494
7681 0.56378
7682 0.775094
7683 0.581657
7684 0.507359
7685 0.746209
7686 0.661331
7687 0.56015
7688 0.646265
7689 0.563457
7690 0.722106
7691 0.581772
7692 0.578797
7693 0.610785
7694 0.774899
7695 0.626995
7696 0.712054
7697 0.890106
7698 0.90838
7699 0.949577
7700 0.46718
7701 0.91274
7702 0.778252
7703 0.729807
7704 0.605349
7705 0.878024
7706 0.895746
7707 0.886336
7708 0.72763
7709 0.831362
7710 0.845005
7711 0.899698
7712 0.524995
7713 0.949883
7714 0.871512
7715 0.757537
7716 0.768135
7717 0.642493
7718 0.623115
7719 0.616671
7720 0.815179
7721 0.491139
7722 0.748393
7723 0.750671
7724 0.758631
7725 0.623344
7726 0.398906
7727 0.73496
7728 0.861083
7729 0.898099
7730 0.57012
7731 0.739191
7732 0.756957
7733 0.723691
7734 0.805607
7735 0.836059
7736 0.782919
7737 0.700686
7738 0.829745
7739 0.868214
7740 0.703348
7741 0.701749
7742 0.512031
7743 0.535608
7744 0.847239
7745 0.726171
7746 0.803093
7747 0.805824
7748 0.61113
7749 0.796223
7750 0.458058
7751 0.668543
7752 0.886118
7753 0.766859
7754 0.912445
7755 0.474668
7756 0.530708
7757 0.720823
7758 0.756055
7759 0.530485
7760 0.8288
7761 0.605303
7762 0.58828
7763 0.813283
7764 0.75028
7765 0.723461
7766 0.902459
7767 0.841629
7768 0.365215
7769 0.841771
7770 0.68619
7771 0.892315
7772 0.636564
7773 0.879124
7774 0.802425
7775 0.40123
7776 0.736393
7777 0.801384
7778 0.819008
7779 0.879154
7780 0.562137
7781 0.675172
7782 0.618456
7783 0.573625
7784 0.971779
7785 0.696199
7786 0.715716
7787 0.75363
7788 0.745092
7789 0.843563
7790 0.585956
7791 0.780554
7792 0.651722
7793 0.590578
7794 0.758442
7795 0.750162
7796 0.720505
7797 0.861991
7798 0.912751
7799 0.702894
7800 0.69353
7801 0.460294
7802 0.782689
7803 0.790871
7804 0.86621
7805 0.753052
7806 0.858449
7807 0.478144
7808 0.825431
7809 0.783205
7810 0.918652
7811 0.697486
7812 0.59596
7813 0.744852
7814 0.499782
7815 0.614468
7816 0.490427
7817 0.673677
7818 0.65478
7819 0.86818
7820 0.749267
7821 0.514619
7822 0.641771
7823 0.752012
7824 0.674643
7825 0.517766
7826 0.714723
7827 0.954675
7828 0.749491
7829 0.862115
7830 0.636147
7831 0.79595
7832 0.9283
7833 0.462064
7834 0.892176
7835 0.858918
7836 0.259759
7837 0.830487
7838 0.72272
7839 0.49939
7840 0.872652
7841 0.493903
7842 0.841186
7843 0.791582
7844 0.838704
7845 0.62738
7846 0.690156
7847 0.609757
7848 0.843861
7849 0.801567
7850 0.709819
7851 0.768742
7852 0.65211
7853 0.5743
7854 0.75077
7855 0.751615
7856 0.886018
7857 0.560222
7858 0.968629
7859 0.716705
7860 0.975291
7861 0.826887
7862 0.821799
7863 0.831164
7864 0.889285
7865 0.632055
7866 0.63075
7867 0.643879
7868 0.447038
7869 0.75038
7870 0.642943
7871 0.659421
7872 0.820457
7873 0.821383
7874 0.827736
7875 0.6764
7876 0.677394
7877 0.675337
7878 0.499139
7879 0.542157
7880 0.709749
7881 0.866081
7882 0.794034
7883 0.504953
7884 0.495529
7885 0.487187
7886 0.413665
7887 0.41947
7888 0.80951
7889 0.691327
7890 0.670127
7891 0.63574
7892 0.857947
7893 0.606787
7894 0.671379
7895 0.785566
7896 0.544508
7897 0.813953
7898 0.719904
7899 0.77229
7900 0.865688
7901 0.622302
7902 0.633853
7903 0.503246
7904 0.530531
7905 0.523209
7906 0.926878
7907 0.586461
7908 0.528767
7909 0.552263
7910 0.544691
7911 0.688615
7912 0.940909
7913 0.473605
7914 0.682182
7915 0.494553
7916 0.606139
7917 0.691712
7918 0.68604
7919 0.885663
7920 0.834341
7921 0.9007
7922 0.937132
7923 0.607654
7924 0.80555
7925 0.632029
7926 0.622179
7927 0.414665
7928 0.82955
7929 0.758843
7930 0.759549
7931 0.619617
7932 0.678414
7933 0.751498
7934 0.631176
7935 0.700954
7936 0.523027
7937 0.879228
7938 0.556194
7939 0.842526
7940 0.731638
7941 0.860861
7942 0.710006
7943 0.872686
7944 0.754835
7945 0.896283
7946 0.366003
7947 0.738513
7948 0.775197
7949 0.877616
7950 0.881745
7951 0.770247
7952 0.481984
7953 0.706915
7954 0.930304
7955 0.768972
7956 0.639451
7957 0.583681
7958 0.52992
7959 0.628244
7960 0.547184
7961 0.489655
7962 0.736006
7963 0.789026
7964 0.75785
7965 0.703385
7966 0.491688
7967 0.549389
7968 0.657459
7969 0.717674
7970 0.785083
7971 0.850388
7972 0.881922
7973 0.707733
7974 0.581389
7975 0.615485
7976 0.927837
7977 0.857823
7978 0.86363
7979 0.378422
7980 0.781443
7981 0.768898
7982 0.67601
7983 0.274399
7984 0.823336
7985 0.881695
7986 0.665471
7987 0.452905
7988 0.726898
7989 0.672127
7990 0.581999
7991 0.724477
7992 0.600521
7993 0.601667
7994 0.68301
7995 0.663372
7996 0.386857
7997 0.612499
7998 0.562823
7999 0.66262
8000 0.714355
8001 0.666694
8002 0.323687
8003 0.732311
8004 0.743386
8005 0.79373
8006 0.716444
8007 0.420707
8008 0.608524
8009 0.446858
8010 0.71411
8011 0.61326
8012 0.219799
8013 0.158902
8014 0.808309
8015 0.900608
8016 0.381262
8017 0.783036
8018 0.34744
8019 0.790608
8020 0.870296
8021 0.293551
8022 0.64
8023 0.576194
8024 0.851395
8025 0.866596
8026 0.353974
8027 0.78971
8028 0.389906
8029 0.526652
8030 0.734166
8031 0.352067
8032 0.695714
8033 0.619175
8034 0.631123
8035 0.353253
8036 0.334044
8037 0.391914
8038 0.768917
8039 0.782099
8040 0.343984
8041 0.690531
8042 0.680175
8043 0.32325
8044 0.349304
8045 0.840996
8046 0.693346
8047 0.394585
8048 0.33768
8049 0.687977
8050 0.783261
8051 0.704215
8052 0.773367
8053 0.873794
8054 0.371265
8055 0.824325
8056 0.385908
8057 0.711649
8058 0.739072
8059 0.552326
8060 0.369974
8061 0.767168
8062 0.350267
8063 0.717228
8064 0.260448
8065 0.65919
8066 0.697025
8067 0.450498
8068 0.554008
8069 0.151882
8070 0.954405
8071 0.239034
8072 0.53332
8073 0.777992
8074 0.442433
8075 0.4096
8076 0.714479
8077 0.603381
8078 0.376363
8079 0.680724
8080 0.394168
8081 0.6889
8082 0.652811
8083 0.394664
8084 0.384356
8085 0.338796
8086 0.93207
8087 0.73002
8088 0.309059
8089 0.361296
8090 0.526948
8091 0.566651
8092 0.394857
8093 0.445968
8094 0.728517
8095 0.363543
8096 0.396006
8097 0.785265
8098 0.380699
8099 0.688295
8100 0.933572
8101 0.657713
8102 0.659699
8103 0.402874
8104 0.536774
8105 0.498555
8106 0.660535
8107 0.409532
8108 0.508436
8109 0.650638
8110 0.59957
8111 0.547453
8112 0.577205
8113 0.525464
8114 0.683752
8115 0.330942
8116 0.425953
8117 0.287378
8118 0.513336
8119 0.33889
8120 0.36427
8121 0.519348
8122 0.373527
8123 0.630786
8124 0.397288
8125 0.79378
8126 0.584946
8127 0.536591
8128 0.807696
8129 0.643934
8130 0.587036
8131 0.653931
8132 0.571662
8133 0.685554
8134 0.602034
8135 0.59909
8136 0.543068
8137 0.326663
8138 0.340801
8139 0.538438
8140 0.631287
8141 0.686808
8142 0.585455
8143 0.621211
8144 0.58564
8145 0.899397
8146 0.425856
8147 0.742209
8148 0.795422
8149 0.652746
8150 0.603616
8151 0.760807
8152 0.522734
8153 0.42038
8154 0.580341
8155 0.606229
8156 0.559415
8157 0.436802
8158 0.616839
8159 0.473774
8160 0.409875
8161 0.739566
8162 0.291291
8163 0.716644
8164 0.868369
8165 0.696263
8166 0.803618
8167 0.585446
8168 0.480926
8169 0.77948
8170 0.756264
8171 0.559773
8172 0.698331
8173 0.473478
8174 0.544482
8175 0.545193
8176 0.56153
8177 0.599312
8178 0.779339
8179 0.536704
8180 0.51166
8181 0.675109
8182 0.690779
8183 0.676943
8184 0.738545
8185 0.836221
8186 0.717821
8187 0.778098
8188 0.596793
8189 0.533132
8190 0.775099
8191 0.588708
8192 0.607824
8193 0.375446
8194 0.41664
8195 0.472908
8196 0.81458
8197 0.72033
8198 0.532874
8199 0.700591
8200 0.647273
8201 0.738535
8202 0.527193
8203 0.423971
8204 0.714065
8205 0.726613
8206 0.810055
8207 0.631068
8208 0.774463
8209 0.706959
8210 0.634931
8211 0.804059
8212 0.80304
8213 0.451726
8214 0.510794
8215 0.681022
8216 0.694982
8217 0.674986
8218 0.821569
8219 0.716741
8220 0.774778
8221 0.500689
8222 0.699064
8223 0.613895
8224 0.68401
8225 0.653275
8226 0.641418
8227 0.589928
8228 0.717685
8229 0.48003
8230 0.628675
8231 0.621734
8232 0.561407
8233 0.787204
8234 0.727828
8235 0.620502
8236 0.52831
8237 0.550782
8238 0.24641
8239 0.70243
8240 0.585154
8241 0.703865
8242 0.680254
8243 0.765786
8244 0.647388
8245 0.827007
8246 0.682656
8247 0.587752
8248 0.504006
8249 0.66628
8250 0.796578
8251 0.784186
8252 0.782165
8253 0.493557
8254 0.724911
8255 0.780517
8256 0.57564
8257 0.756318
8258 0.739838
8259 0.793334
8260 0.642973
8261 0.753808
8262 0.747903
8263 0.86444
8264 0.61528
8265 0.604424
8266 0.868758
8267 0.559067
8268 0.719622
8269 0.492065
8270 0.506315
8271 0.433476
8272 0.514542
8273 0.646083
8274 0.327818
8275 0.744897
8276 0.210732
8277 0.337719
8278 0.499255
8279 0.82132
8280 0.551197
8281 0.666276
8282 0.50671
8283 0.608459
8284 0.544869
8285 0.395596
8286 0.152707
8287 0.689123
8288 0.749836
8289 0.800916
8290 0.812285
8291 0.162703
8292 0.405429
8293 0.667722
8294 0.474458
8295 0.842655
8296 0.616545
8297 0.530008
8298 0.504309
8299 0.709149
8300 0.649194
8301 0.562448
8302 0.370045
8303 0.720528
8304 0.328524
8305 0.501601
8306 0.573617
8307 0.321226
8308 0.370644
8309 0.291734
8310 0.540647
8311 0.70119
8312 0.748525
8313 0.645399
8314 0.430732
8315 0.774124
8316 0.907803
8317 0.848836
8318 0.741593
8319 0.653198
8320 0.437884
8321 0.656922
8322 0.723267
8323 0.820479
8324 0.700198
8325 0.475676
8326 0.609536
8327 0.840373
8328 0.824729
8329 0.958635
8330 0.578264
8331 0.610439
8332 0.642602
8333 0.959295
8334 0.804842
8335 0.802421
8336 0.65186
8337 0.310217
8338 0.66505
8339 0.80181
8340 0.85809
8341 0.690379
8342 0.520255
8343 0.812234
8344 0.775514
8345 0.68047
8346 0.5761
8347 0.586584
8348 0.887426
8349 0.856442
8350 0.727208
8351 0.65267
8352 0.805768
8353 0.844841
8354 0.678813
8355 0.70304
8356 0.769731
8357 0.696289
8358 0.685622
8359 0.850202
8360 0.651151
8361 0.513877
8362 0.575774
8363 0.529731
8364 0.652265
8365 0.867572
8366 0.732377
8367 0.855445
8368 0.581912
8369 0.614599
8370 0.846943
8371 0.61898
8372 0.902206
8373 0.737707
8374 0.376009
8375 0.614784
8376 0.729407
8377 0.709279
8378 0.803451
8379 0.854469
8380 0.783061
8381 0.742906
8382 0.740043
8383 0.770608
8384 0.81188
8385 0.865259
8386 0.619301
8387 0.719625
8388 0.905664
8389 0.607622
8390 0.705534
8391 0.915575
8392 0.734987
8393 0.72895
8394 0.568773
8395 0.789112
8396 0.790883
8397 0.774707
8398 0.623253
8399 0.64714
8400 0.72553
8401 0.861992
8402 0.600318
8403 0.582982
8404 0.724053
8405 0.743689
8406 0.828123
8407 0.5575
8408 0.804606
8409 0.835055
8410 0.799539
8411 0.675675
8412 0.808215
8413 0.887492
8414 0.75949
8415 0.821525
8416 0.719696
8417 0.828349
8418 0.934989
8419 0.798452
8420 0.747144
8421 0.927387
8422 0.861778
8423 0.822613
8424 0.611964
8425 0.861601
8426 0.884718
8427 0.7395
8428 0.843365
8429 0.765015
8430 0.664803
8431 0.714735
8432 0.657519
8433 0.596778
8434 0.451144
8435 0.593093
8436 0.740375
8437 0.832745
8438 0.561501
8439 0.818988
8440 0.940995
8441 0.900216
8442 0.926145
8443 0.863905
8444 0.731826
8445 0.896683
8446 0.442174
8447 0.720196
8448 0.73252
8449 0.718881
8450 0.597155
8451 0.664607
8452 0.524801
8453 0.904354
8454 0.579469
8455 0.945823
8456 0.948995
8457 0.791866
8458 0.665821
8459 0.889912
8460 0.726833
8461 0.704538
8462 0.910967
8463 0.567455
8464 0.553796
8465 0.801168
8466 0.745671
8467 0.541759
8468 0.852347
8469 0.517605
8470 0.552355
8471 0.582723
8472 0.834152
8473 0.872891
8474 0.602555
8475 0.776102
8476 0.627483
8477 0.833015
8478 0.322506
8479 0.878404
8480 0.801952
8481 0.725135
8482 0.811116
8483 0.84493
8484 0.793226
8485 0.735617
8486 0.851746
8487 0.908313
8488 0.581526
8489 0.936707
8490 0.466435
8491 0.9738
8492 0.794376
8493 0.783058
8494 0.697856
8495 0.544383
8496 0.289521
8497 0.851525
8498 0.588742
8499 0.629366
8500 0.594973
8501 0.721824
8502 0.791403
8503 0.866304
8504 0.646723
8505 0.744504
8506 0.355998
8507 0.53819
8508 0.678203
8509 0.69448
8510 0.859441
8511 0.799363
8512 0.923121
8513 0.629461
8514 0.507088
8515 0.616819
8516 0.636765
8517 0.716646
8518 0.626029
8519 0.859951
8520 0.546971
8521 0.48782
8522 0.665866
8523 0.606807
8524 0.539075
8525 0.653754
8526 0.570349
8527 0.594791
8528 0.840036
8529 0.815166
8530 0.946678
8531 0.88006
8532 0.724866
8533 0.930372
8534 0.643094
8535 0.643854
8536 0.631473
8537 0.777442
8538 0.775796
8539 0.549177
8540 0.616528
8541 0.652331
8542 0.424514
8543 0.812439
8544 0.67853
8545 0.78207
8546 0.59214
8547 0.649335
8548 0.753779
8549 0.746311
8550 0.733378
8551 0.651723
8552 0.69357
8553 0.506618
8554 0.480395
8555 0.66987
8556 0.857003
8557 0.469137
8558 0.480085
8559 0.808618
8560 0.594443
8561 0.537266
8562 0.563164
8563 0.585083
8564 0.613657
8565 0.490768
8566 0.572055
8567 0.694836
8568 0.646892
8569 0.446272
8570 0.547254
8571 0.78776
8572 0.535335
8573 0.646503
8574 0.865411
8575 0.800189
8576 0.587829
8577 0.751617
8578 0.651468
8579 0.53534
8580 0.694822
8581 0.603751
8582 0.675217
8583 0.845699
8584 0.65137
8585 0.648418
8586 0.736947
8587 0.764454
8588 0.623201
8589 0.70048
8590 0.707147
8591 0.667592
8592 0.664511
8593 0.722661
8594 0.708015
8595 0.93398
8596 0.569881
8597 0.704851
8598 0.5612
8599 0.610521
8600 0.559641
8601 0.591296
8602 0.771864
8603 0.747648
8604 0.708518
8605 0.698274
8606 0.619506
8607 0.609508
8608 0.65191
8609 0.605959
8610 0.594254
8611 0.540925
8612 0.554039
8613 0.770019
8614 0.737382
8615 0.644576
8616 0.610541
8617 0.841211
8618 0.789713
8619 0.935183
8620 0.605367
8621 0.930844
8622 0.613262
8623 0.892591
8624 0.767372
8625 0.739442
8626 0.798458
8627 0.725456
8628 0.588512
8629 0.556927
8630 0.58271
8631 0.60572
8632 0.812428
8633 0.645017
8634 0.596531
8635 0.650602
8636 0.553802
8637 0.628304
8638 0.707104
8639 0.634828
8640 0.53636
8641 0.331985
8642 0.647695
8643 0.564061
8644 0.529799
8645 0.487902
8646 0.578571
8647 0.464004
8648 0.526912
8649 0.652894
8650 0.69678
8651 0.743812
8652 0.445245
8653 0.732052
8654 0.653313
8655 0.665701
8656 0.885765
8657 0.774549
8658 0.585962
8659 0.690688
8660 0.786404
8661 0.662956
8662 0.88776
8663 0.733115
8664 0.741856
8665 0.568532
8666 0.675506
8667 0.639299
8668 0.58951
8669 0.806582
8670 0.76863
8671 0.799121
8672 0.654729
8673 0.627506
8674 0.786043
8675 0.717765
8676 0.803093
8677 0.764297
8678 0.670047
8679 0.716574
8680 0.606635
8681 0.813474
8682 0.709496
8683 0.84929
8684 0.864818
8685 0.736402
8686 0.783856
8687 0.754247
8688 0.544248
8689 0.705639
8690 0.774045
8691 0.845034
8692 0.706673
8693 0.777943
8694 0.672323
8695 0.697671
8696 0.67336
8697 0.823343
8698 0.653575
8699 0.65718
8700 0.60535
8701 0.565547
8702 0.569575
8703 0.77443
8704 0.721543
8705 0.728057
8706 0.554298
8707 0.536737
8708 0.713508
8709 0.716269
8710 0.683358
8711 0.660969
8712 0.567238
8713 0.532471
8714 0.862353
8715 0.452687
8716 0.495396
8717 0.414667
8718 0.538781
8719 0.423628
8720 0.599135
8721 0.474794
8722 0.506009
8723 0.734714
8724 0.807155
8725 0.665069
8726 0.692301
8727 0.518561
8728 0.648695
8729 0.515861
8730 0.80294
8731 0.729232
8732 0.598487
8733 0.668756
8734 0.734162
8735 0.783818
8736 0.581225
8737 0.58074
8738 0.826093
8739 0.665083
8740 0.69528
8741 0.607786
8742 0.843844
8743 0.914693
8744 0.658948
8745 0.909268
8746 0.600722
8747 0.691842
8748 0.65837
8749 0.934734
8750 0.810463
8751 0.785681
8752 0.593244
8753 0.749964
8754 0.812836
8755 0.848034
8756 0.695023
8757 0.70396
8758 0.884667
8759 0.73559
8760 0.719289
8761 0.605966
8762 0.781254
8763 0.549246
8764 0.870324
8765 0.954238
8766 0.841247
8767 0.875403
8768 0.784207
8769 0.810425
8770 0.491933
8771 0.655135
8772 0.796788
8773 0.726589
8774 0.691624
8775 0.628749
8776 0.985827
8777 0.817982
8778 0.811618
8779 0.710717
8780 0.474112
8781 0.847359
8782 0.864749
8783 0.66924
8784 0.60043
8785 0.638859
8786 0.554318
8787 0.322282
8788 0.289316
8789 0.85083
8790 0.836113
8791 0.743726
8792 0.948573
8793 0.866903
8794 0.696824
8795 0.535943
8796 0.585136
8797 0.816337
8798 0.78829
8799 0.558031
8800 0.669302
8801 0.711554
8802 0.683303
8803 0.702666
8804 0.565099
8805 0.731973
8806 0.850809
8807 0.552482
8808 0.665661
8809 0.612827
8810 0.605688
8811 0.654708
8812 0.666128
8813 0.796211
8814 0.925235
8815 0.684445
8816 0.868841
8817 0.78843
8818 0.87315
8819 0.608015
8820 0.748839
8821 0.851324
8822 0.943877
8823 0.865798
8824 0.862472
8825 0.498002
8826 0.89276
8827 0.695145
8828 0.687836
8829 0.832107
8830 0.672737
8831 0.704872
8832 0.658649
8833 0.806752
8834 0.650596
8835 0.787754
8836 0.533752
8837 0.952663
8838 0.871332
8839 0.862503
8840 0.693912
8841 0.879742
8842 0.768581
8843 0.757319
8844 0.785191
8845 0.481439
8846 0.652791
8847 0.7951
8848 0.696272
8849 0.418169
8850 0.484838
8851 0.50355
8852 0.937028
8853 0.718251
8854 0.491112
8855 0.571498
8856 0.792615
8857 0.722322
8858 0.784298
8859 0.718422
8860 0.524128
8861 0.254165
8862 0.665562
8863 0.754095
8864 0.835206
8865 0.621068
8866 0.41113
8867 0.711368
8868 0.668796
8869 0.731077
8870 0.705947
8871 0.811843
8872 0.772721
8873 0.520408
8874 0.741164
8875 0.757472
8876 0.760406
8877 0.715774
8878 0.541482
8879 0.625897
8880 0.746874
8881 0.89575
8882 0.902267
8883 0.652391
8884 0.627352
8885 0.583873
8886 0.704189
8887 0.7199
8888 0.762341
8889 0.616676
8890 0.70677
8891 0.794504
8892 0.806749
8893 0.889555
8894 0.651861
8895 0.797153
8896 0.795438
8897 0.553801
8898 0.652044
8899 0.690643
8900 0.55026
8901 0.659323
8902 0.71416
8903 0.539924
8904 0.74809
8905 0.828244
8906 0.796346
8907 0.601736
8908 0.869124
8909 0.745168
8910 0.791976
8911 0.631917
8912 0.713017
8913 0.833108
8914 0.624841
8915 0.595559
8916 0.884696
8917 0.767347
8918 0.8114
8919 0.834049
8920 0.661807
8921 0.65425
8922 0.854534
8923 0.584701
8924 0.535089
8925 0.459853
8926 0.768488
8927 0.730702
8928 0.658754
8929 0.902892
8930 0.831855
8931 0.73809
8932 0.735984
8933 0.758571
8934 0.49648
8935 0.818169
8936 0.663208
8937 0.93393
8938 0.90019
8939 0.700412
8940 0.77059
8941 0.808959
8942 0.768852
8943 0.594588
8944 0.78993
8945 0.80264
8946 0.922256
8947 0.820976
8948 0.416665
8949 0.79518
8950 0.358074
8951 0.624804
8952 0.588867
8953 0.694743
8954 0.600187
8955 0.613737
8956 0.431455
8957 0.709415
8958 0.832537
8959 0.699228
8960 0.508389
8961 0.607076
8962 0.561729
8963 0.388741
8964 0.717403
8965 0.260478
8966 0.637328
8967 0.744971
8968 0.657766
8969 0.687291
8970 0.919804
8971 0.843286
8972 0.508574
8973 0.587077
8974 0.321515
8975 0.282744
8976 0.580491
8977 0.822645
8978 0.500177
8979 0.652574
8980 0.871834
8981 0.542783
8982 0.795106
8983 0.356875
8984 0.537463
8985 0.313223
8986 0.613896
8987 0.70905
8988 0.561305
8989 0.637225
8990 0.377938
8991 0.566361
8992 0.6301
8993 0.825088
8994 0.350015
8995 0.389383
8996 0.508215
8997 0.456527
8998 0.556791
8999 0.695634
9000 0.84836
9001 0.681942
9002 0.70532
9003 0.818705
9004 0.516386
9005 0.469728
9006 0.576841
9007 0.389595
9008 0.757391
9009 0.926988
9010 0.711807
9011 0.770101
9012 0.652869
9013 0.488591
9014 0.46443
9015 0.804726
9016 0.703013
9017 0.793921
9018 0.969452
9019 0.900277
9020 0.92148
9021 0.860761
9022 0.741485
9023 0.610807
9024 0.669726
9025 0.671056
9026 0.790124
9027 0.891687
9028 0.7567
9029 0.594787
9030 0.631449
9031 0.563255
9032 0.566309
9033 0.830701
9034 0.546529
9035 0.340509
9036 0.865114
9037 0.595589
9038 0.482079
9039 0.825795
9040 0.68407
9041 0.853507
9042 0.731479
9043 0.334379
9044 0.70267
9045 0.809602
9046 0.732574
9047 0.777324
9048 0.723984
9049 0.581572
9050 0.854011
9051 0.684427
9052 0.793307
9053 0.818889
9054 0.821282
9055 0.727164
9056 0.756417
9057 0.825089
9058 0.845024
9059 0.593656
9060 0.871464
9061 0.820696
9062 0.709478
9063 0.881708
9064 0.792934
9065 0.54224
9066 0.890733
9067 0.717614
9068 0.516919
9069 0.61474
9070 0.830664
9071 0.674137
9072 0.694782
9073 0.766248
9074 0.632198
9075 0.614684
9076 0.589584
9077 0.538463
9078 0.490547
9079 0.376483
9080 0.471461
9081 0.465497
9082 0.616914
9083 0.384851
9084 0.748897
9085 0.773033
9086 0.479764
9087 0.698501
9088 0.808286
9089 0.848328
9090 0.84988
9091 0.857012
9092 0.754704
9093 0.924958
9094 0.817052
9095 0.878918
9096 0.823507
9097 0.631975
9098 0.558137
9099 0.860718
9100 0.535944
9101 0.549824
9102 0.649573
9103 0.794372
9104 0.605351
9105 0.711074
9106 0.709275
9107 0.642471
9108 0.493825
9109 0.837324
9110 0.528295
9111 0.632331
9112 0.53666
9113 0.890947
9114 0.708687
9115 0.503038
9116 0.474127
9117 0.677792
9118 0.89048
9119 0.858107
9120 0.601984
9121 0.425085
9122 0.822327
9123 0.763747
9124 0.727172
9125 0.722872
9126 0.632532
9127 0.539811
9128 0.602653
9129 0.834582
9130 0.628162
9131 0.49048
9132 0.353552
9133 0.369019
9134 0.746472
9135 0.280341
9136 0.609526
9137 0.616322
9138 0.493741
9139 0.598235
9140 0.733524
9141 0.766456
9142 0.6605
9143 0.577705
9144 0.805441
9145 0.473586
9146 0.836196
9147 0.793076
9148 0.597795
9149 0.550215
9150 0.755291
9151 0.564183
9152 0.384856
9153 0.504467
9154 0.725958
9155 0.395506
9156 0.860121
9157 0.615537
9158 0.737917
9159 0.81324
9160 0.615388
9161 0.577917
9162 0.638073
9163 0.744128
9164 0.372004
9165 0.377913
9166 0.347346
9167 0.404392
9168 0.701773
9169 0.573473
9170 0.597078
9171 0.670842
9172 0.615622
9173 0.953878
9174 0.645677
9175 0.723099
9176 0.738213
9177 0.698988
9178 0.777798
9179 0.747529
9180 0.809502
9181 0.67872
9182 0.825616
9183 0.765515
9184 0.677141
9185 0.800847
9186 0.579266
9187 0.687541
9188 0.282706
9189 0.41181
9190 0.737362
9191 0.27329
9192 0.345521
9193 0.45601
9194 0.753308
9195 0.689561
9196 0.446521
9197 0.585305
9198 0.669493
9199 0.621426
9200 0.846898
9201 0.933711
9202 0.905061
9203 0.830954
9204 0.818673
9205 0.68562
9206 0.812445
9207 0.767119
9208 0.86851
9209 0.82914
9210 0.873175
9211 0.622852
9212 0.62303
9213 0.62636
9214 0.528524
9215 0.880435
9216 0.957876
9217 0.63245
9218 0.753064
9219 0.808378
9220 0.663293
9221 0.684601
9222 0.777413
9223 0.37651
9224 0.6263
9225 0.598739
9226 0.847787
9227 0.717845
9228 0.698438
9229 0.766322
9230 0.804982
9231 0.707675
9232 0.613047
9233 0.583306
9234 0.546559
9235 0.442772
9236 0.427025
9237 0.501908
9238 0.681612
9239 0.590271
9240 0.778634
9241 0.375099
9242 0.708216
9243 0.656788
9244 0.724625
9245 0.749312
9246 0.461549
9247 0.54622
9248 0.832715
9249 0.579805
9250 0.838832
9251 0.667447
9252 0.761101
9253 0.648926
9254 0.664928
9255 0.732698
9256 0.747253
9257 0.629589
9258 0.457365
9259 0.694351
9260 0.620456
9261 0.626306
9262 0.611003
9263 0.559654
9264 0.71328
9265 0.799715
9266 0.59799
9267 0.769559
9268 0.728848
9269 0.893356
9270 0.597061
9271 0.957153
9272 0.724912
9273 0.391314
9274 0.773364
9275 0.730531
9276 0.093603
9277 0.892573
9278 0.601318
9279 0.75061
9280 0.91998
9281 0.479851
9282 0.502727
9283 0.500567
9284 0.71037
9285 0.781135
9286 0.607842
9287 0.468621
9288 0.607811
9289 0.727248
9290 0.524104
9291 0.863182
9292 0.650545
9293 0.759577
9294 0.699726
9295 0.677558
9296 0.695419
9297 0.668548
9298 0.750734
9299 0.671753
9300 0.706591
9301 0.833275
9302 0.86039
9303 0.767003
9304 0.698626
9305 0.833863
9306 0.802561
9307 0.55347
9308 0.657689
9309 0.509619
9310 0.638944
9311 0.610624
9312 0.471288
9313 0.904658
9314 0.565744
9315 0.536866
9316 0.928402
9317 0.830383
9318 0.867614
9319 0.60388
9320 0.451495
9321 0.615481
9322 0.427188
9323 0.641382
9324 0.745765
9325 0.762234
9326 0.760542
9327 0.643855
9328 0.682367
9329 0.8219
9330 0.752047
9331 0.401723
9332 0.772864
9333 0.765198
9334 0.395076
9335 0.839518
9336 0.969835
9337 0.754335
9338 0.710999
9339 0.691982
9340 0.797472
9341 0.746592
9342 0.650645
9343 0.84688
9344 0.487736
9345 0.820079
9346 0.663033
9347 0.776774
9348 0.685941
9349 0.901555
9350 0.732379
9351 0.759383
9352 0.825926
9353 0.503041
9354 0.673749
9355 0.457221
9356 0.808367
9357 0.598384
9358 0.592545
9359 0.335351
9360 0.418528
9361 0.488624
9362 0.450568
9363 0.530053
9364 0.588913
9365 0.576888
9366 0.606025
9367 0.577909
9368 0.512032
9369 0.712482
9370 0.749164
9371 0.731207
9372 0.555745
9373 0.432307
9374 0.83484
9375 0.517184
9376 0.433238
9377 0.798436
9378 0.731078
9379 0.529336
9380 0.476741
9381 0.652778
9382 0.519071
9383 0.479356
9384 0.710464
9385 0.875174
9386 0.890429
9387 0.65973
9388 0.589098
9389 0.453299
9390 0.625477
9391 0.745213
9392 0.632336
9393 0.782194
9394 0.804323
9395 0.503852
9396 0.841457
9397 0.820248
9398 0.840654
9399 0.660232
9400 0.595101
9401 0.516324
9402 0.43663
9403 0.923849
9404 0.91362
9405 0.834155
9406 0.537557
9407 0.537494
9408 0.52091
9409 0.334246
9410 0.538168
9411 0.710689
9412 0.8583
9413 0.515785
9414 0.414296
9415 0.702731
9416 0.388215
9417 0.637306
9418 0.460361
9419 0.5102
9420 0.685053
9421 0.714982
9422 0.750304
9423 0.938516
9424 0.710148
9425 0.717841
9426 0.573715
9427 0.804149
9428 0.654465
9429 0.676473
9430 0.833771
9431 0.796307
9432 0.587204
9433 0.561372
9434 0.560881
9435 0.79613
9436 0.781875
9437 0.462368
9438 0.667204
9439 0.738338
9440 0.735122
9441 0.676783
9442 0.647902
9443 0.586016
9444 0.614958
9445 0.792497
9446 0.391359
9447 0.8098
9448 0.482545
9449 0.923039
9450 0.866584
9451 0.764057
9452 0.683228
9453 0.605806
9454 0.641646
9455 0.765733
9456 0.816584
9457 0.605581
9458 0.709464
9459 0.639557
9460 0.556552
9461 0.649186
9462 0.618254
9463 0.743048
9464 0.700031
9465 0.637757
9466 0.656921
9467 0.571281
9468 0.533861
9469 0.7492
9470 0.701834
9471 0.66914
9472 0.70308
9473 0.681507
9474 0.609973
9475 0.608894
9476 0.752114
9477 0.876452
9478 0.860666
9479 0.715598
9480 0.717717
9481 0.749991
9482 0.660371
9483 0.617174
9484 0.630844
9485 0.674457
9486 0.38213
9487 0.366218
9488 0.865927
9489 0.693808
9490 0.563033
9491 0.897392
9492 0.840026
9493 0.801104
9494 0.638896
9495 0.766274
9496 0.743744
9497 0.718282
9498 0.813011
9499 0.593827
9500 0.529528
9501 0.757944
9502 0.552264
9503 0.65051
9504 0.410104
9505 0.507909
9506 0.820605
9507 0.931955
9508 0.667897
9509 0.723916
9510 0.597231
9511 0.886777
9512 0.699879
9513 0.538271
9514 0.651184
9515 0.401454
9516 0.468707
9517 0.667197
9518 0.489637
9519 0.91363
9520 0.341592
9521 0.881574
9522 0.672613
9523 0.36929
9524 0.327451
9525 0.661362
9526 0.814253
9527 0.743056
9528 0.87313
9529 0.620151
9530 0.631105
9531 0.646066
9532 0.766897
9533 0.806877
9534 0.800505
9535 0.683474
9536 0.452377
9537 0.905985
9538 0.393462
9539 0.503651
9540 0.887743
9541 0.799366
9542 0.450216
9543 0.525982
9544 0.785682
9545 0.71621
9546 0.809201
9547 0.813449
9548 0.876606
9549 0.778326
9550 0.678902
9551 0.394852
9552 0.574424
9553 0.454498
9554 0.691608
9555 0.408925
9556 0.70335
9557 0.79284
9558 0.781722
9559 0.576534
9560 0.529667
9561 0.655682
9562 0.769509
9563 0.633568
9564 0.706568
9565 0.684698
9566 0.781416
9567 0.606199
9568 0.59503
9569 0.544205
9570 0.643754
9571 0.834191
9572 0.708312
9573 0.889233
9574 0.57524
9575 0.583755
9576 0.648124
9577 0.644666
9578 0.714613
9579 0.63339
9580 0.528438
9581 0.798465
9582 0.808107
9583 0.477223
9584 0.620491
9585 0.836906
9586 0.883174
9587 0.807408
9588 0.5788
9589 0.569056
9590 0.933713
9591 0.586272
9592 0.626266
9593 0.650461
9594 0.806023
9595 0.846445
9596 0.815356
9597 0.701232
9598 0.776677
9599 0.643908
9600 0.784929
9601 0.749313
9602 0.642417
9603 0.77406
9604 0.86605
9605 0.951832
9606 0.698332
9607 0.70742
9608 0.749681
9609 0.798974
9610 0.366814
9611 0.704763
9612 0.843172
9613 0.556322
9614 0.615323
9615 0.82458
9616 0.5351
9617 0.746294
9618 0.760035
9619 0.460999
9620 0.565388
9621 0.521512
9622 0.597336
9623 0.732112
9624 0.458137
9625 0.790095
9626 0.705448
9627 0.847631
9628 0.779656
9629 0.59537
9630 0.815331
9631 0.337423
9632 0.609764
9633 0.601957
9634 0.813332
9635 0.426396
9636 0.452983
9637 0.847987
9638 0.624172
9639 0.497175
9640 0.70413
9641 0.501052
9642 0.309517
9643 0.555791
9644 0.73681
9645 0.693143
9646 0.836969
9647 0.708905
9648 0.694805
9649 0.609932
9650 0.826417
9651 0.592882
9652 0.706351
9653 0.479418
9654 0.685609
9655 0.567277
9656 0.65797
9657 0.642893
9658 0.82145
9659 0.387234
9660 0.820926
9661 0.84812
9662 0.675138
9663 0.394683
9664 0.773627
9665 0.648106
9666 0.611946
9667 0.743167
9668 0.722844
9669 0.879515
9670 0.624208
9671 0.753471
9672 0.792473
9673 0.533937
9674 0.72957
9675 0.496272
9676 0.806144
9677 0.660402
9678 0.63993
9679 0.872468
9680 0.833577
9681 0.832458
9682 0.741875
9683 0.796251
9684 0.71792
9685 0.868254
9686 0.733807
9687 0.624459
9688 0.609048
9689 0.768461
9690 0.845859
9691 0.841549
9692 0.890473
9693 0.83197
9694 0.570208
9695 0.614552
9696 0.722999
9697 0.726747
9698 0.641103
9699 0.75902
9700 0.619307
9701 0.770163
9702 0.711533
9703 0.876606
9704 0.522152
9705 0.801613
9706 0.692089
9707 0.813495
9708 0.663987
9709 0.584415
9710 0.916875
9711 0.692838
9712 0.773594
9713 0.550693
9714 0.845494
9715 0.682017
9716 0.729894
9717 0.533289
9718 0.882152
9719 0.806833
9720 0.763333
9721 0.614773
9722 0.688849
9723 0.955091
9724 0.64251
9725 0.640858
9726 0.485781
9727 0.710915
9728 0.890221
9729 0.756499
9730 0.627676
9731 0.685305
9732 0.596547
9733 0.520443
9734 0.613325
9735 0.617542
9736 0.585
9737 0.636791
9738 0.572422
9739 0.840655
9740 0.658471
9741 0.648923
9742 0.684023
9743 0.787932
9744 0.890831
9745 0.739049
9746 0.727263
9747 0.689617
9748 0.774443
9749 0.767106
9750 0.577932
9751 0.772191
9752 0.663748
9753 0.726986
9754 0.489334
9755 0.220791
9756 0.78158
9757 0.537765
9758 0.693843
9759 0.680545
9760 0.69964
9761 0.604448
9762 0.749505
9763 0.644085
9764 0.438785
9765 0.406363
9766 0.78434
9767 0.645618
9768 0.680343
9769 0.289338
9770 0.749581
9771 0.876264
9772 0.3653
9773 0.955762
9774 0.395707
9775 0.545819
9776 0.582669
9777 0.854081
9778 0.759179
9779 0.864365
9780 0.629556
9781 0.617738
9782 0.904032
9783 0.755605
9784 0.925269
9785 0.37846
9786 0.761157
9787 0.94245
9788 0.952313
9789 0.790451
9790 0.834941
9791 0.551076
9792 0.773453
9793 0.710056
9794 0.575337
9795 0.655009
9796 0.48722
9797 0.685778
9798 0.715364
9799 0.475937
9800 0.953502
9801 0.626481
9802 0.858414
9803 0.747044
9804 0.437833
9805 0.690904
9806 0.603661
9807 0.445321
9808 0.688752
9809 0.640184
9810 0.871613
9811 0.773641
9812 0.873829
9813 0.752949
9814 0.582061
9815 0.550248
9816 0.666557
9817 0.55198
9818 0.528717
9819 0.615044
9820 0.903979
9821 0.363584
9822 0.787572
9823 0.848694
9824 0.528423
9825 0.782156
9826 0.659774
9827 0.610708
9828 0.55171
9829 0.830592
9830 0.763207
9831 0.867742
9832 0.0727703
9833 0.26566
9834 0.759856
9835 0.636101
9836 0.453675
9837 0.65278
9838 0.637291
9839 0.681168
9840 0.62646
9841 0.677919
9842 0.679058
9843 0.485878
9844 0.838767
9845 0.468009
9846 0.715911
9847 0.823586
9848 0.601559
9849 0.68713
9850 0.796502
9851 0.590405
9852 0.565165
9853 0.559702
9854 0.609091
9855 0.619144
9856 0.496246
9857 0.575432
9858 0.842651
9859 0.5018
9860 0.522384
9861 0.863506
9862 0.752004
9863 0.832821
9864 0.941642
9865 0.660507
9866 0.801198
9867 0.632402
9868 0.773323
9869 0.781006
9870 0.514756
9871 0.468052
9872 0.349003
9873 0.625559
9874 0.378294
9875 0.751566
9876 0.612625
9877 0.601158
9878 0.605355
9879 0.710622
9880 0.354183
9881 0.590628
9882 0.648127
9883 0.741624
9884 0.545843
9885 0.870703
9886 0.854088
9887 0.776447
9888 0.733795
9889 0.748032
9890 0.812649
9891 0.750151
9892 0.548656
9893 0.576302
9894 0.639416
9895 0.683395
9896 0.833269
9897 0.516481
9898 0.845907
9899 0.638026
9900 0.736664
9901 0.795077
9902 0.6885
9903 0.727722
9904 0.593088
9905 0.763308
9906 0.780349
9907 0.671946
9908 0.600888
9909 0.700174
9910 0.874229
9911 0.653283
9912 0.780035
9913 0.768755
9914 0.619423
9915 0.732048
9916 0.691394
9917 0.50933
9918 0.743453
9919 0.658337
9920 0.570277
9921 0.842532
9922 0.85952
9923 0.919949
9924 0.71145
9925 0.712041
9926 0.761069
9927 0.691534
9928 0.903526
9929 0.808557
9930 0.770027
9931 0.550079
9932 0.804852
9933 0.817286
9934 0.539019
9935 0.889071
9936 0.720612
9937 0.781503
9938 0.661801
9939 0.844133
9940 0.989422
9941 0.813901
9942 0.824611
9943 0.776396
9944 0.639954
9945 0.701561
9946 0.749695
9947 0.696885
9948 0.853165
9949 0.81241
9950 0.862632
9951 0.851091
9952 0.856701
9953 0.838469
9954 0.882482
9955 0.860938
9956 0.878693
9957 0.505741
9958 0.855691
9959 0.658472
9960 0.693547
9961 0.759953
9962 0.686053
9963 0.227354
9964 0.854743
9965 0.681082
9966 0.51046
9967 0.707009
9968 0.478568
9969 0.549367
9970 0.779183
9971 0.693627
9972 0.650467
9973 0.710204
9974 0.800615
9975 0.802078
9976 0.807039
9977 0.843147
9978 0.771821
9979 0.381161
9980 0.632739
9981 0.594469
9982 0.830621
9983 0.762436
9984 0.719515
9985 0.723557
9986 0.731581
9987 0.780144
9988 0.945585
9989 0.650103
9990 0.821472
9991 0.77578
9992 0.654035
9993 0.626873
9994 0.589942
9995 0.854945
9996 0.848569
9997 0.869937
9998 0.824587
9999 0.834262
10000 0.783146
10001 0.863608
10002 0.49789
10003 0.741541
10004 0.670896
10005 0.675228
10006 0.724004
10007 0.781534
10008 0.90586
10009 0.765904
10010 0.885211
10011 0.798591
10012 0.764782
10013 0.655515
10014 0.803399
10015 0.773632
10016 0.728508
10017 0.792368
10018 0.908834
10019 0.541697
10020 0.671127
10021 0.923433
10022 0.572657
10023 0.855597
10024 0.770441
10025 0.609682
10026 0.710093
10027 0.612516
10028 0.742392
10029 0.699205
10030 0.767206
10031 0.555295
10032 0.677751
10033 0.714156
10034 0.587039
10035 0.636126
10036 0.772974
10037 0.773369
10038 0.907175
10039 0.700783
10040 0.567023
10041 0.888213
10042 0.87499
10043 0.866954
10044 0.80449
10045 0.622409
10046 0.715535
10047 0.86176
10048 0.689767
10049 0.548628
10050 0.737735
10051 0.708385
10052 0.551026
10053 0.628391
10054 0.623749
10055 0.541515
10056 0.714379
10057 0.561738
10058 0.609679
10059 0.218812
10060 0.509644
10061 0.689452
10062 0.696003
10063 0.711157
10064 0.551487
10065 0.597528
10066 0.923748
10067 0.959917
10068 0.323118
10069 0.851683
10070 0.718807
10071 0.439245
10072 0.41666
10073 0.655115
10074 0.667303
10075 0.578461
10076 0.562058
10077 0.458533
10078 0.637177
10079 0.805809
10080 0.745394
10081 0.842856
10082 0.862379
10083 0.576944
10084 0.385267
10085 0.70402
10086 0.864003
10087 0.279755
10088 0.606768
10089 0.826172
10090 0.539819
10091 0.694716
10092 0.637018
10093 0.708792
10094 0.686558
10095 0.758035
10096 0.800103
10097 0.550458
10098 0.791788
10099 0.908003
10100 0.788458
10101 0.790505
10102 0.845134
10103 0.770646
10104 0.753331
10105 0.486904
10106 0.75507
10107 0.634523
10108 0.72245
10109 0.767185
10110 0.657852
10111 0.780179
10112 0.820133
10113 0.740102
10114 0.899931
10115 0.759771
10116 0.825312
10117 0.595182
10118 0.075002
10119 0.428334
10120 0.809345
10121 0.746408
10122 0.925352
10123 0.72139
10124 0.848427
10125 0.737142
10126 0.581779
10127 0.817143
10128 0.730659
10129 0.958899
10130 0.791432
10131 0.824485
10132 0.81665
10133 0.833609
10134 0.778256
10135 0.797815
10136 0.928655
10137 0.87289
10138 0.729262
10139 0.75028
10140 0.605292
10141 0.614822
10142 0.605308
10143 0.756007
10144 0.597443
10145 0.546113
10146 0.707938
10147 0.498113
10148 0.691778
10149 0.789562
10150 0.427215
10151 0.663744
10152 0.588056
10153 0.519364
10154 0.564287
10155 0.895718
10156 0.814175
10157 0.88858
10158 0.845098
10159 0.746002
10160 0.821536
10161 0.782397
10162 0.693212
10163 0.681776
10164 0.765373
10165 0.863435
10166 0.822295
10167 0.82885
10168 0.620968
10169 0.772871
10170 0.798158
10171 0.700725
10172 0.528069
10173 0.884798
10174 0.384095
10175 0.752691
10176 0.598378
10177 0.399571
10178 0.368119
10179 0.647666
10180 0.828435
10181 0.510371
10182 0.89236
10183 0.823034
10184 0.898151
10185 0.602686
10186 0.694392
10187 0.584853
10188 0.597777
10189 0.78249
10190 0.47288
10191 0.692144
10192 0.749992
10193 0.631742
10194 0.757314
10195 0.640544
10196 0.628804
10197 0.462431
10198 0.409052
10199 0.672552
10200 0.474021
10201 0.57149
10202 0.447395
10203 0.513006
10204 0.728171
10205 0.702847
10206 0.631327
10207 0.866024
10208 0.618202
10209 0.624008
10210 0.476163
10211 0.493134
10212 0.660261
10213 0.576614
10214 0.414948
10215 0.577731
10216 0.560143
10217 0.585301
10218 0.438451
10219 0.560862
10220 0.798324
10221 0.53471
10222 0.592722
10223 0.787195
10224 0.774769
10225 0.82158
10226 0.554701
10227 0.845815
10228 0.892636
10229 0.885029
10230 0.616197
10231 0.533464
10232 0.584343
10233 0.927803
10234 0.579831
10235 0.52445
10236 0.6018
10237 0.867228
10238 0.558622
10239 0.66273
10240 0.517912
10241 0.528053
10242 0.626852
10243 0.717156
10244 0.430833
10245 0.471493
10246 0.579493
10247 0.628175
10248 0.850307
10249 0.836532
10250 0.587163
10251 0.541822
10252 0.526282
10253 0.516049
10254 0.605811
10255 0.741673
10256 0.628074
10257 0.912157
10258 0.648011
10259 0.693371
10260 0.610811
10261 0.512579
10262 0.530759
10263 0.64924
10264 0.523532
10265 0.811462
10266 0.716164
10267 0.758825
10268 0.742027
10269 0.760481
10270 0.599822
10271 0.5664
10272 0.780665
10273 0.724979
10274 0.49817
10275 0.7108
10276 0.742172
10277 0.451745
10278 0.692119
10279 0.573626
10280 0.787147
10281 0.744147
10282 0.772307
10283 0.570005
10284 0.608434
10285 0.723304
10286 0.670695
10287 0.527417
10288 0.479051
10289 0.581885
10290 0.563208
10291 0.669523
10292 0.678336
10293 0.908996
10294 0.868609
10295 0.645367
10296 0.751173
10297 0.39371
10298 0.701604
10299 0.840525
10300 0.865597
10301 0.840916
10302 0.610947
10303 0.914781
10304 0.694781
10305 0.677659
10306 0.62592
10307 0.885517
10308 0.839279
10309 0.808796
10310 0.731796
10311 0.810879
10312 0.815382
10313 0.668151
10314 0.520329
10315 0.504405
10316 0.889212
10317 0.751014
10318 0.340827
10319 0.802505
10320 0.661451
10321 0.52277
10322 0.666653
10323 0.731505
10324 0.850997
10325 0.476128
10326 0.875362
10327 0.677335
10328 0.740306
10329 0.711352
10330 0.741833
10331 0.71816
10332 0.538217
10333 0.46995
10334 0.691381
10335 0.542813
10336 0.733636
10337 0.860616
10338 0.726154
10339 0.867498
10340 0.809229
10341 0.567739
10342 0.656302
10343 0.433696
10344 0.369236
10345 0.365188
10346 0.477725
10347 0.801857
10348 0.348787
10349 0.348164
10350 0.682742
10351 0.97219
10352 0.363453
10353 0.939588
10354 0.522159
10355 0.615655
10356 0.715622
10357 0.584224
10358 0.867811
10359 0.927579
10360 0.766199
10361 0.774175
10362 0.678195
10363 0.820347
10364 0.77613
10365 0.67544
10366 0.799771
10367 0.611764
10368 0.793283
10369 0.736536
10370 0.663076
10371 0.949054
10372 0.524325
10373 0.827112
10374 0.790371
10375 0.654612
10376 0.759193
10377 0.887394
10378 0.727527
10379 0.558816
10380 0.909673
10381 0.640378
10382 0.666439
10383 0.774469
10384 0.7096
10385 0.72773
10386 0.704625
10387 0.871573
10388 0.674654
10389 0.857758
10390 0.63752
10391 0.777174
10392 0.859976
10393 0.811285
10394 0.752975
10395 0.815386
10396 0.329151
10397 0.665791
10398 0.738091
10399 0.54278
10400 0.787395
10401 0.799661
10402 0.517265
10403 0.890655
10404 0.88014
10405 0.715052
10406 0.764776
10407 0.520288
10408 0.807768
10409 0.705489
10410 0.588792
10411 0.709908
10412 0.699928
10413 0.748798
10414 0.655738
10415 0.977456
10416 0.566011
10417 0.556972
10418 0.914089
10419 0.656856
10420 0.760098
10421 0.572732
10422 0.714326
10423 0.626339
10424 0.903648
10425 0.30092
10426 0.531789
10427 0.391391
10428 0.756575
10429 0.779935
10430 0.720497
10431 0.694698
10432 0.698578
10433 0.575214
10434 0.761131
10435 0.793654
10436 0.813521
10437 0.481125
10438 0.887247
10439 0.804966
10440 0.865858
10441 0.891658
10442 0.70962
10443 0.760506
10444 0.86429
10445 0.618161
10446 0.64386
10447 0.71937
10448 0.460991
10449 0.637619
10450 0.629096
10451 0.738725
10452 0.657699
10453 0.873487
10454 0.727563
10455 0.896405
10456 0.678507
10457 0.858968
10458 0.714684
10459 0.955723
10460 0.833193
10461 0.519716
10462 0.406704
10463 0.393198
10464 0.481733
10465 0.630627
10466 0.516231
10467 0.602904
10468 0.77481
10469 0.8374
10470 0.918816
10471 0.644355
10472 0.4729
10473 0.797007
10474 0.622613
10475 0.655518
10476 0.796556
10477 0.718329
10478 0.652558
10479 0.725059
10480 0.503163
10481 0.594724
10482 0.752862
10483 0.731371
10484 0.843904
10485 0.860523
10486 0.797031
10487 0.941535
10488 0.750191
10489 0.781925
10490 0.802571
10491 0.68242
10492 0.839848
10493 0.751279
10494 0.679974
10495 0.632605
10496 0.428372
10497 0.587202
10498 0.623214
10499 0.738022
10500 0.731127
10501 0.757468
10502 0.90526
10503 0.729683
10504 0.703296
10505 0.580925
10506 0.747002
10507 0.864839
10508 0.607336
10509 0.815629
10510 0.540437
10511 0.384721
10512 0.385301
10513 0.448256
10514 0.843939
10515 0.829319
10516 0.673172
10517 0.716898
10518 0.61177
10519 0.762746
10520 0.80016
10521 0.623819
10522 0.626481
10523 0.649641
10524 0.537536
10525 0.925515
10526 0.661475
10527 0.666187
10528 0.736152
10529 0.744739
10530 0.945058
10531 0.724329
10532 0.722212
10533 0.897338
10534 0.782847
10535 0.777165
10536 0.67719
10537 0.732289
10538 0.79813
10539 0.687646
10540 0.693637
10541 0.720882
10542 0.551631
10543 0.721886
10544 0.752153
10545 0.781999
10546 0.36347
10547 0.609635
10548 0.445864
10549 0.701046
10550 0.589295
10551 0.730831
10552 0.641749
10553 0.876857
10554 0.783098
10555 0.858045
10556 0.334191
10557 0.791067
10558 0.597168
10559 0.585787
10560 0.567901
10561 0.856873
10562 0.878642
10563 0.73565
10564 0.767343
10565 0.749057
10566 0.912322
10567 0.869838
10568 0.924856
10569 0.850998
10570 0.890663
10571 0.694855
10572 0.802868
10573 0.945752
10574 0.718866
10575 0.746076
10576 0.728601
10577 0.468567
10578 0.57374
10579 0.776443
10580 0.778658
10581 0.943288
10582 0.561259
10583 0.875246
10584 0.670206
10585 0.823083
10586 0.681314
10587 0.791872
10588 0.729189
10589 0.671745
10590 0.781004
10591 0.529281
10592 0.7416
10593 0.736056
10594 0.340558
10595 0.43756
10596 0.676254
10597 0.751936
10598 0.469752
10599 0.579889
10600 0.63821
10601 0.798169
10602 0.839512
10603 0.570958
10604 0.944534
10605 0.694748
10606 0.726518
10607 0.654057
10608 0.662997
10609 0.578418
10610 0.783244
10611 0.621964
10612 0.458137
10613 0.501795
10614 0.485023
10615 0.437007
10616 0.671802
10617 0.746072
10618 0.516268
10619 0.526759
10620 0.808879
10621 0.528206
10622 0.54914
10623 0.496507
10624 0.552023
10625 0.733683
10626 0.877874
10627 0.658192
10628 0.569143
10629 0.679987
10630 0.650582
10631 0.70581
10632 0.534858
10633 0.475453
10634 0.432803
10635 0.466445
10636 0.351956
10637 0.579351
10638 0.842375
10639 0.567509
10640 0.456954
10641 0.518637
10642 0.48726
10643 0.403374
10644 0.65076
10645 0.637775
10646 0.560623
10647 0.49296
10648 0.788916
10649 0.474833
10650 0.679397
10651 0.691189
10652 0.629457
10653 0.444948
10654 0.520603
10655 0.923127
10656 0.653849
10657 0.728404
10658 0.739708
10659 0.878928
10660 0.709488
10661 0.775407
10662 0.733752
10663 0.54392
10664 0.894115
10665 0.686067
10666 0.239293
10667 0.331
10668 0.714987
10669 0.8952
10670 0.663934
10671 0.675441
10672 0.886387
10673 0.793001
10674 0.242008
10675 0.581577
10676 0.195057
10677 0.524018
10678 0.684082
10679 0.6632
10680 0.34434
10681 0.790451
10682 0.689727
10683 0.884708
10684 0.744429
10685 0.82727
10686 0.869358
10687 0.50962
10688 0.52705
10689 0.763486
10690 0.702565
10691 0.701182
10692 0.713538
10693 0.627292
10694 0.566286
10695 0.785545
10696 0.671334
10697 0.890844
10698 0.551525
10699 0.741068
10700 0.665615
10701 0.534842
10702 0.810352
10703 0.795152
10704 0.534924
10705 0.724206
10706 0.910954
10707 0.258697
10708 0.77061
10709 0.711856
10710 0.469015
10711 0.685466
10712 0.78555
10713 0.722699
10714 0.678535
10715 0.608571
10716 0.74419
10717 0.787507
10718 0.644658
10719 0.653698
10720 0.868991
10721 0.684998
10722 0.869713
10723 0.755347
10724 0.759189
10725 0.689138
10726 0.801526
10727 0.727552
10728 0.70608
10729 0.845502
10730 0.803158
10731 0.678149
10732 0.649113
10733 0.832424
10734 0.847061
10735 0.932358
10736 0.859386
10737 0.627913
10738 0.638241
10739 0.705845
10740 0.793812
10741 0.770006
10742 0.72209
10743 0.780019
10744 0.907795
10745 0.759252
10746 0.776869
10747 0.853736
10748 0.54392
10749 0.57445
10750 0.604983
10751 0.74492
10752 0.262049
10753 0.55872
10754 0.885507
10755 0.389997
10756 0.622201
10757 0.217163
10758 0.614309
10759 0.803093
10760 0.376428
10761 0.385657
10762 0.742112
10763 0.455365
10764 0.193835
10765 0.334483
10766 0.58868
10767 0.755084
10768 0.592608
10769 0.842696
10770 0.858644
10771 0.796789
10772 0.48117
10773 0.883045
10774 0.623018
10775 0.686468
10776 0.805413
10777 0.842711
10778 0.663861
10779 0.744526
10780 0.386635
10781 0.78148
10782 0.878573
10783 0.69996
10784 0.391066
10785 0.872152
10786 0.772785
10787 0.692276
10788 0.729096
10789 0.707713
10790 0.693728
10791 0.417321
10792 0.625191
10793 0.60589
10794 0.536797
10795 0.653643
10796 0.479777
10797 0.921807
10798 0.635417
10799 0.792226
10800 0.810826
10801 0.429493
10802 0.776127
10803 0.731562
10804 0.640673
10805 0.835679
10806 0.595069
10807 0.34629
10808 0.357166
10809 0.899692
10810 0.621584
10811 0.763898
10812 0.82666
10813 0.647834
10814 0.850509
10815 0.687813
10816 0.591608
10817 0.693796
10818 0.90972
10819 0.900254
10820 0.865757
10821 0.693305
10822 0.656626
10823 0.563349
10824 0.882206
10825 0.649421
10826 0.827108
10827 0.533085
10828 0.93639
10829 0.642601
10830 0.580313
10831 0.561886
10832 0.838186
10833 0.600712
10834 0.843947
10835 0.454953
10836 0.809302
10837 0.876528
10838 0.627846
10839 0.760719
10840 0.710621
10841 0.871875
10842 0.758924
10843 0.519362
10844 0.469329
10845 0.419387
10846 0.640976
10847 0.570458
10848 0.655351
10849 0.648592
10850 0.571773
10851 0.536968
10852 0.343217
10853 0.587654
10854 0.51367
10855 0.619426
10856 0.586348
10857 0.782692
10858 0.718682
10859 0.622311
10860 0.451673
10861 0.387613
10862 0.636255
10863 0.711048
10864 0.848697
10865 0.823133
10866 0.651743
10867 0.56661
10868 0.92503
10869 0.709803
10870 0.788591
10871 0.772375
10872 0.662955
10873 0.533022
10874 0.425293
10875 0.766766
10876 0.590429
10877 0.561893
10878 0.647196
10879 0.633511
10880 0.717138
10881 0.646343
10882 0.622537
10883 0.843077
10884 0.857499
10885 0.873526
10886 0.63313
10887 0.923139
10888 0.520254
10889 0.848684
10890 0.951263
10891 0.558148
10892 0.798222
10893 0.762518
10894 0.582776
10895 0.786812
10896 0.483124
10897 0.318757
10898 0.868147
10899 0.812081
10900 0.852942
10901 0.605499
10902 0.915861
10903 0.948851
10904 0.738522
10905 0.808942
10906 0.668368
10907 0.671479
10908 0.842614
10909 0.852012
10910 0.851049
10911 0.213341
10912 0.586963
10913 0.409024
10914 0.248379
10915 0.40234
10916 0.771064
10917 0.828434
10918 0.571439
10919 0.758703
10920 0.722925
10921 0.684381
10922 0.372991
10923 0.720354
10924 0.669706
10925 0.707304
10926 0.825355
10927 0.715729
10928 0.645708
10929 0.892684
10930 0.677275
10931 0.838053
10932 0.645157
10933 0.723721
10934 0.694838
10935 0.741705
10936 0.689071
10937 0.700732
10938 0.790396
10939 0.712205
10940 0.847766
10941 0.85018
10942 0.848524
10943 0.86506
10944 0.739517
10945 0.693754
10946 0.646089
10947 0.83877
10948 0.657944
10949 0.655917
10950 0.478177
10951 0.793277
10952 0.923858
10953 0.726958
10954 0.787318
10955 0.581201
10956 0.87099
10957 0.878365
10958 0.467854
10959 0.584856
10960 0.415957
10961 0.364576
10962 0.778009
10963 0.658408
10964 0.769862
10965 0.672795
10966 0.716852
10967 0.756091
10968 0.914426
10969 0.704482
10970 0.649655
10971 0.703038
10972 0.69106
10973 0.77368
10974 0.802551
10975 0.608178
10976 0.575809
10977 0.633323
10978 0.790979
10979 0.477079
10980 0.95472
10981 0.728497
10982 0.849223
10983 0.736715
10984 0.715199
10985 0.807837
10986 0.756218
10987 0.637699
10988 0.790191
10989 0.775146
10990 0.637192
10991 0.660007
10992 0.716066
10993 0.831898
10994 0.623882
10995 0.413314
10996 0.729658
10997 0.745206
10998 0.823052
10999 0.886723
11000 0.645124
11001 0.669244
11002 0.691516
11003 0.621459
11004 0.75868
11005 0.590795
11006 0.854957
11007 0.326325
11008 0.910553
11009 0.923966
11010 0.841611
11011 0.228102
11012 0.796496
11013 0.325956
11014 0.3538
11015 0.892795
11016 0.867851
11017 0.761261
11018 0.212455
11019 0.342377
11020 0.562259
11021 0.892166
11022 0.804377
11023 0.785814
11024 0.741974
11025 0.820133
11026 0.354604
11027 0.874078
11028 0.739667
11029 0.588223
11030 0.765982
11031 0.710916
11032 0.887828
11033 0.817777
11034 0.852802
11035 0.662001
11036 0.641544
11037 0.587311
11038 0.814078
11039 0.687394
11040 0.946037
11041 0.683378
11042 0.93291
11043 0.755755
11044 0.672261
11045 0.496769
11046 0.615373
11047 0.543885
11048 0.496606
11049 0.824691
11050 0.900181
11051 0.916414
11052 0.560071
11053 0.601707
11054 0.762463
11055 0.804686
11056 0.897295
11057 0.378107
11058 0.648915
11059 0.615412
11060 0.765369
11061 0.701921
11062 0.808236
11063 0.580454
11064 0.615129
11065 0.821292
11066 0.696408
11067 0.648428
11068 0.721405
11069 0.664384
11070 0.736682
11071 0.645693
11072 0.572734
11073 0.891638
11074 0.766882
11075 0.84456
11076 0.979212
11077 0.749667
11078 0.413121
11079 0.79585
11080 0.627265
11081 0.642166
11082 0.634567
11083 0.770368
11084 0.695346
11085 0.810881
11086 0.687176
11087 0.754313
11088 0.853873
11089 0.870639
11090 0.905188
11091 0.885144
11092 0.905436
11093 0.956785
11094 0.824798
11095 0.833962
11096 0.861478
11097 0.625787
11098 0.883821
11099 0.868732
11100 0.928008
11101 0.592427
11102 0.670962
11103 0.740879
11104 0.812178
11105 0.338074
11106 0.830607
11107 0.851868
11108 0.699042
11109 0.841726
11110 0.779351
11111 0.702258
11112 0.810318
11113 0.653542
11114 0.441498
11115 0.466547
11116 0.544167
11117 0.757519
11118 0.707778
11119 0.481227
11120 0.62419
11121 0.732611
11122 0.756113
11123 0.629162
11124 0.735496
11125 0.714746
11126 0.71723
11127 0.884703
11128 0.529106
11129 0.872134
11130 0.69478
11131 0.507289
11132 0.859247
11133 0.735935
11134 0.659164
11135 0.76747
11136 0.802022
11137 0.919412
11138 0.888607
11139 0.835226
11140 0.716509
11141 0.708751
11142 0.794346
11143 0.882612
11144 0.859575
11145 0.50081
11146 0.488255
11147 0.80704
11148 0.775247
11149 0.942279
11150 0.820076
11151 0.960143
11152 0.890391
11153 0.859662
11154 0.651878
11155 0.71707
11156 0.633244
11157 0.681863
11158 0.978779
11159 0.22828
11160 0.293922
11161 0.661788
11162 0.920051
11163 0.499091
11164 0.73838
11165 0.88495
11166 0.784333
11167 0.46762
11168 0.881557
11169 0.396411
11170 0.532696
11171 0.808375
11172 0.512036
11173 0.873807
11174 0.837668
11175 0.584565
11176 0.408981
11177 0.772469
11178 0.963122
11179 0.766558
11180 0.691241
11181 0.882014
11182 0.649017
11183 0.77364
11184 0.726373
11185 0.873014
11186 0.733856
11187 0.844683
11188 0.792517
11189 0.825229
11190 0.738927
11191 0.790721
11192 0.965052
11193 0.772993
11194 0.842414
11195 0.849513
11196 0.731284
11197 0.402
11198 0.756948
11199 0.856552
11200 0.414161
11201 0.715791
11202 0.27995
11203 0.560161
11204 0.670435
11205 0.85354
11206 0.49281
11207 0.725628
11208 0.675309
11209 0.652223
11210 0.588816
11211 0.679061
11212 0.378292
11213 0.594863
11214 0.928484
11215 0.751843
11216 0.894702
11217 0.957663
11218 0.655698
11219 0.62609
11220 0.908663
11221 0.928914
11222 0.703016
11223 0.814568
11224 0.616916
11225 0.879473
11226 0.97666
11227 0.92911
11228 0.686538
11229 0.750799
11230 0.775178
11231 0.832785
11232 0.819445
11233 0.526327
11234 0.809378
11235 0.878914
11236 0.521475
11237 0.800387
11238 0.795559
11239 0.683384
11240 0.728632
11241 0.807854
11242 0.900447
11243 0.642691
11244 0.750447
11245 0.567511
11246 0.609518
11247 0.500453
11248 0.860047
11249 0.900955
11250 0.721917
11251 0.724197
11252 0.763681
11253 0.607411
11254 0.46588
11255 0.631542
11256 0.738172
11257 0.688123
11258 0.527311
11259 0.72024
11260 0.656621
11261 0.832832
11262 0.433021
11263 0.695951
11264 0.770271
11265 0.84168
11266 0.444867
11267 0.70263
11268 0.654121
11269 0.960509
11270 0.602137
11271 0.824691
11272 0.680264
11273 0.314038
11274 0.587927
11275 0.58512
11276 0.807742
11277 0.612455
11278 0.821581
11279 0.869394
11280 0.878776
11281 0.323109
11282 0.708836
11283 0.857449
11284 0.766988
11285 0.679394
11286 0.863829
11287 0.903653
11288 0.836647
11289 0.48695
11290 0.59821
11291 0.713368
11292 0.692623
11293 0.586876
11294 0.81243
11295 0.854587
11296 0.836798
11297 0.656468
11298 0.660803
11299 0.57987
11300 0.674648
11301 0.876078
11302 0.477923
11303 0.844891
11304 0.310318
11305 0.39464
11306 0.297094
11307 0.68336
11308 0.759978
11309 0.52158
11310 0.259948
11311 0.770013
11312 0.782535
11313 0.757019
11314 0.753886
11315 0.894735
11316 0.624913
11317 0.775424
11318 0.502994
11319 0.68228
11320 0.481735
11321 0.855573
11322 0.611585
11323 0.785394
11324 0.851794
11325 0.43511
11326 0.827726
11327 0.7447
11328 0.779223
11329 0.446567
11330 0.669714
11331 0.596221
11332 0.741351
11333 0.717392
11334 0.825999
11335 0.603908
11336 0.91477
11337 0.877716
11338 0.850246
11339 0.944011
11340 0.798094
11341 0.566853
11342 0.924885
11343 0.907658
11344 0.766512
11345 0.8184
11346 0.818052
11347 0.695407
11348 0.787617
11349 0.806043
11350 0.473425
11351 0.790702
11352 0.818077
11353 0.706106
11354 0.595517
11355 0.577798
11356 0.584065
11357 0.518467
11358 0.459253
11359 0.0821764
11360 0.636348
11361 0.593942
11362 0.471797
11363 0.565569
11364 0.7885
11365 0.473992
11366 0.712769
11367 0.752296
11368 0.508795
11369 0.464412
11370 0.833685
11371 0.836738
11372 0.0110791
11373 0.899191
11374 0.799422
11375 0.15972
11376 0.746639
11377 0.721215
11378 0.671715
11379 0.576912
11380 0.545166
11381 0.69824
11382 0.80171
11383 0.945892
11384 0.731172
11385 0.694807
11386 0.952364
11387 0.82962
11388 0.8073
11389 0.62875
11390 0.597657
11391 0.537684
11392 0.72442
11393 0.674689
11394 0.620849
11395 0.60317
11396 0.623203
11397 0.539191
11398 0.476703
11399 0.859344
11400 0.617959
11401 0.573948
11402 0.605832
11403 0.913687
11404 0.839724
11405 0.816626
11406 0.832048
11407 0.734325
11408 0.633123
11409 0.638454
11410 0.705337
11411 0.478261
11412 0.734755
11413 0.903576
11414 0.557537
11415 0.668509
11416 0.708999
11417 0.794714
11418 0.357052
11419 0.80714
11420 0.660638
11421 0.27328
11422 0.604139
11423 0.780835
11424 0.661233
11425 0.845534
11426 0.693892
11427 0.641728
11428 0.485771
11429 0.713556
11430 0.763958
11431 0.655712
11432 0.844529
11433 0.771923
11434 0.633046
11435 0.82166
11436 0.626289
11437 0.945029
11438 0.677156
11439 0.76924
11440 0.860384
11441 0.816229
11442 0.522515
11443 0.848614
11444 0.611986
11445 0.788784
11446 0.822259
11447 0.614219
11448 0.835554
11449 0.679421
11450 0.799304
11451 0.498127
11452 0.676168
11453 0.614331
11454 0.747953
11455 0.859899
11456 0.600639
11457 0.830661
11458 0.567972
11459 0.787772
11460 0.634604
11461 0.528771
11462 0.670562
11463 0.734413
11464 0.704593
11465 0.567972
11466 0.763861
11467 0.632527
11468 0.809165
11469 0.709318
11470 0.231075
11471 0.526891
11472 0.794827
11473 0.779196
11474 0.840666
11475 0.0801342
11476 0.701205
11477 0.587208
11478 0.65272
11479 0.739724
11480 0.887855
11481 0.717818
11482 0.854559
11483 0.663147
11484 0.529635
11485 0.77554
11486 0.853031
11487 0.855515
11488 0.603149
11489 0.708368
11490 0.830731
11491 0.88955
11492 0.638363
11493 0.559588
11494 0.951933
11495 0.865451
11496 0.786642
11497 0.908654
11498 0.558856
11499 0.734079
11500 0.661423
11501 0.697378
11502 0.629655
11503 0.858454
11504 0.740054
11505 0.865038
11506 0.65332
11507 0.711717
11508 0.55471
11509 0.561418
11510 0.556334
11511 0.588917
11512 0.757919
11513 0.905414
11514 0.868455
11515 0.625117
11516 0.733622
11517 0.817116
11518 0.557074
11519 0.745026
11520 0.711745
11521 0.798186
11522 0.926699
11523 0.810971
11524 0.70422
11525 0.359188
11526 0.792728
11527 0.897678
11528 0.740076
11529 0.836192
11530 0.695992
11531 0.745972
11532 0.759517
11533 0.791721
11534 0.89235
11535 0.702511
11536 0.842773
11537 0.891454
11538 0.698634
11539 0.817072
11540 0.711846
11541 0.616058
11542 0.852771
11543 0.809754
11544 0.727309
11545 0.633506
11546 0.825998
11547 0.735701
11548 0.810554
11549 0.462824
11550 0.780328
11551 0.672802
11552 0.933471
11553 0.661509
11554 0.504143
11555 0.796496
11556 0.971546
11557 0.897248
11558 0.68548
11559 0.715435
11560 0.9171
11561 0.745847
11562 0.583448
11563 0.766315
11564 0.497333
11565 0.932979
11566 0.864991
11567 0.646966
11568 0.772503
11569 0.683123
11570 0.762261
11571 0.814546
11572 0.800253
11573 0.835805
11574 0.63842
11575 0.735069
11576 0.119167
11577 0.894023
11578 0.437525
11579 0.788558
11580 0.774773
11581 0.577244
11582 0.689843
11583 0.942178
11584 0.622033
11585 0.546812
11586 0.797848
11587 0.582984
11588 0.67661
11589 0.720923
11590 0.804277
11591 0.529443
11592 0.732869
11593 0.949999
11594 0.812947
11595 0.369631
11596 0.688171
11597 0.948797
11598 0.222794
11599 0.837304
11600 0.563485
11601 0.72465
11602 0.773385
11603 0.655264
11604 0.477823
11605 0.787079
11606 0.858845
11607 0.656792
11608 0.583068
11609 0.781063
11610 0.657322
11611 0.557064
11612 0.884352
11613 0.541067
11614 0.543841
11615 0.632479
11616 0.901289
11617 0.853542
11618 0.739672
11619 0.696146
11620 0.667119
11621 0.49805
11622 0.876154
11623 0.771215
11624 0.831678
11625 0.791178
11626 0.934072
11627 0.957226
11628 0.641281
11629 0.686078
11630 0.709406
11631 0.757477
11632 0.706551
11633 0.564324
11634 0.79874
11635 0.897791
11636 0.767495
11637 0.570733
11638 0.719497
11639 0.235769
11640 0.934949
11641 0.881056
11642 0.761809
11643 0.83278
11644 0.868143
11645 0.795083
11646 0.651706
11647 0.669267
11648 0.785052
11649 0.603617
11650 0.767077
11651 0.605082
11652 0.39032
11653 0.810865
11654 0.713487
11655 0.789608
11656 0.866249
11657 0.836572
11658 0.950725
11659 0.516284
11660 0.245933
11661 0.83144
11662 0.654359
11663 0.600501
11664 0.616131
11665 0.747956
11666 0.762622
11667 0.713973
11668 0.720389
11669 0.676979
11670 0.707052
11671 0.852383
11672 0.695761
11673 0.629771
11674 0.798649
11675 0.68456
11676 0.709779
11677 0.519537
11678 0.907588
11679 0.884939
11680 0.647414
11681 0.829097
11682 0.623874
11683 0.768804
11684 0.604656
11685 0.757111
11686 0.595067
11687 0.899536
11688 0.88789
11689 0.791341
11690 0.805577
11691 0.42848
11692 0.476996
11693 0.685985
11694 0.383088
11695 0.680429
11696 0.755524
11697 0.666261
11698 0.537026
11699 0.662831
11700 0.521858
11701 0.844274
11702 0.756693
11703 0.769953
11704 0.81192
11705 0.819502
11706 0.754295
11707 0.68706
11708 0.683393
11709 0.709941
11710 0.912463
11711 0.804945
11712 0.760635
11713 0.546463
11714 0.193071
11715 0.759549
11716 0.749212
11717 0.674003
11718 0.55595
11719 0.516332
11720 0.678795
11721 0.54081
11722 0.922521
11723 0.713843
11724 0.823243
11725 0.656018
11726 0.753098
11727 0.831808
11728 0.863088
11729 0.639734
11730 0.874515
11731 0.774941
11732 0.895259
11733 0.612261
11734 0.701417
11735 0.642193
11736 0.368118
11737 0.889598
11738 0.621359
11739 0.54896
11740 0.889454
11741 0.632395
11742 0.925625
11743 0.494191
11744 0.693133
11745 0.716359
11746 0.695207
11747 0.618456
11748 0.79869
11749 0.770607
11750 0.800169
11751 0.795997
11752 0.530987
11753 0.823038
11754 0.783912
11755 0.865032
11756 0.666491
11757 0.466908
11758 0.896745
11759 0.216461
11760 0.848669
11761 0.678031
11762 0.795096
11763 0.48404
11764 0.75403
11765 0.471679
11766 0.88448
11767 0.72413
11768 0.804087
11769 0.742979
11770 0.793157
11771 0.539542
11772 0.924163
11773 0.648993
11774 0.843773
11775 0.590598
11776 0.838472
11777 0.780296
11778 0.834109
11779 0.774539
11780 0.730056
11781 0.694523
11782 0.798634
11783 0.719698
11784 0.896282
11785 0.910306
11786 0.962532
11787 0.872157
11788 0.732038
11789 0.441695
11790 0.859345
11791 0.647814
11792 0.59679
11793 0.524224
11794 0.58552
11795 0.604093
11796 0.586109
11797 0.95431
11798 0.84576
11799 0.527819
11800 0.850453
11801 0.783627
11802 0.621747
11803 0.702652
11804 0.798446
11805 0.880091
11806 0.967959
11807 0.686509
11808 0.719545
11809 0.829596
11810 0.857918
11811 0.74929
11812 0.699363
11813 0.552329
11814 0.898441
11815 0.656449
11816 0.809876
11817 0.715643
11818 0.883575
11819 0.86224
11820 0.739442
11821 0.855421
11822 0.623036
11823 0.578061
11824 0.636693
11825 0.787125
11826 0.840087
11827 0.833519
11828 0.865269
11829 0.780802
11830 0.753165
11831 0.612121
11832 0.0538842
11833 0.496388
11834 0.0416068
11835 0.681593
11836 0.472081
11837 0.935549
11838 0.765005
11839 0.74479
11840 0.89826
11841 0.846469
11842 0.741368
11843 0.653346
11844 0.692964
11845 0.744769
11846 0.65529
11847 0.656989
11848 0.744383
11849 0.818809
11850 0.899528
11851 0.906446
11852 0.618603
11853 0.882638
11854 0.881025
11855 0.748471
11856 0.736046
11857 0.492619
11858 0.643489
11859 0.897429
11860 0.867324
11861 0.898353
11862 0.705283
11863 0.755036
11864 0.875192
11865 0.731589
11866 0.649429
11867 0.739615
11868 0.667114
11869 0.923977
11870 0.56082
11871 0.780884
11872 0.491472
11873 0.529955
11874 0.849379
11875 0.748264
11876 0.603375
11877 0.525024
11878 0.667448
11879 0.688017
11880 0.729395
11881 0.894433
11882 0.523481
11883 0.654994
11884 0.895583
11885 0.758292
11886 0.817345
11887 0.638513
11888 0.695871
11889 0.797811
11890 0.924055
11891 0.630266
11892 0.684467
11893 0.594356
11894 0.828443
11895 0.758851
11896 0.813824
11897 0.718952
11898 0.870222
11899 0.85936
11900 0.376364
11901 0.780926
11902 0.801494
11903 0.936151
11904 0.806347
11905 0.956901
11906 0.823937
11907 0.933476
11908 0.630284
11909 0.652677
11910 0.670675
11911 0.726112
11912 0.69905
11913 0.611135
11914 0.865458
11915 0.613536
11916 0.743248
11917 0.855595
11918 0.911589
11919 0.898053
11920 0.777506
11921 0.85744
11922 0.553269
11923 0.85395
11924 0.450409
11925 0.549227
11926 0.76684
11927 0.420489
11928 0.732275
11929 0.952938
11930 0.790073
11931 0.713356
11932 0.849333
11933 0.833882
11934 0.611068
11935 0.793152
11936 0.691788
11937 0.718421
11938 0.184786
11939 0.481075
11940 0.929087
11941 0.872928
11942 0.900098
11943 0.87988
11944 0.640659
11945 0.845825
11946 0.814371
11947 0.288256
11948 0.887971
11949 0.670283
11950 0.743343
11951 0.882995
11952 0.594231
11953 0.51681
11954 0.581829
11955 0.805629
11956 0.853206
11957 0.863552
11958 0.751873
11959 0.370324
11960 0.81783
11961 0.899375
11962 0.817035
11963 0.69733
11964 0.914035
11965 0.820054
11966 0.662282
11967 0.849563
11968 0.593958
11969 0.867077
11970 0.631288
11971 0.207691
11972 0.412129
11973 0.437705
11974 0.660786
11975 0.864499
11976 0.316417
11977 0.537064
11978 0.814668
11979 0.834652
11980 0.488415
11981 0.69387
11982 0.367127
11983 0.506288
11984 0.668106
11985 0.407987
11986 0.681998
11987 0.523762
11988 0.675059
11989 0.912146
11990 0.577871
11991 0.743128
11992 0.743064
11993 0.870143
11994 0.454856
11995 0.582908
11996 0.623398
11997 0.845956
11998 0.776456
11999 0.356435
12000 0.678575
12001 0.878563
12002 0.826188
12003 0.484397
12004 0.632068
12005 0.80618
12006 0.58279
12007 0.521282
12008 0.657396
12009 0.623567
12010 0.72775
12011 0.0998187
12012 0.837081
12013 0.866393
12014 0.690949
12015 0.367686
12016 0.112295
12017 0.732307
12018 0.317569
12019 0.865509
12020 0.743452
12021 0.833928
12022 0.274939
12023 0.258639
12024 0.89539
12025 0.662118
12026 0.557384
12027 0.60627
12028 0.677592
12029 0.887622
12030 0.370711
12031 0.592471
12032 0.069357
12033 0.706324
12034 0.415255
12035 0.81245
12036 0.105096
12037 0.283995
12038 0.0850425
12039 0.145375
12040 0.2066
12041 0.31536
12042 0.32319
12043 0.581459
12044 0.503726
12045 0.151604
12046 0.749785
12047 0.485538
12048 0.511562
12049 0.654543
12050 0.115418
12051 0.374523
12052 0.358166
12053 0.455337
12054 0.374261
12055 0.58576
12056 0.893554
12057 0.254524
12058 0.560422
12059 0.0358247
12060 0.089058
12061 0.739879
12062 0.232249
12063 0.362987
12064 0.585682
12065 0.608234
12066 0.208668
12067 0.445998
12068 0.720562
12069 0.792519
12070 0.522668
12071 0.765292
12072 0.518723
12073 0.322566
12074 0.492114
12075 0.734641
12076 0.850864
12077 0.24473
12078 0.334438
12079 0.356438
12080 0.66201
12081 0.547958
12082 0.848973
12083 0.719975
12084 0.785141
12085 0.694086
12086 0.609772
12087 0.852498
12088 0.098938
12089 0.813789
12090 0.822592
12091 0.518295
12092 0.742569
12093 0.654573
12094 0.878102
12095 0.750832
12096 0.849017
12097 0.940996
12098 0.737726
12099 0.829428
12100 0.714146
12101 0.581084
12102 0.575968
12103 0.823957
12104 0.667449
12105 0.796512
12106 0.455013
12107 0.944938
12108 0.541592
12109 0.768561
12110 0.65937
12111 0.81439
12112 0.113109
12113 0.949276
12114 0.630337
12115 0.572413
12116 0.733756
12117 0.503403
12118 0.0153967
12119 0.592856
12120 0.785598
12121 0.761158
12122 0.610352
12123 0.659372
12124 0.787178
12125 0.755822
12126 0.977126
12127 0.728516
12128 0.785329
12129 0.751217
12130 0.665107
12131 0.809034
12132 0.899264
12133 0.682866
12134 0.625473
12135 0.797395
12136 0.653433
12137 0.829822
12138 0.736651
12139 0.849927
12140 0.808663
12141 0.664333
12142 0.817259
12143 0.384193
12144 0.754488
12145 0.789058
12146 0.956253
12147 0.590617
12148 0.762172
12149 0.856329
12150 0.950205
12151 0.328201
12152 0.950895
12153 0.991585
12154 0.950612
12155 0.218974
12156 0.828747
12157 0.817941
12158 0.829542
12159 0.704429
12160 0.817885
12161 0.782746
12162 0.772674
12163 0.718986
12164 0.817118
12165 0.806732
12166 0.828989
12167 0.570993
12168 0.616875
12169 0.645072
12170 0.744781
12171 0.661826
12172 0.700374
12173 0.400045
12174 0.674209
12175 0.817049
12176 0.675587
12177 0.835164
12178 0.829466
12179 0.78901
12180 0.445379
12181 0.401281
12182 0.723271
12183 0.96043
12184 0.908879
12185 0.83988
12186 0.476978
12187 0.576744
12188 0.587623
12189 0.742334
12190 0.0939265
12191 0.0992959
12192 0.143572
12193 0.764424
12194 0.834055
12195 0.61421
12196 0.738346
12197 0.611072
12198 0.70555
12199 0.640097
12200 0.0742834
12201 0.232738
12202 0.0689719
12203 0.647763
12204 0.81679
12205 0.418709
12206 0.967799
12207 0.263289
12208 0.890082
12209 0.792956
12210 0.796837
12211 0.625724
12212 0.796134
12213 0.705587
12214 0.737668
12215 0.867958
12216 0.615554
12217 0.414468
12218 0.440304
12219 0.0874577
12220 0.690793
12221 0.867962
12222 0.8244
12223 0.525842
12224 0.597518
12225 0.672239
12226 0.475133
12227 0.789848
12228 0.593775
12229 0.708083
12230 0.819195
12231 0.52469
12232 0.48395
12233 0.429729
12234 0.800644
12235 0.818646
12236 0.257107
12237 0.745776
12238 0.0814064
12239 0.591177
12240 0.899972
12241 0.624869
12242 0.0885119
12243 0.189237
12244 0.302792
12245 0.750999
12246 0.498897
12247 0.121808
12248 0.462629
12249 0.598037
12250 0.46275
12251 0.812375
12252 0.788487
12253 0.750164
12254 0.708512
12255 0.41892
12256 0.390883
12257 0.657572
12258 0.545351
12259 0.564742
12260 0.760295
12261 0.864736
12262 0.503811
12263 0.90603
12264 0.927831
12265 0.783134
12266 0.9279
12267 0.580067
12268 0.728342
12269 0.818409
12270 0.30734
12271 0.372291
12272 0.827406
12273 0.715381
12274 0.699951
12275 0.82052
12276 0.446811
12277 0.687332
12278 0.598303
12279 0.915947
12280 0.849437
12281 0.950408
12282 0.774134
12283 0.651329
12284 0.910639
12285 0.688285
12286 0.823618
12287 0.281544
12288 0.721408
12289 0.697247
12290 0.244544
12291 0.840727
12292 0.716838
12293 0.819495
12294 0.899204
12295 0.771975
12296 0.705671
12297 0.695054
12298 0.834786
12299 0.683566
12300 0.378967
12301 0.858034
12302 0.555705
12303 0.714402
12304 0.0863397
12305 0.570508
12306 0.563777
12307 0.828701
12308 0.592103
12309 0.160971
12310 0.889216
12311 0.902396
12312 0.888102
12313 0.770719
12314 0.168718
12315 0.229538
12316 0.867975
12317 0.852142
12318 0.533628
12319 0.86429
12320 0.719665
12321 0.764478
12322 0.656619
12323 0.648947
12324 0.688415
12325 0.525581
12326 0.896199
12327 0.77431
12328 0.625975
12329 0.758347
12330 0.746156
12331 0.506928
12332 0.630961
12333 0.700661
12334 0.585602
12335 0.2709
12336 0.838344
12337 0.793454
12338 0.559553
12339 0.284021
12340 0.60183
12341 0.691771
12342 0.516188
12343 0.33793
12344 0.112221
12345 0.234596
12346 0.879347
12347 0.781018
12348 0.654497
12349 0.687118
12350 0.716703
12351 0.698838
12352 0.426126
12353 0.696008
12354 0.814516
12355 0.829912
12356 0.871181
12357 0.617509
12358 0.65041
12359 0.52301
12360 0.446782
12361 0.348296
12362 0.648005
12363 0.713018
12364 0.809321
12365 0.207961
12366 0.302015
12367 0.493598
12368 0.611712
12369 0.785555
12370 0.726319
12371 0.79299
12372 0.761838
12373 0.0936139
12374 0.754658
12375 0.766766
12376 0.443675
12377 0.565826
12378 0.785926
12379 0.656618
12380 0.785426
12381 0.872454
12382 0.882432
12383 0.577416
12384 0.615812
12385 0.722244
12386 0.644826
12387 0.726216
12388 0.689388
12389 0.40449
12390 0.872256
12391 0.292284
12392 0.544038
12393 0.639309
12394 0.886573
12395 0.820965
12396 0.895901
12397 0.833249
12398 0.854035
12399 0.284669
12400 0.189457
12401 0.870127
12402 0.575747
12403 0.552875
12404 0.905814
12405 0.779317
12406 0.910615
12407 0.575675
12408 0.372965
12409 0.652153
12410 0.443732
12411 0.982326
12412 0.760918
12413 0.70357
12414 0.724292
12415 0.463708
12416 0.491568
12417 0.871971
12418 0.716922
12419 0.480659
12420 0.816478
12421 0.339665
12422 0.186741
12423 0.570141
12424 0.565305
12425 0.0879268
12426 0.16408
12427 0.708856
12428 0.670947
12429 0.660421
12430 0.627234
12431 0.560991
12432 0.78608
12433 0.74725
12434 0.85414
12435 0.734519
12436 0.364799
12437 0.0877999
12438 0.731999
12439 0.0994743
12440 0.692159
12441 0.215339
12442 0.413524
12443 0.149447
12444 0.223296
12445 0.748755
12446 0.559855
12447 0.614674
12448 0.801957
12449 0.60735
12450 0.574781
12451 0.89189
12452 0.760639
12453 0.626618
12454 0.475697
12455 0.17955
12456 0.0328612
12457 0.168633
12458 0.327326
12459 0.212559
12460 0.273811
12461 0.538363
12462 0.379978
12463 0.804865
12464 0.605613
12465 0.495499
12466 0.938815
12467 0.738841
12468 0.797767
12469 0.618357
12470 0.860593
12471 0.49445
12472 0.771363
12473 0.484094
12474 0.925926
12475 0.609604
12476 0.595451
12477 0.740056
12478 0.0681953
12479 0.0777777
12480 0.585875
12481 0.64578
12482 0.762657
12483 0.565636
12484 0.835702
12485 0.529054
12486 0.103496
12487 0.0974979
12488 0.0892582
12489 0.820641
12490 0.469019
12491 0.72579
12492 0.645733
12493 0.888638
12494 0.669273
12495 0.922618
12496 0.660927
12497 0.660645
12498 0.562381
12499 0.701589
12500 0.599743
12501 0.738048
12502 0.345848
12503 0.688665
12504 0.0689719
12505 0.770673
12506 0.904839
12507 0.90061
12508 0.792759
12509 0.611745
12510 0.895867
12511 0.753508
12512 0.0695007
12513 0.954412
12514 0.408532
12515 0.742707
12516 0.789991
12517 0.431939
12518 0.468429
12519 0.594675
12520 0.362541
12521 0.713238
12522 0.636505
12523 0.0877632
12524 0.701392
12525 0.791078
12526 0.663625
12527 0.769689
12528 0.401452
12529 0.506264
12530 0.869458
12531 0.939908
12532 0.82767
12533 0.792529
12534 0.447891
12535 0.781708
12536 0.317233
12537 0.601028
12538 0.776422
12539 0.51057
12540 0.285458
12541 0.862419
12542 0.931339
12543 0.465194
12544 0.502854
12545 0.876296
12546 0.977667
12547 0.929667
12548 0.902976
12549 0.764672
12550 0.764086
12551 0.595821
12552 0.813839
12553 0.28429
12554 0.838887
12555 0.83203
12556 0.832688
12557 0.718823
12558 0.74138
12559 0.897785
12560 0.821348
12561 0.911974
12562 0.830098
12563 0.774993
12564 0.569639
12565 0.697838
12566 0.71397
12567 0.816381
12568 0.603912
12569 0.71814
12570 0.682016
12571 0.738636
12572 0.810612
12573 0.165829
12574 0.157739
12575 0.864609
12576 0.774888
12577 0.838231
12578 0.899144
12579 0.744267
12580 0.17896
12581 0.886829
12582 0.783294
12583 0.611973
12584 0.751074
12585 0.676211
12586 0.659571
12587 0.81784
12588 0.898706
12589 0.769229
12590 0.823476
12591 0.865736
12592 0.0221229
12593 0.578861
12594 0.849114
12595 0.73517
12596 0.853069
12597 0.454881
12598 0.692534
12599 0.7033
12600 0.740818
12601 0.907803
12602 0.710308
12603 0.825608
12604 0.691785
12605 0.885659
12606 0.0883045
12607 0.792208
12608 0.772718
12609 0.584744
12610 0.532534
12611 0.394107
12612 0.113826
12613 0.550684
12614 0.540392
12615 0.512939
12616 0.754134
12617 0.486047
12618 0.674251
12619 0.701565
12620 0.560538
12621 0.708749
12622 0.711578
12623 0.963377
12624 0.824487
12625 0.700086
12626 0.732155
12627 0.596927
12628 0.710656
12629 0.698002
12630 0.78757
12631 0.837065
12632 0.566685
12633 0.796403
12634 0.750382
12635 0.72331
12636 0.72643
12637 0.746033
12638 0.793827
12639 0.58561
12640 0.763514
12641 0.662341
12642 0.215701
12643 0.0143647
12644 0.0153629
12645 0.877956
12646 0.604028
12647 0.92034
12648 0.934054
12649 0.0607374
12650 0.806934
12651 0.753996
12652 0.779829
12653 0.569087
12654 0.81528
12655 0.54319
12656 0.624627
12657 0.0787124
12658 0.261626
12659 0.298375
12660 0.781931
12661 0.835335
12662 0.650426
12663 0.432385
12664 0.912018
12665 0.748174
12666 0.714585
12667 0.867959
12668 0.7828
12669 0.789251
12670 0.448401
12671 0.751346
12672 0.747695
12673 0.860905
12674 0.566513
12675 0.517804
12676 0.851586
12677 0.856247
12678 0.520749
12679 0.638051
12680 0.927923
12681 0.87322
12682 0.512101
12683 0.736644
12684 0.723147
12685 0.701038
12686 0.664094
12687 0.804543
12688 0.837033
12689 0.75644
12690 0.690312
12691 0.546063
12692 0.795413
12693 0.450524
12694 0.459481
12695 0.00663508
12696 0.470333
12697 0.74799
12698 0.388034
12699 0.90001
12700 0.723933
12701 0.551016
12702 0.740318
12703 0.860517
12704 0.842523
12705 0.779865
12706 0.481315
12707 0.949694
12708 0.722688
12709 0.757531
12710 0.860991
12711 0.597546
12712 0.875425
12713 0.811628
12714 0.50053
12715 0.648584
12716 0.745888
12717 0.817169
12718 0.835157
12719 0.656658
12720 0.667545
12721 0.860137
12722 0.573929
12723 0.762145
12724 0.145622
12725 0.731233
12726 0.119083
12727 0.144215
12728 0.615945
12729 0.766003
12730 0.355192
12731 0.582556
12732 0.251668
12733 0.868858
12734 0.541938
12735 0.0785744
12736 0.801362
12737 0.306277
12738 0.838453
12739 0.517973
12740 0.765302
12741 0.835298
12742 0.755423
12743 0.598187
12744 0.779838
12745 0.806379
12746 0.901841
12747 0.527766
12748 0.694054
12749 0.804985
12750 0.846973
12751 0.563377
12752 0.641749
12753 0.618259
12754 0.778672
12755 0.843299
12756 0.599783
12757 0.736376
12758 0.692622
12759 0.569233
12760 0.846735
12761 0.715379
12762 0.869769
12763 0.730214
12764 0.667432
12765 0.905983
12766 0.163179
12767 0.393497
12768 0.670911
12769 0.946578
12770 0.744405
12771 0.703369
12772 0.650931
12773 0.905529
12774 0.835318
12775 0.835798
12776 0.888935
12777 0.750951
12778 0.751184
12779 0.790504
12780 0.942963
12781 0.545678
12782 0.754122
12783 0.37921
12784 0.693592
12785 0.750308
12786 0.762032
12787 0.500923
12788 0.0141017
12789 0.524171
12790 0.178651
12791 0.0143597
12792 0.622088
12793 0.625573
12794 0.308495
12795 0.936118
12796 0.649668
12797 0.45597
12798 0.693844
12799 0.646808
12800 0.232934
12801 0.576899
12802 0.846583
12803 0.93859
12804 0.799294
12805 0.693135
12806 0.912108
12807 0.907647
12808 0.819077
12809 0.563915
12810 0.655991
12811 0.936955
12812 0.626611
12813 0.888039
12814 0.695333
12815 0.774812
12816 0.946244
12817 0.723284
12818 0.526648
12819 0.730273
12820 0.662838
12821 0.814584
12822 0.386407
12823 0.675066
12824 0.5771
12825 0.64699
12826 0.821985
12827 0.55941
12828 0.20241
12829 0.854381
12830 0.537889
12831 0.750669
12832 0.492172
12833 0.793625
12834 0.751686
12835 0.680693
12836 0.752124
12837 0.805521
12838 0.461635
12839 0.380464
12840 0.768541
12841 0.829632
12842 0.38423
12843 0.765364
12844 0.862606
12845 0.580738
12846 0.705609
12847 0.679534
12848 0.701256
12849 0.689508
12850 0.639424
12851 0.739204
12852 0.72995
12853 0.757061
12854 0.849919
12855 0.594978
12856 0.898862
12857 0.894689
12858 0.76306
12859 0.713046
12860 0.898486
12861 0.534738
12862 0.784462
12863 0.142402
12864 0.65504
12865 0.647007
12866 0.891964
12867 0.729066
12868 0.63177
12869 0.77824
12870 0.106914
12871 0.281662
12872 0.648237
12873 0.874063
12874 0.589052
12875 0.751734
12876 0.783111
12877 0.466073
12878 0.14561
12879 0.746542
12880 0.671923
12881 0.807476
12882 0.538631
12883 0.65099
12884 0.682359
12885 0.336938
12886 0.676139
12887 0.877391
12888 0.728963
12889 0.347885
12890 0.106496
12891 0.116033
12892 0.631835
12893 0.408968
12894 0.662535
12895 0.517314
12896 0.248241
12897 0.952978
12898 0.298812
12899 0.785425
12900 0.580039
12901 0.621645
12902 0.59057
12903 0.498269
12904 0.73069
12905 0.927386
12906 0.705348
12907 0.723276
12908 0.84671
12909 0.766371
12910 0.783998
12911 0.755119
12912 0.701211
12913 0.420963
12914 0.41062
12915 0.872019
12916 0.148262
12917 0.653565
12918 0.64879
12919 0.834925
12920 0.763563
12921 0.868902
12922 0.553977
12923 0.597921
12924 0.854604
12925 0.328776
12926 0.802721
12927 0.548534
12928 0.904698
12929 0.655496
12930 0.866567
12931 0.921664
12932 0.594919
12933 0.8515
12934 0.805001
12935 0.384359
12936 0.311685
12937 0.16757
12938 0.704245
12939 0.858046
12940 0.1503
12941 0.649601
12942 0.158503
12943 0.797501
12944 0.574392
12945 0.880052
12946 0.459842
12947 0.739718
12948 0.302412
12949 0.92054
12950 0.464674
12951 0.660439
12952 0.444853
12953 0.175658
12954 0.599548
12955 0.247278
12956 0.776087
12957 0.753431
12958 0.623085
12959 0.677562
12960 0.462428
12961 0.393634
12962 0.45271
12963 0.918077
12964 0.619221
12965 0.136259
12966 0.551955
12967 0.245278
12968 0.415075
12969 0.190503
12970 0.742281
12971 0.288697
12972 0.318124
12973 0.250919
12974 0.714579
12975 0.676676
12976 0.442434
12977 0.343874
12978 0.764809
12979 0.634443
12980 0.0974448
12981 0.586869
12982 0.386512
12983 0.772528
12984 0.552596
12985 0.781817
12986 0.727796
12987 0.572092
12988 0.460565
12989 0.359276
12990 0.794104
12991 0.539121
12992 0.812066
12993 0.572013
12994 0.890906
12995 0.37649
12996 0.602109
12997 0.759726
12998 0.777539
12999 0.356147
13000 0.897481
13001 0.647883
13002 0.660446
13003 0.664693
13004 0.764953
13005 0.35595
13006 0.440778
13007 0.811426
13008 0.747123
13009 0.577696
13010 0.456558
13011 0.70138
13012 0.77456
13013 0.559977
13014 0.874963
13015 0.618849
13016 0.755545
13017 0.377275
13018 0.36395
13019 0.126961
13020 0.902753
13021 0.538762
13022 0.681945
13023 0.415142
13024 0.831298
13025 0.628348
13026 0.987315
13027 0.877345
13028 0.334298
13029 0.734788
13030 0.0068129
13031 0.719417
13032 0.103175
13033 0.88881
13034 0.151225
13035 0.328557
13036 0.0852063
13037 0.884495
13038 0.698718
13039 0.129416
13040 0.153472
13041 0.66509
13042 0.72941
13043 0.504942
13044 0.323609
13045 0.339059
13046 0.319681
13047 0.174014
13048 0.112869
13049 0.498093
13050 0.619046
13051 0.213641
13052 0.247749
13053 0.678912
13054 0.97123
13055 0.510411
13056 0.637624
13057 0.0784174
13058 0.266364
13059 0.569199
13060 0.806824
13061 0.114287
13062 0.712336
13063 0.580068
13064 0.812417
13065 0.757877
13066 0.576897
13067 0.954892
13068 0.254555
13069 0.803674
13070 0.600489
13071 0.570723
13072 0.649579
13073 0.47612
13074 0.0853655
13075 0.45089
13076 0.533448
13077 0.376847
13078 0.0529027
13079 0.487426
13080 0.42083
13081 0.540333
13082 0.207571
13083 0.352018
13084 0.807346
13085 0.216805
13086 0.920923
13087 0.850014
13088 0.691578
13089 0.553072
13090 0.352261
13091 0.131093
13092 0.195529
13093 0.562418
13094 0.55971
13095 0.921346
13096 0.138064
13097 0.787093
13098 0.287093
13099 0.306789
13100 0.531009
13101 0.772091
13102 0.254282
13103 0.226994
13104 0.201214
13105 0.402665
13106 0.458558
13107 0.0867284
13108 0.685174
13109 0.60275
13110 0.624797
13111 0.340934
13112 0.260529
13113 0.224506
13114 0.364018
13115 0.260938
13116 0.565033
13117 0.675994
13118 0.613401
13119 0.522516
13120 0.813822
13121 0.0893266
13122 0.737843
13123 0.830156
13124 0.203102
13125 0.149094
13126 0.310997
13127 0.600252
13128 0.933069
13129 0.787627
13130 0.583044
13131 0.694782
13132 0.328307
13133 0.59272
13134 0.643907
13135 0.89573
13136 0.217191
13137 0.17526
13138 0.395963
13139 0.2647
13140 0.692426
13141 0.260851
13142 0.658814
13143 0.193467
13144 0.383418
13145 0.438485
13146 0.267348
13147 0.102805
13148 0.449319
13149 0.865319
13150 0.90975
13151 0.402606
13152 0.691347
13153 0.755066
13154 0.489216
13155 0.231293
13156 0.434718
13157 0.607686
13158 0.455078
13159 0.800768
13160 0.364323
13161 0.669713
13162 0.253201
13163 0.314744
13164 0.574853
13165 0.619702
13166 0.316516
13167 0.484463
13168 0.391584
13169 0.73152
13170 0.619917
13171 0.162234
13172 0.188439
13173 0.372441
13174 0.156076
13175 0.386483
13176 0.251687
13177 0.363909
13178 0.0414733
13179 0.61055
13180 0.436686
13181 0.316797
13182 0.689045
13183 0.338331
13184 0.476801
13185 0.692896
13186 0.131341
13187 0.501336
13188 0.787519
13189 0.106496
13190 0.0959692
13191 0.338694
13192 0.520857
13193 0.544568
13194 0.0827598
13195 0.264878
13196 0.864267
13197 0.61218
13198 0.21411
13199 0.48739
13200 0.632208
13201 0.761916
13202 0.475522
13203 0.0144742
13204 0.361808
13205 0.147555
13206 0.366111
13207 0.302054
13208 0.265416
13209 0.410338
13210 0.822095
13211 0.237897
13212 0.223056
13213 0.665837
13214 0.415319
13215 0.244113
13216 0.390627
13217 0.511656
13218 0.31564
13219 0.189861
13220 0.273431
13221 0.195665
13222 0.209025
13223 0.202828
13224 0.206142
13225 0.268693
13226 0.734364
13227 0.341232
13228 0.7769
13229 0.775425
13230 0.772183
13231 0.299197
13232 0.890868
13233 0.272423
13234 0.117897
13235 0.568698
13236 0.275719
13237 0.288935
13238 0.0270022
13239 0.712305
13240 0.252122
13241 0.274055
13242 0.739794
13243 0.607889
13244 0.505379
13245 0.334485
13246 0.568768
13247 0.223749
13248 0.589106
13249 0.745913
13250 0.604167
13251 0.491175
13252 0.357417
13253 0.613322
13254 0.357089
13255 0.626251
13256 0.67815
13257 0.153336
13258 0.795777
13259 0.510894
13260 0.600465
13261 0.642339
13262 0.741129
13263 0.223125
13264 0.910881
13265 0.653538
13266 0.956762
13267 0.747208
13268 0.924074
13269 0.655221
13270 0.219805
13271 0.896718
13272 0.047845
13273 0.428393
13274 0.682403
13275 0.414825
13276 0.492894
13277 0.353289
13278 0.454497
13279 0.803074
13280 0.745177
13281 0.781909
13282 0.275629
13283 0.425634
13284 0.798781
13285 0.401961
13286 0.542301
13287 0.0917178
13288 0.748144
13289 0.47507
13290 0.40162
13291 0.124675
13292 0.288775
13293 0.700948
13294 0.705153
13295 0.801521
13296 0.387876
13297 0.22102
13298 0.38871
13299 0.157531
13300 0.542523
13301 0.141019
13302 0.600732
13303 0.565715
13304 0.478241
13305 0.112902
13306 0.202422
13307 0.231717
13308 0.617914
13309 0.592675
13310 0.908452
13311 0.709031
13312 0.652552
13313 0.247959
13314 0.487145
13315 0.116827
13316 0.160126
13317 0.167118
13318 0.192467
13319 0.766674
13320 0.72727
13321 0.643181
13322 0.498204
13323 0.819831
13324 0.298402
13325 0.182405
13326 0.706327
13327 0.334895
13328 0.0852376
13329 0.2801
13330 0.630364
13331 0.11963
13332 0.623696
13333 0.909038
13334 0.654184
13335 0.680535
13336 0.214356
13337 0.544624
13338 0.183328
13339 0.733699
13340 0.711211
13341 0.723192
13342 0.730947
13343 0.617749
13344 0.322219
13345 0.690354
13346 0.1664
13347 0.659993
13348 0.21985
13349 0.552621
13350 0.228563
13351 0.17646
13352 0.899842
13353 0.0983174
13354 0.0967146
13355 0.337472
13356 0.52419
13357 0.730293
13358 0.188884
13359 0.276305
13360 0.0518034
13361 0.484365
13362 0.799931
13363 0.609627
13364 0.569183
13365 0.625204
13366 0.836858
13367 0.442357
13368 0.275486
13369 0.481309
13370 0.279154
13371 0.290676
13372 0.288192
13373 0.249347
13374 0.39002
13375 0.753894
13376 0.779418
13377 0.630242
13378 0.160351
13379 0.256631
13380 0.245306
13381 0.195383
13382 0.311331
13383 0.633585
13384 0.218622
13385 0.450866
13386 0.438822
13387 0.897138
13388 0.416913
13389 0.62067
13390 0.496619
13391 0.21694
13392 0.342033
13393 0.592235
13394 0.573081
13395 0.832006
13396 0.631008
13397 0.178366
13398 0.187869
13399 0.852092
13400 0.416124
13401 0.470956
13402 0.789805
13403 0.611678
13404 0.687757
13405 0.343116
13406 0.534008
13407 0.529848
13408 0.631868
13409 0.421043
13410 0.434461
13411 0.665737
13412 0.615945
13413 0.751063
13414 0.552462
13415 0.506152
13416 0.456403
13417 0.162916
13418 0.492677
13419 0.332781
13420 0.240376
13421 0.481356
13422 0.235574
13423 0.176939
13424 0.45545
13425 0.172634
13426 0.864922
13427 0.225394
13428 0.747054
13429 0.408567
13430 0.526718
13431 0.683516
13432 0.642539
13433 0.173203
13434 0.418352
13435 0.0283112
13436 0.605297
13437 0.341961
13438 0.769941
13439 0.886074
13440 0.436051
13441 0.807734
13442 0.563601
13443 0.502281
13444 0.672605
13445 0.600981
13446 0.808826
13447 0.832653
13448 0.950934
13449 0.310548
13450 0.140379
13451 0.380332
13452 0.601836
13453 0.733045
13454 0.572418
13455 0.0926293
13456 0.751024
13457 0.793561
13458 0.603317
13459 0.217207
13460 0.849561
13461 0.821313
13462 0.687308
13463 0.296315
13464 0.341379
13465 0.707663
13466 0.706335
13467 0.821664
13468 0.533333
13469 0.781208
13470 0.569279
13471 0.934921
13472 0.0444111
13473 0.016788
13474 0.424434
13475 0.631317
13476 0.51445
13477 0.852314
13478 0.638615
13479 0.739655
13480 0.377098
13481 0.696522
13482 0.316603
13483 0.422211
13484 0.89485
13485 0.400272
13486 0.260108
13487 0.688243
13488 0.373925
13489 0.60387
13490 0.56054
13491 0.81053
13492 0.472592
13493 0.536217
13494 0.902795
13495 0.589013
13496 0.424693
13497 0.39595
13498 0.411404
13499 0.412873
13500 0.232623
13501 0.446545
13502 0.191477
13503 0.529393
13504 0.281838
13505 0.294307
13506 0.349989
13507 0.331439
13508 0.405314
13509 0.27555
13510 0.372776
13511 0.63385
13512 0.153399
13513 0.338376
13514 0.729057
13515 0.322269
13516 0.639478
13517 0.196724
13518 0.23027
13519 0.613461
13520 0.561203
13521 0.568239
13522 0.700394
13523 0.10693
13524 0.222599
13525 0.489646
13526 0.230312
13527 0.673169
13528 0.330144
13529 0.135166
13530 0.521278
13531 0.40698
13532 0.702714
13533 0.810037
13534 0.475632
13535 0.49608
13536 0.602282
13537 0.456196
13538 0.166043
13539 0.262287
13540 0.515057
13541 0.531443
13542 0.601602
13543 0.465214
13544 0.851717
13545 0.30861
13546 0.540908
13547 0.98367
13548 0.395084
13549 0.649426
13550 0.16152
13551 0.301661
13552 0.245887
13553 0.765333
13554 0.611583
13555 0.514604
13556 0.153069
13557 0.545043
13558 0.743735
13559 0.255401
13560 0.516636
13561 0.517764
13562 0.831885
13563 0.283395
13564 0.416528
13565 0.791124
13566 0.142107
13567 0.20036
13568 0.639447
13569 0.147863
13570 0.6851
13571 0.379529
13572 0.173472
13573 0.253001
13574 0.310796
13575 0.283198
13576 0.258762
13577 0.221056
13578 0.320725
13579 0.304551
13580 0.252228
13581 0.265671
13582 0.239331
13583 0.234753
13584 0.242768
13585 0.241031
13586 0.543011
13587 0.349307
13588 0.055937
13589 0.234214
13590 0.599252
13591 0.48289
13592 0.935243
13593 0.268562
13594 0.32421
13595 0.874912
13596 0.279284
13597 0.556352
13598 0.123743
13599 0.337208
13600 0.123602
13601 0.437342
13602 0.803537
13603 0.161754
13604 0.733484
13605 0.642374
13606 0.364884
13607 0.135794
13608 0.365647
13609 0.0814437
13610 0.403606
13611 0.386654
13612 0.0766553
13613 0.549987
13614 0.343935
13615 0.204509
13616 0.843033
13617 0.920975
13618 0.470959
13619 0.514803
13620 0.372572
13621 0.893756
13622 0.100163
13623 0.44981
13624 0.126146
13625 0.925648
13626 0.808147
13627 0.687238
13628 0.221974
13629 0.210808
13630 0.419451
13631 0.295105
13632 0.152462
13633 0.29104
13634 0.132259
13635 0.422657
13636 0.170822
13637 0.337511
13638 0.381979
13639 0.438883
13640 0.327855
13641 0.726172
13642 0.67895
13643 0.816042
13644 0.185036
13645 0.381648
13646 0.399278
13647 0.266373
13648 0.375145
13649 0.513172
13650 0.217338
13651 0.150279
13652 0.186216
13653 0.130953
13654 0.194566
13655 0.324121
13656 0.293234
13657 0.493941
13658 0.261508
13659 0.064818
13660 0.263084
13661 0.654782
13662 0.819061
13663 0.571927
13664 0.519473
13665 0.291944
13666 0.785096
13667 0.106258
13668 0.101706
13669 0.734176
13670 0.179705
13671 0.425905
13672 0.395983
13673 0.296249
13674 0.191968
13675 0.20741
13676 0.385999
13677 0.107492
13678 0.450733
13679 0.69048
13680 0.696832
13681 0.649372
13682 0.576694
13683 0.358804
13684 0.471701
13685 0.785513
13686 0.272962
13687 0.563148
13688 0.504599
13689 0.618494
13690 0.16743
13691 0.784661
13692 0.697077
13693 0.143911
13694 0.312159
13695 0.343848
13696 0.233709
13697 0.279847
13698 0.624348
13699 0.432913
13700 0.600204
13701 0.325191
13702 0.289369
13703 0.381192
13704 0.807124
13705 0.798035
13706 0.774724
13707 0.268666
13708 0.826816
13709 0.50482
13710 0.292542
13711 0.553305
13712 0.333964
13713 0.310196
13714 0.397004
13715 0.379131
13716 0.381741
13717 0.392782
13718 0.383802
13719 0.353522
13720 0.391001
13721 0.363019
13722 0.677314
13723 0.660669
13724 0.375403
13725 0.387843
13726 0.293759
13727 0.281517
13728 0.199302
13729 0.893119
13730 0.313971
13731 0.809539
13732 0.734119
13733 0.439209
13734 0.830764
13735 0.899351
13736 0.76684
13737 0.319636
13738 0.791477
13739 0.559057
13740 0.489359
13741 0.770388
13742 0.605922
13743 0.97858
13744 0.627261
13745 0.609157
13746 0.76408
13747 0.969234
13748 0.498879
13749 0.422895
13750 0.362393
13751 0.607048
13752 0.694671
13753 0.101738
13754 0.808198
13755 0.577418
13756 0.250677
13757 0.789473
13758 0.649175
13759 0.638069
13760 0.689669
13761 0.33126
13762 0.690472
13763 0.645735
13764 0.660128
13765 0.858349
13766 0.328857
13767 0.584707
13768 0.710013
13769 0.774813
13770 0.562446
13771 0.645847
13772 0.419145
13773 0.664495
13774 0.42318
13775 0.13214
13776 0.301432
13777 0.82226
13778 0.923313
13779 0.35418
13780 0.607122
13781 0.644405
13782 0.816253
13783 0.586315
13784 0.0701783
13785 0.435245
13786 0.670014
13787 0.507457
13788 0.746541
13789 0.661607
13790 0.477205
13791 0.857652
13792 0.860095
13793 0.77938
13794 0.756839
13795 0.326218
13796 0.757033
13797 0.652467
13798 0.57938
13799 0.808234
13800 0.921202
13801 0.798594
13802 0.879594
13803 0.834166
13804 0.878306
13805 0.724118
13806 0.652855
13807 0.886729
13808 0.625402
13809 0.583561
13810 0.759878
13811 0.368954
13812 0.569498
13813 0.743795
13814 0.146582
13815 0.687703
13816 0.795257
13817 0.916597
13818 0.632425
13819 0.778542
13820 0.756989
13821 0.859785
13822 0.761207
13823 0.785821
13824 0.868859
13825 0.886891
13826 0.547699
13827 0.741495
13828 0.267662
13829 0.764485
13830 0.70654
13831 0.547636
13832 0.775709
13833 0.582023
13834 0.618033
13835 0.570736
13836 0.683935
13837 0.692295
13838 0.581683
13839 0.587186
13840 0.912781
13841 0.838453
13842 0.117314
13843 0.667467
13844 0.695829
13845 0.803674
13846 0.659097
13847 0.238818
13848 0.739462
13849 0.447357
13850 0.78672
13851 0.67499
13852 0.798269
13853 0.822193
13854 0.756625
13855 0.741948
13856 0.856603
13857 0.752416
13858 0.706354
13859 0.813018
13860 0.637039
13861 0.722283
13862 0.758184
13863 0.907541
13864 0.883852
13865 0.737214
13866 0.64882
13867 0.590987
13868 0.76062
13869 0.706372
13870 0.693884
13871 0.601965
13872 0.512552
13873 0.542618
13874 0.321805
13875 0.730653
13876 0.839999
13877 0.764141
13878 0.86837
13879 0.885095
13880 0.893036
13881 0.925169
13882 0.84466
13883 0.812378
13884 0.330062
13885 0.403446
13886 0.806642
13887 0.714556
13888 0.568933
13889 0.502841
13890 0.692521
13891 0.493807
13892 0.708516
13893 0.760641
13894 0.708346
13895 0.485836
13896 0.79023
13897 0.76708
13898 0.770117
13899 0.573545
13900 0.504807
13901 0.657243
13902 0.692621
13903 0.644389
13904 0.759762
13905 0.661013
13906 0.520905
13907 0.639017
13908 0.72272
13909 0.871346
13910 0.670232
13911 0.744754
13912 0.835565
13913 0.765618
13914 0.380936
13915 0.0305145
13916 0.642601
13917 0.642237
13918 0.524401
13919 0.734536
13920 0.695968
13921 0.659359
13922 0.863075
13923 0.864639
13924 0.75544
13925 0.215352
13926 0.6755
13927 0.68328
13928 0.762132
13929 0.394722
13930 0.933163
13931 0.899945
13932 0.562823
13933 0.546494
13934 0.658978
13935 0.662987
13936 0.871113
13937 0.712595
13938 0.0946766
13939 0.579857
13940 0.702308
13941 0.939669
13942 0.716144
13943 0.750156
13944 0.545612
13945 0.721102
13946 0.545513
13947 0.54413
13948 0.804472
13949 0.412758
13950 0.638801
13951 0.765513
13952 0.804991
13953 0.75725
13954 0.695022
13955 0.61342
13956 0.701975
13957 0.659178
13958 0.740128
13959 0.634787
13960 0.764184
13961 0.735131
13962 0.535626
13963 0.949517
13964 0.323757
13965 0.740694
13966 0.302861
13967 0.718238
13968 0.851958
13969 0.71608
13970 0.850241
13971 0.617933
13972 0.418966
13973 0.73428
13974 0.849372
13975 0.801948
13976 0.642776
13977 0.58319
13978 0.574848
13979 0.961164
13980 0.75041
13981 0.38355
13982 0.49853
13983 0.763042
13984 0.714192
13985 0.608064
13986 0.489488
13987 0.860824
13988 0.801923
13989 0.918285
13990 0.839582
13991 0.2867
13992 0.44793
13993 0.734318
13994 0.487281
13995 0.769958
13996 0.604225
13997 0.66998
13998 0.856202
13999 0.468013
14000 0.762381
14001 0.853777
14002 0.923247
14003 0.785784
14004 0.832253
14005 0.355236
14006 0.894207
14007 0.929162
14008 0.802793
14009 0.971846
14010 0.922351
14011 0.794203
14012 0.81651
14013 0.607313
14014 0.651455
14015 0.696897
14016 0.548692
14017 0.436315
14018 0.710288
14019 0.720491
14020 0.409108
14021 0.461918
14022 0.579365
14023 0.657578
14024 0.682098
14025 0.555824
14026 0.786683
14027 0.768739
14028 0.514394
14029 0.440128
14030 0.607391
14031 0.672734
14032 0.443606
14033 0.32651
14034 0.482749
14035 0.705694
14036 0.924619
14037 0.505941
14038 0.640053
14039 0.79703
14040 0.599843
14041 0.734615
14042 0.637181
14043 0.824364
14044 0.703351
14045 0.795388
14046 0.741353
14047 0.878405
14048 0.657967
14049 0.668872
14050 0.469674
14051 0.565813
14052 0.846962
14053 0.468222
14054 0.549793
14055 0.558829
14056 0.980208
14057 0.657529
14058 0.710066
14059 0.889036
14060 0.70352
14061 0.90088
14062 0.841697
14063 0.519896
14064 0.879777
14065 0.604973
14066 0.938155
14067 0.85764
14068 0.58563
14069 0.677222
14070 0.971819
14071 0.808363
14072 0.762687
14073 0.696835
14074 0.691208
14075 0.81264
14076 0.621495
14077 0.741591
14078 0.674761
14079 0.806494
14080 0.464525
14081 0.806513
14082 0.767184
14083 0.59714
14084 0.404078
14085 0.815035
14086 0.601426
14087 0.560791
14088 0.663658
14089 0.786102
14090 0.718951
14091 0.678593
14092 0.648035
14093 0.530395
14094 0.686416
14095 0.940675
14096 0.851491
14097 0.339782
14098 0.532787
14099 0.767518
14100 0.655201
14101 0.492387
14102 0.750023
14103 0.762371
14104 0.489699
14105 0.524712
14106 0.884693
14107 0.827844
14108 0.692206
14109 0.91186
14110 0.69429
14111 0.863534
14112 0.7845
14113 0.952776
14114 0.847139
14115 0.38402
14116 0.65475
14117 0.719729
14118 0.843012
14119 0.497337
14120 0.808241
14121 0.863923
14122 0.820321
14123 0.558278
14124 0.55629
14125 0.803862
14126 0.737356
14127 0.876356
14128 0.33408
14129 0.859156
14130 0.792339
14131 0.750187
14132 0.664056
14133 0.300971
14134 0.353885
14135 0.814398
14136 0.529486
14137 0.666403
14138 0.842375
14139 0.693735
14140 0.616155
14141 0.561553
14142 0.55783
14143 0.383909
14144 0.678169
14145 0.812546
14146 0.692951
14147 0.621063
14148 0.779959
14149 0.583858
14150 0.805596
14151 0.497119
14152 0.718049
14153 0.703076
14154 0.741848
14155 0.732355
14156 0.954278
14157 0.245557
14158 0.324459
14159 0.607316
14160 0.629933
14161 0.83517
14162 0.671874
14163 0.538453
14164 0.829037
14165 0.766924
14166 0.789912
14167 0.611907
14168 0.847878
14169 0.809106
14170 0.450941
14171 0.839778
14172 0.93869
14173 0.609229
14174 0.819432
14175 0.738012
14176 0.690285
14177 0.55883
14178 0.714069
14179 0.626
14180 0.79687
14181 0.967507
14182 0.580376
14183 0.752051
14184 0.725415
14185 0.761204
14186 0.74561
14187 0.74922
14188 0.736264
14189 0.712624
14190 0.735882
14191 0.706985
14192 0.721485
14193 0.783808
14194 0.41825
14195 0.445531
14196 0.899514
14197 0.810406
14198 0.767968
14199 0.326115
14200 0.712254
14201 0.533543
14202 0.754255
14203 0.787158
14204 0.549026
14205 0.786967
14206 0.817795
14207 0.2127
14208 0.331686
14209 0.662781
14210 0.632658
14211 0.344511
14212 0.66428
14213 0.366178
14214 0.380591
14215 0.897543
14216 0.738946
14217 0.751236
14218 0.668287
14219 0.682966
14220 0.825388
14221 0.726911
14222 0.864094
14223 0.34935
14224 0.580818
14225 0.835032
14226 0.687929
14227 0.916302
14228 0.737609
14229 0.592327
14230 0.71706
14231 0.761586
14232 0.696813
14233 0.614443
14234 0.650183
14235 0.608135
14236 0.624666
14237 0.647632
14238 0.618207
14239 0.837307
14240 0.657807
14241 0.819857
14242 0.607657
14243 0.796194
14244 0.787607
14245 0.816085
14246 0.830696
14247 0.728249
14248 0.453647
14249 0.859713
14250 0.485141
14251 0.85517
14252 0.665304
14253 0.833851
14254 0.546999
14255 0.899278
14256 0.463493
14257 0.588838
14258 0.739372
14259 0.55578
14260 0.705036
14261 0.474942
14262 0.946162
14263 0.957106
14264 0.588345
14265 0.630384
14266 0.818843
14267 0.753627
14268 0.83167
14269 0.699926
14270 0.749732
14271 0.768402
14272 0.666994
14273 0.820776
14274 0.781824
14275 0.629306
14276 0.880989
14277 0.690516
14278 0.540611
14279 0.765311
14280 0.780798
14281 0.612911
14282 0.896256
14283 0.915981
14284 0.702475
14285 0.73338
14286 0.734099
14287 0.780517
14288 0.624717
14289 0.672328
14290 0.502335
14291 0.476542
14292 0.577856
14293 0.821848
14294 0.949869
14295 0.893531
14296 0.901826
14297 0.84507
14298 0.876101
14299 0.912437
14300 0.736415
14301 0.924639
14302 0.845453
14303 0.688136
14304 0.731176
14305 0.660864
14306 0.646936
14307 0.634603
14308 0.814262
14309 0.684755
14310 0.883702
14311 0.719006
14312 0.84203
14313 0.64154
14314 0.530067
14315 0.507945
14316 0.902957
14317 0.782617
14318 0.475119
14319 0.735443
14320 0.649293
14321 0.824312
14322 0.764894
14323 0.766697
14324 0.797734
14325 0.613135
14326 0.81474
14327 0.882413
14328 0.487117
14329 0.816461
14330 0.723391
14331 0.981022
14332 0.825811
14333 0.8606
14334 0.588463
14335 0.814141
14336 0.725814
14337 0.534977
14338 0.492337
14339 0.669382
14340 0.464168
14341 0.82628
14342 0.409922
14343 0.52491
14344 0.810052
14345 0.724885
14346 0.791535
14347 0.870355
14348 0.840727
14349 0.353888
14350 0.740698
14351 0.501456
14352 0.736548
14353 0.870459
14354 0.618879
14355 0.859099
14356 0.679308
14357 0.809572
14358 0.581242
14359 0.609713
14360 0.736898
14361 0.702818
14362 0.676274
14363 0.684308
14364 0.693627
14365 0.764123
14366 0.612166
14367 0.614847
14368 0.623212
14369 0.734052
14370 0.487897
14371 0.715816
14372 0.517071
14373 0.764395
14374 0.536816
14375 0.823668
14376 0.674692
14377 0.800421
14378 0.867138
14379 0.62491
14380 0.514824
14381 0.505697
14382 0.816252
14383 0.704411
14384 0.905142
14385 0.752653
14386 0.53335
14387 0.751233
14388 0.694348
14389 0.566566
14390 0.721761
14391 0.599969
14392 0.506433
14393 0.649553
14394 0.525265
14395 0.49048
14396 0.694012
14397 0.739941
14398 0.688669
14399 0.367978
14400 0.865301
14401 0.756901
14402 0.346242
14403 0.341905
14404 0.694148
14405 0.808728
14406 0.76271
14407 0.886046
14408 0.785443
14409 0.88897
14410 0.72369
14411 0.755722
14412 0.766466
14413 0.654188
14414 0.564396
14415 0.3319
14416 0.679594
14417 0.886625
14418 0.256379
14419 0.78028
14420 0.892199
14421 0.764743
14422 0.698106
14423 0.820416
14424 0.929912
14425 0.443687
14426 0.459258
14427 0.665738
14428 0.723873
14429 0.477438
14430 0.888575
14431 0.729216
14432 0.749819
14433 0.844513
14434 0.640322
14435 0.525679
14436 0.659671
14437 0.702124
14438 0.866546
14439 0.826941
14440 0.560003
14441 0.756999
14442 0.925813
14443 0.285352
14444 0.387221
14445 0.66198
14446 0.681151
14447 0.244385
14448 0.803955
14449 0.592923
14450 0.606167
14451 0.469442
14452 0.700292
14453 0.712551
14454 0.792952
14455 0.464954
14456 0.696471
14457 0.762082
14458 0.534949
14459 0.857198
14460 0.773074
14461 0.71603
14462 0.536167
14463 0.722043
14464 0.664169
14465 0.809895
14466 0.918786
14467 0.670713
14468 0.464468
14469 0.397033
14470 0.814417
14471 0.878727
14472 0.778021
14473 0.588803
14474 0.334398
14475 0.577668
14476 0.472908
14477 0.762253
14478 0.639284
14479 0.567387
14480 0.645562
14481 0.498955
14482 0.682255
14483 0.741902
14484 0.757933
14485 0.484265
14486 0.909946
14487 0.677222
14488 0.625177
14489 0.793328
14490 0.75038
14491 0.763012
14492 0.67479
14493 0.674136
14494 0.949588
14495 0.704163
14496 0.711271
14497 0.725569
14498 0.776673
14499 0.824274
14500 0.583916
14501 0.704506
14502 0.818483
14503 0.733424
14504 0.847107
14505 0.778749
14506 0.932308
14507 0.805065
14508 0.703533
14509 0.864337
14510 0.738504
14511 0.783382
14512 0.589403
14513 0.686546
14514 0.483667
14515 0.78052
14516 0.708322
14517 0.887162
14518 0.511534
14519 0.487456
14520 0.794927
14521 0.766918
14522 0.559974
14523 0.762234
14524 0.873092
14525 0.599912
14526 0.579625
14527 0.89841
14528 0.522909
14529 0.344878
14530 0.891237
14531 0.949826
14532 0.801542
14533 0.65553
14534 0.890478
14535 0.750224
14536 0.807619
14537 0.624411
14538 0.730498
14539 0.766565
14540 0.59071
14541 0.776743
14542 0.744214
14543 0.622901
14544 0.716167
14545 0.672268
14546 0.833946
14547 0.620058
14548 0.674731
14549 0.808602
14550 0.544653
14551 0.865578
14552 0.821205
14553 0.638664
14554 0.608229
14555 0.497532
14556 0.782877
14557 0.891914
14558 0.725965
14559 0.906229
14560 0.516931
14561 0.539463
14562 0.704593
14563 0.649495
14564 0.888067
14565 0.754923
14566 0.329318
14567 0.40122
14568 0.437255
14569 0.725842
14570 0.481838
14571 0.718088
14572 0.385623
14573 0.876887
14574 0.584041
14575 0.737469
14576 0.453357
14577 0.718776
14578 0.742382
14579 0.140821
14580 0.256677
14581 0.626255
14582 0.758832
14583 0.682295
14584 0.67514
14585 0.876338
14586 0.688511
14587 0.797385
14588 0.667937
14589 0.472879
14590 0.687552
14591 0.715707
14592 0.875698
14593 0.73206
14594 0.547691
14595 0.743491
14596 0.135853
14597 0.471245
14598 0.693605
14599 0.299877
14600 0.381979
14601 0.716675
14602 0.796609
14603 0.968065
14604 0.565793
14605 0.922131
14606 0.688333
14607 0.618881
14608 0.939844
14609 0.842044
14610 0.657456
14611 0.888723
14612 0.869566
14613 0.0535652
14614 0.718114
14615 0.544238
14616 0.860787
14617 0.823312
14618 0.296088
14619 0.849703
14620 0.766965
14621 0.605593
14622 0.782199
14623 0.513213
14624 0.686495
14625 0.384985
14626 0.702602
14627 0.822979
14628 0.568443
14629 0.776449
14630 0.700789
14631 0.708114
14632 0.768747
14633 0.604217
14634 0.720813
14635 0.891687
14636 0.794807
14637 0.799746
14638 0.480056
14639 0.817099
14640 0.750894
14641 0.708585
14642 0.699374
14643 0.662106
14644 0.462778
14645 0.833995
14646 0.622284
14647 0.83504
14648 0.880121
14649 0.917576
14650 0.50046
14651 0.805573
14652 0.760323
14653 0.733703
14654 0.641997
14655 0.7401
14656 0.5852
14657 0.292407
14658 0.269291
14659 0.876883
14660 0.476879
14661 0.534651
14662 0.712707
14663 0.612802
14664 0.784828
14665 0.85469
14666 0.737703
14667 0.66182
14668 0.876995
14669 0.791526
14670 0.670891
14671 0.640356
14672 0.655345
14673 0.506114
14674 0.822143
14675 0.658141
14676 0.784831
14677 0.396548
14678 0.633467
14679 0.661499
14680 0.916907
14681 0.852834
14682 0.737791
14683 0.762046
14684 0.45396
14685 0.814759
14686 0.704007
14687 0.750414
14688 0.591589
14689 0.79248
14690 0.515784
14691 0.683038
14692 0.699867
14693 0.766208
14694 0.747827
14695 0.678345
14696 0.716793
14697 0.709652
14698 0.532972
14699 0.608685
14700 0.461679
14701 0.739771
14702 0.813023
14703 0.718654
14704 0.651208
14705 0.761257
14706 0.761135
14707 0.578995
14708 0.676465
14709 0.872654
14710 0.732299
14711 0.749784
14712 0.71307
14713 0.906772
14714 0.864381
14715 0.828258
14716 0.899429
14717 0.231995
14718 0.86904
14719 0.632772
14720 0.773139
14721 0.461864
14722 0.657849
14723 0.570862
14724 0.664754
14725 0.888887
14726 0.811031
14727 0.40199
14728 0.829238
14729 0.825803
14730 0.800699
14731 0.796431
14732 0.73953
14733 0.824462
14734 0.711993
14735 0.752658
14736 0.572305
14737 0.585894
14738 0.852552
14739 0.623903
14740 0.94401
14741 0.784013
14742 0.765421
14743 0.726593
14744 0.627759
14745 0.622321
14746 0.743009
14747 0.790532
14748 0.717732
14749 0.755179
14750 0.016309
14751 0.71794
14752 0.768841
14753 0.716937
14754 0.583553
14755 0.91613
14756 0.686139
14757 0.956389
14758 0.709658
14759 0.776953
14760 0.804755
14761 0.601897
14762 0.739505
14763 0.781157
14764 0.439716
14765 0.510219
14766 0.608655
14767 0.831006
14768 0.728945
14769 0.884657
14770 0.851913
14771 0.498248
14772 0.53369
14773 0.80871
14774 0.654203
14775 0.675423
14776 0.739424
14777 0.763402
14778 0.769741
14779 0.55449
14780 0.535824
14781 0.436088
14782 0.637096
14783 0.880457
14784 0.805405
14785 0.884842
14786 0.763319
14787 0.646555
14788 0.630586
14789 0.745813
14790 0.710209
14791 0.694224
14792 0.796736
14793 0.669685
14794 0.632628
14795 0.93541
14796 0.850179
14797 0.631369
14798 0.713073
14799 0.722565
14800 0.874927
14801 0.732166
14802 0.519366
14803 0.573678
14804 0.603957
14805 0.50412
14806 0.53108
14807 0.612452
14808 0.761244
14809 0.766724
14810 0.381301
14811 0.701919
14812 0.829064
14813 0.652575
14814 0.839625
14815 0.561803
14816 0.77547
14817 0.605875
14818 0.975543
14819 0.728354
14820 0.626933
14821 0.794817
14822 0.78331
14823 0.799522
14824 0.61724
14825 0.619729
14826 0.845127
14827 0.476945
14828 0.91797
14829 0.714121
14830 0.823818
14831 0.495146
14832 0.851631
14833 0.856346
14834 0.381951
14835 0.400633
14836 0.556237
14837 0.737601
14838 0.562293
14839 0.604143
14840 0.873281
14841 0.512723
14842 0.343573
14843 0.62649
14844 0.782185
14845 0.851603
14846 0.914198
14847 0.382522
14848 0.807092
14849 0.781932
14850 0.83044
14851 0.765526
14852 0.784595
14853 0.56575
14854 0.661493
14855 0.842061
14856 0.893208
14857 0.783664
14858 0.567189
14859 0.887257
14860 0.822841
14861 0.719442
14862 0.802789
14863 0.718354
14864 0.771192
14865 0.645292
14866 0.67119
14867 0.758957
14868 0.838177
14869 0.554774
14870 0.534656
14871 0.944283
14872 0.855249
14873 0.337158
14874 0.652496
14875 0.887299
14876 0.67312
14877 0.372088
14878 0.817932
14879 0.784783
14880 0.791138
14881 0.633017
14882 0.715576
14883 0.844765
14884 0.621163
14885 0.767861
14886 0.835974
14887 0.610173
14888 0.655094
14889 0.548487
14890 0.924291
14891 0.608364
14892 0.655902
14893 0.624662
14894 0.823332
14895 0.695039
14896 0.606846
14897 0.505047
14898 0.79712
14899 0.765244
14900 0.374481
14901 0.602111
14902 0.777722
14903 0.949679
14904 0.858967
14905 0.711564
14906 0.656139
14907 0.914022
14908 0.988305
14909 0.558811
14910 0.665648
14911 0.597844
14912 0.737406
14913 0.56507
14914 0.696137
14915 0.822515
14916 0.586961
14917 0.589649
14918 0.695155
14919 0.625986
14920 0.59072
14921 0.789001
14922 0.668218
14923 0.844358
14924 0.43759
14925 0.555183
14926 0.955136
14927 0.579463
14928 0.753108
14929 0.75316
14930 0.740861
14931 0.518579
14932 0.550478
14933 0.660081
14934 0.512118
14935 0.611027
14936 0.47125
14937 0.597222
14938 0.914569
14939 0.694422
14940 0.632755
14941 0.806598
14942 0.610204
14943 0.797315
14944 0.567146
14945 0.522895
14946 0.818576
14947 0.718721
14948 0.667877
14949 0.815081
14950 0.83442
14951 0.121721
14952 0.778279
14953 0.750905
14954 0.902568
14955 0.634285
14956 0.815254
14957 0.706618
14958 0.702475
14959 0.617558
14960 0.529113
14961 0.746021
14962 0.822636
14963 0.597544
14964 0.762142
14965 0.804504
14966 0.818983
14967 0.762543
14968 0.866393
14969 0.684908
14970 0.686374
14971 0.604734
14972 0.757204
14973 0.826653
14974 0.858408
14975 0.725284
14976 0.744341
14977 0.84126
14978 0.687813
14979 0.824709
14980 0.960167
14981 0.45642
14982 0.684763
14983 0.79516
14984 0.859758
14985 0.740606
14986 0.822887
14987 0.741024
14988 0.766064
14989 0.749034
14990 0.762168
14991 0.822491
14992 0.422788
14993 0.729004
14994 0.470149
14995 0.769292
14996 0.898342
14997 0.580451
14998 0.69005
14999 0.879611
15000 0.620419
15001 0.858638
15002 0.608038
15003 0.35821
15004 0.701804
15005 0.647037
15006 0.717374
15007 0.612465
15008 0.379032
15009 0.728346
15010 0.930629
15011 0.479664
15012 0.781424
15013 0.70123
15014 0.590961
15015 0.533921
15016 0.667489
15017 0.768562
15018 0.595642
15019 0.539783
15020 0.653991
15021 0.236966
15022 0.747108
15023 0.736
15024 0.825366
15025 0.859871
15026 0.671757
15027 0.593138
15028 0.741767
15029 0.639713
15030 0.681362
15031 0.747813
15032 0.730272
15033 0.685835
15034 0.678399
15035 0.521187
15036 0.544916
15037 0.760404
15038 0.961299
15039 0.826285
15040 0.771226
15041 0.575733
15042 0.591777
15043 0.755676
15044 0.65434
15045 0.730608
15046 0.419202
15047 0.698892
15048 0.432314
15049 0.847381
15050 0.688698
15051 0.79274
15052 0.706487
15053 0.93077
15054 0.631916
15055 0.73931
15056 0.670916
15057 0.649038
15058 0.808367
15059 0.808897
15060 0.70973
15061 0.82422
15062 0.892743
15063 0.36226
15064 0.88065
15065 0.822916
15066 0.498765
15067 0.557654
15068 0.802025
15069 0.778493
15070 0.587819
15071 0.751961
15072 0.705145
15073 0.637299
15074 0.661341
15075 0.608791
15076 0.816615
15077 0.665969
15078 0.889109
15079 0.718204
15080 0.801208
15081 0.748607
15082 0.331074
15083 0.723513
15084 0.925933
15085 0.898811
15086 0.554903
15087 0.8248
15088 0.784393
15089 0.872642
15090 0.755512
15091 0.6897
15092 0.871762
15093 0.85484
15094 0.827324
15095 0.733115
15096 0.27561
15097 0.472867
15098 0.682509
15099 0.462864
15100 0.802284
15101 0.655093
15102 0.863905
15103 0.694586
15104 0.581973
15105 0.184292
15106 0.61727
15107 0.540515
15108 0.873783
15109 0.878651
15110 0.787017
15111 0.89003
15112 0.106846
15113 0.853839
15114 0.552222
15115 0.749602
15116 0.132336
15117 0.489414
15118 0.70435
15119 0.746975
15120 0.760281
15121 0.627171
15122 0.608536
15123 0.782917
15124 0.818053
15125 0.745885
15126 0.64457
15127 0.762625
15128 0.544363
15129 0.878895
15130 0.873549
15131 0.916885
15132 0.803587
15133 0.860674
15134 0.66348
15135 0.760472
15136 0.824545
15137 0.427608
15138 0.651294
15139 0.77377
15140 0.6342
15141 0.860536
15142 0.962026
15143 0.640796
15144 0.778773
15145 0.828334
15146 0.492569
15147 0.855518
15148 0.86389
15149 0.767661
15150 0.683934
15151 0.934032
15152 0.878337
15153 0.673178
15154 0.840564
15155 0.742852
15156 0.814285
15157 0.846527
15158 0.920341
15159 0.581289
15160 0.782799
15161 0.616947
15162 0.663686
15163 0.856974
15164 0.633918
15165 0.770544
15166 0.876472
15167 0.762058
15168 0.799136
15169 0.640417
15170 0.839603
15171 0.644212
15172 0.858639
15173 0.570067
15174 0.445003
15175 0.829782
15176 0.609161
15177 0.683238
15178 0.598295
15179 0.891623
15180 0.727844
15181 0.730229
15182 0.797318
15183 0.853671
15184 0.71684
15185 0.898223
15186 0.869462
15187 0.697069
15188 0.522917
15189 0.760699
15190 0.222528
15191 0.804488
15192 0.784892
15193 0.744019
15194 0.936963
15195 0.542023
15196 0.949294
15197 0.747378
15198 0.693261
15199 0.678586
15200 0.788556
15201 0.767935
15202 0.608211
15203 0.638536
15204 0.623056
15205 0.688373
15206 0.824217
15207 0.728267
15208 0.742005
15209 0.608739
15210 0.869734
15211 0.5898
15212 0.381749
15213 0.647077
15214 0.662649
15215 0.627921
15216 0.738293
15217 0.839822
15218 0.754066
15219 0.693716
15220 0.844151
15221 0.646902
15222 0.594907
15223 0.724232
15224 0.773869
15225 0.817082
15226 0.720733
15227 0.897174
15228 0.651047
15229 0.881456
15230 0.658317
15231 0.658931
15232 0.773119
15233 0.668508
15234 0.704619
15235 0.802483
15236 0.84107
15237 0.768225
15238 0.44057
15239 0.72262
15240 0.747322
15241 0.844713
15242 0.843355
15243 0.37279
15244 0.709944
15245 0.840883
15246 0.842503
15247 0.631445
15248 0.560779
15249 0.664086
15250 0.808414
15251 0.644659
15252 0.788665
15253 0.884912
15254 0.607219
15255 0.830524
15256 0.660247
15257 0.711995
15258 0.760145
15259 0.660462
15260 0.874708
15261 0.837286
15262 0.816396
15263 0.663092
15264 0.605809
15265 0.756954
15266 0.785848
15267 0.256552
15268 0.878269
15269 0.809421
15270 0.705394
15271 0.141502
15272 0.652933
15273 0.725931
15274 0.907883
15275 0.733233
15276 0.898481
15277 0.853342
15278 0.822656
15279 0.651185
15280 0.350471
15281 0.367586
15282 0.576173
15283 0.752861
15284 0.793093
15285 0.3203
15286 0.94602
15287 0.855482
15288 0.516343
15289 0.952757
15290 0.789897
15291 0.813128
15292 0.785387
15293 0.751856
15294 0.825494
15295 0.936103
15296 0.776343
15297 0.880525
15298 0.815938
15299 0.656946
15300 0.728716
15301 0.731718
15302 0.708396
15303 0.424605
15304 0.773391
15305 0.587761
15306 0.801785
15307 0.814586
15308 0.825784
15309 0.922814
15310 0.836031
15311 0.81923
15312 0.882639
15313 0.806256
15314 0.889564
15315 0.94805
15316 0.428379
15317 0.773795
15318 0.68797
15319 0.85864
15320 0.822772
15321 0.688365
15322 0.934543
15323 0.940665
15324 0.543827
15325 0.743753
15326 0.670924
15327 0.638933
15328 0.93222
15329 0.898741
15330 0.369452
15331 0.728466
15332 0.676763
15333 0.943599
15334 0.644249
15335 0.922022
15336 0.756444
15337 0.781485
15338 0.616889
15339 0.709986
15340 0.570999
15341 0.530822
15342 0.776469
15343 0.915394
15344 0.913325
15345 0.663011
15346 0.675357
15347 0.765036
15348 0.857713
15349 0.886241
15350 0.69409
15351 0.539439
15352 0.668262
15353 0.618362
15354 0.777842
15355 0.841372
15356 0.669062
15357 0.744342
15358 0.645627
15359 0.594464
15360 0.680397
15361 0.743451
15362 0.782125
15363 0.760281
15364 0.694569
15365 0.782314
15366 0.763254
15367 0.760427
15368 0.838029
15369 0.583097
15370 0.693628
15371 0.689256
15372 0.868246
15373 0.747483
15374 0.61129
15375 0.778944
15376 0.679982
15377 0.658017
15378 0.786568
15379 0.445113
15380 0.758774
15381 0.782252
15382 0.840753
15383 0.769311
15384 0.811881
15385 0.614745
15386 0.936263
15387 0.8508
15388 0.691971
15389 0.783623
15390 0.726353
15391 0.7474
15392 0.854006
15393 0.746075
15394 0.95415
15395 0.390016
15396 0.536913
15397 0.737475
15398 0.684897
15399 0.802455
15400 0.644804
15401 0.728248
15402 0.626675
15403 0.267668
15404 0.255783
15405 0.430445
15406 0.821886
15407 0.782682
15408 0.761293
15409 0.672688
15410 0.279204
15411 0.293651
15412 0.148498
15413 0.696405
15414 0.780077
15415 0.481096
15416 0.585307
15417 0.792408
15418 0.309331
15419 0.885399
15420 0.723425
15421 0.564985
15422 0.606845
15423 0.789535
15424 0.451977
15425 0.728226
15426 0.774429
15427 0.703724
15428 0.955594
15429 0.906266
15430 0.699528
15431 0.570714
15432 0.654199
15433 0.737512
15434 0.629064
15435 0.67726
15436 0.723468
15437 0.844618
15438 0.604877
15439 0.708231
15440 0.511092
15441 0.920267
15442 0.730984
15443 0.265486
15444 0.708006
15445 0.815288
15446 0.842122
15447 0.825588
15448 0.779792
15449 0.860831
15450 0.750298
15451 0.745752
15452 0.729631
15453 0.795069
15454 0.457616
15455 0.709865
15456 0.689734
15457 0.470318
15458 0.00986516
15459 0.173791
15460 0.687059
15461 0.603907
15462 0.874694
15463 0.75658
15464 0.700697
15465 0.472236
15466 0.797561
15467 0.767927
15468 0.520365
15469 0.828768
15470 0.233735
15471 0.773726
15472 0.822446
15473 0.774503
15474 0.444574
15475 0.758057
15476 0.636829
15477 0.816476
15478 0.684413
15479 0.779476
15480 0.527395
15481 0.952861
15482 0.820071
15483 0.575859
15484 0.643951
15485 0.673414
15486 0.718776
15487 0.618289
15488 0.743191
15489 0.81359
15490 0.658763
15491 0.766904
15492 0.642762
15493 0.784462
15494 0.813071
15495 0.949924
15496 0.568002
15497 0.713475
15498 0.524553
15499 0.78928
15500 0.719304
15501 0.880359
15502 0.711135
15503 0.811578
15504 0.651734
15505 0.759452
15506 0.77952
15507 0.858929
15508 0.607218
15509 0.844136
15510 0.673505
15511 0.0202622
15512 0.504908
15513 0.753033
15514 0.732923
15515 0.497885
15516 0.71587
15517 0.940272
15518 0.719
15519 0.57509
15520 0.864309
15521 0.593002
15522 0.600485
15523 0.742984
15524 0.730759
15525 0.82224
15526 0.707797
15527 0.846267
15528 0.657627
15529 0.3078
15530 0.199215
15531 0.698785
15532 0.801136
15533 0.686342
15534 0.776521
15535 0.821225
15536 0.732689
15537 0.517817
15538 0.866436
15539 0.657354
15540 0.902002
15541 0.760359
15542 0.574512
15543 0.512948
15544 0.533042
15545 0.531189
15546 0.710418
15547 0.857324
15548 0.734792
15549 0.784484
15550 0.639536
15551 0.726426
15552 0.61092
15553 0.861644
15554 0.584293
15555 0.761816
15556 0.79439
15557 0.638435
15558 0.768382
15559 0.754069
15560 0.686453
15561 0.889076
15562 0.720866
15563 0.962141
15564 0.884754
15565 0.582497
15566 0.742745
15567 0.577645
15568 0.828002
15569 0.78938
15570 0.55867
15571 0.418466
15572 0.790361
15573 0.682235
15574 0.664992
15575 0.705092
15576 0.543525
15577 0.939446
15578 0.754204
15579 0.693703
15580 0.715729
15581 0.788452
15582 0.776199
15583 0.952191
15584 0.702775
15585 0.705245
15586 0.726063
15587 0.434901
15588 0.637865
15589 0.895294
15590 0.704156
15591 0.647392
15592 0.657346
15593 0.67878
15594 0.861345
15595 0.510122
15596 0.763118
15597 0.737129
15598 0.714791
15599 0.700413
15600 0.851124
15601 0.698621
15602 0.605318
15603 0.933618
15604 0.835092
15605 0.712992
15606 0.842
15607 0.814748
15608 0.811634
15609 0.680324
15610 0.883669
15611 0.75438
15612 0.824604
15613 0.714825
15614 0.642625
15615 0.903333
15616 0.796561
15617 0.691307
15618 0.877316
15619 0.554943
15620 0.762203
15621 0.766949
15622 0.542923
15623 0.538262
15624 0.621528
15625 0.842121
15626 0.779642
15627 0.543921
15628 0.76762
15629 0.758149
15630 0.802938
15631 0.890791
15632 0.872735
15633 0.84126
15634 0.854972
15635 0.564093
15636 0.729932
15637 0.871837
15638 0.884939
15639 0.713584
15640 0.73108
15641 0.724759
15642 0.649812
15643 0.879159
15644 0.859648
15645 0.824267
15646 0.775073
15647 0.86581
15648 0.857087
15649 0.93438
15650 0.657807
15651 0.926601
15652 0.930523
15653 0.88925
15654 0.850954
15655 0.834527
15656 0.793732
15657 0.874153
15658 0.753696
15659 0.587021
15660 0.542878
15661 0.849919
15662 0.849638
15663 0.724108
15664 0.67352
15665 0.722038
15666 0.772912
15667 0.922535
15668 0.877091
15669 0.688496
15670 0.595516
15671 0.887071
15672 0.849007
15673 0.93991
15674 0.855171
15675 0.575258
15676 0.735176
15677 0.609183
15678 0.848572
15679 0.814538
15680 0.480257
15681 0.727113
15682 0.86241
15683 0.563874
15684 0.902489
15685 0.727252
15686 0.737495
15687 0.663948
15688 0.717822
15689 0.654235
15690 0.84456
15691 0.746983
15692 0.789534
15693 0.600641
15694 0.923611
15695 0.85484
15696 0.650249
15697 0.528736
15698 0.799852
15699 0.730997
15700 0.64702
15701 0.796902
15702 0.822466
15703 0.769279
15704 0.739607
15705 0.744073
15706 0.647843
15707 0.648739
15708 0.788194
15709 0.71962
15710 0.753996
15711 0.691435
15712 0.745799
15713 0.774723
15714 0.817065
15715 0.69727
15716 0.903413
15717 0.758612
15718 0.471666
15719 0.189109
15720 0.830599
15721 0.874244
15722 0.923098
15723 0.473785
15724 0.72169
15725 0.736239
15726 0.228704
15727 0.911015
15728 0.718786
15729 0.905964
15730 0.764957
15731 0.790227
15732 0.628486
15733 0.633097
15734 0.922836
15735 0.760034
15736 0.129513
15737 0.69303
15738 0.821459
15739 0.724259
15740 0.601407
15741 0.384237
15742 0.363309
15743 0.755506
15744 0.770398
15745 0.659611
15746 0.576479
15747 0.750563
15748 0.886232
15749 0.47378
15750 0.636838
15751 0.599048
15752 0.283872
15753 0.799487
15754 0.720571
15755 0.911427
15756 0.431286
15757 0.400712
15758 0.553931
15759 0.89846
15760 0.667166
15761 0.518713
15762 0.297551
15763 0.657008
15764 0.90133
15765 0.664481
15766 0.327076
15767 0.722945
15768 0.532717
15769 0.427038
15770 0.740451
15771 0.861114
15772 0.608869
15773 0.523922
15774 0.813844
15775 0.356864
15776 0.419148
15777 0.796703
15778 0.613474
15779 0.703559
15780 0.737676
15781 0.609822
15782 0.785451
15783 0.862657
15784 0.582451
15785 0.541659
15786 0.622477
15787 0.743398
15788 0.752302
15789 0.582971
15790 0.673407
15791 0.874769
15792 0.63876
15793 0.60702
15794 0.763656
15795 0.708524
15796 0.714172
15797 0.379065
15798 0.74803
15799 0.876502
15800 0.931136
15801 0.572047
15802 0.760645
15803 0.54238
15804 0.926267
15805 0.74622
15806 0.898904
15807 0.735339
15808 0.644731
15809 0.666667
15810 0.757957
15811 0.684556
15812 0.835246
15813 0.781649
15814 0.687842
15815 0.912155
15816 0.884618
15817 0.709106
15818 0.586868
15819 0.757976
15820 0.114666
15821 0.792166
15822 0.876238
15823 0.927884
15824 0.786574
15825 0.599129
15826 0.861799
15827 0.746928
15828 0.759655
15829 0.901871
15830 0.609974
15831 0.724326
15832 0.695597
15833 0.746837
15834 0.647518
15835 0.862159
15836 0.435833
15837 0.510406
15838 0.829945
15839 0.553354
15840 0.892432
15841 0.768349
15842 0.679804
15843 0.802078
15844 0.890823
15845 0.82891
15846 0.736543
15847 0.737408
15848 0.889253
15849 0.592924
15850 0.51744
15851 0.829227
15852 0.750145
15853 0.600319
15854 0.703089
15855 0.465412
15856 0.478535
15857 0.467212
15858 0.513568
15859 0.619707
15860 0.817173
15861 0.848608
15862 0.789837
15863 0.756376
15864 0.636914
15865 0.784985
15866 0.749963
15867 0.856027
15868 0.820593
15869 0.64354
15870 0.883619
15871 0.859968
15872 0.258745
15873 0.246959
15874 0.847714
15875 0.862306
15876 0.725136
15877 0.966464
15878 0.282866
15879 0.75905
15880 0.888986
15881 0.705761
15882 0.794163
15883 0.902478
15884 0.487905
15885 0.665385
15886 0.623272
15887 0.847505
15888 0.917179
15889 0.586338
15890 0.591228
15891 0.739147
15892 0.880341
15893 0.87761
15894 0.71484
15895 0.897501
15896 0.223142
15897 0.880812
15898 0.755991
15899 0.670819
15900 0.656941
15901 0.850242
15902 0.815006
15903 0.765475
15904 0.704982
15905 0.626718
15906 0.666446
15907 0.655624
15908 0.723536
15909 0.782388
15910 0.65028
15911 0.765217
15912 0.796573
15913 0.748713
15914 0.746002
15915 0.968854
15916 0.804819
15917 0.470686
15918 0.485618
15919 0.681363
15920 0.474724
15921 0.616263
15922 0.947421
15923 0.44605
15924 0.705302
15925 0.842813
15926 0.721556
15927 0.904003
15928 0.738817
15929 0.767548
15930 0.455834
15931 0.585697
15932 0.748633
15933 0.546246
15934 0.497188
15935 0.561123
15936 0.587244
15937 0.534183
15938 0.371199
15939 0.543417
15940 0.404509
15941 0.587087
15942 0.527014
15943 0.395147
15944 0.70304
15945 0.608993
15946 0.691894
15947 0.402876
15948 0.687946
15949 0.719925
15950 0.622711
15951 0.684729
15952 0.060748
15953 0.685657
15954 0.435955
15955 0.947291
15956 0.677416
15957 0.735285
15958 0.862064
15959 0.549508
15960 0.746344
15961 0.753922
15962 0.861018
15963 0.593386
15964 0.461703
15965 0.666575
15966 0.867191
15967 0.763754
15968 0.757827
15969 0.68964
15970 0.682213
15971 0.653953
15972 0.707666
15973 0.786544
15974 0.304569
15975 0.574043
15976 0.616467
15977 0.575975
15978 0.790305
15979 0.555483
15980 0.933662
15981 0.633634
15982 0.567547
15983 0.762838
15984 0.516335
15985 0.707034
15986 0.8537
15987 0.495056
15988 0.851635
15989 0.891484
15990 0.918473
15991 0.679513
15992 0.656712
15993 0.714203
15994 0.698252
15995 0.671196
15996 0.636387
15997 0.59166
15998 0.475589
15999 0.540093
16000 0.32379
16001 0.770549
16002 0.857393
16003 0.783375
16004 0.616481
16005 0.660185
16006 0.928632
16007 0.710088
16008 0.671383
16009 0.769271
16010 0.470849
16011 0.68597
16012 0.705665
16013 0.598278
16014 0.715708
16015 0.564227
16016 0.865919
16017 0.663784
16018 0.594089
16019 0.549044
16020 0.681858
16021 0.823221
16022 0.428367
16023 0.534205
16024 0.24302
16025 0.644241
16026 0.334964
16027 0.716294
16028 0.495316
16029 0.694049
16030 0.668125
16031 0.528462
16032 0.556112
16033 0.77452
16034 0.581307
16035 0.731458
16036 0.637117
16037 0.683059
16038 0.683781
16039 0.735213
16040 0.746722
16041 0.574396
16042 0.519776
16043 0.449363
16044 0.855169
16045 0.739135
16046 0.631424
16047 0.576761
16048 0.860113
16049 0.716692
16050 0.4621
16051 0.75071
16052 0.694197
16053 0.761694
16054 0.833972
16055 0.757393
16056 0.535607
16057 0.499831
16058 0.736784
16059 0.957581
16060 0.65323
16061 0.81609
16062 0.639685
16063 0.709144
16064 0.751015
16065 0.839557
16066 0.439267
16067 0.635154
16068 0.702539
16069 0.52733
16070 0.674401
16071 0.496151
16072 0.164556
16073 0.754112
16074 0.693812
16075 0.209003
16076 0.419615
16077 0.634435
16078 0.365689
16079 0.459926
16080 0.483012
16081 0.53726
16082 0.695613
16083 0.570031
16084 0.617092
16085 0.778447
16086 0.956478
16087 0.801818
16088 0.684057
16089 0.592754
16090 0.499669
16091 0.666403
16092 0.767083
16093 0.636241
16094 0.876862
16095 0.762609
16096 0.784351
16097 0.668643
16098 0.583679
16099 0.358592
16100 0.681687
16101 0.651029
16102 0.659552
16103 0.604141
16104 0.742198
16105 0.543476
16106 0.711239
16107 0.761
16108 0.519979
16109 0.749488
16110 0.761531
16111 0.462708
16112 0.659983
16113 0.824351
16114 0.842281
16115 0.353656
16116 0.50674
16117 0.782643
16118 0.49318
16119 0.694698
16120 0.662526
16121 0.562511
16122 0.793437
16123 0.614116
16124 0.767674
16125 0.670274
16126 0.800602
16127 0.585449
16128 0.77204
16129 0.616697
16130 0.734821
16131 0.854619
16132 0.229012
16133 0.86938
16134 0.487173
16135 0.696084
16136 0.473871
16137 0.640209
16138 0.0609837
16139 0.908994
16140 0.529434
16141 0.506291
16142 0.769641
16143 0.627206
16144 0.531959
16145 0.787029
16146 0.644362
16147 0.529639
16148 0.497078
16149 0.472088
16150 0.452727
16151 0.906183
16152 0.67271
16153 0.766207
16154 0.944206
16155 0.331953
16156 0.586489
16157 0.940006
16158 0.692949
16159 0.776621
16160 0.899103
16161 0.709131
16162 0.652856
16163 0.62125
16164 0.944635
16165 0.62881
16166 0.792099
16167 0.710188
16168 0.864457
16169 0.850706
16170 0.791492
16171 0.561376
16172 0.721587
16173 0.65261
16174 0.800088
16175 0.88395
16176 0.905135
16177 0.670055
16178 0.813234
16179 0.853394
16180 0.733376
16181 0.387728
16182 0.792792
16183 0.0349076
16184 0.821235
16185 0.691797
16186 0.544278
16187 0.650913
16188 0.57852
16189 0.531511
16190 0.748319
16191 0.685293
16192 0.584194
16193 0.56201
16194 0.894643
16195 0.404108
16196 0.659571
16197 0.156498
16198 0.5696
16199 0.822353
16200 0.933794
16201 0.766477
16202 0.696331
16203 0.822304
16204 0.725331
16205 0.812733
16206 0.793363
16207 0.823473
16208 0.830083
16209 0.609903
16210 0.874204
16211 0.960542
16212 0.727812
16213 0.720922
16214 0.471562
16215 0.358222
16216 0.746212
16217 0.808432
16218 0.68502
16219 0.697945
16220 0.733471
16221 0.578785
16222 0.779818
16223 0.79235
16224 0.617588
16225 0.587577
16226 0.836258
16227 0.653096
16228 0.863966
16229 0.673083
16230 0.884519
16231 0.561032
16232 0.869609
16233 0.529709
16234 0.88869
16235 0.669418
16236 0.751783
16237 0.748119
16238 0.718149
16239 0.810261
16240 0.893924
16241 0.699473
16242 0.110259
16243 0.774923
16244 0.629977
16245 0.585048
16246 0.68433
16247 0.796239
16248 0.805509
16249 0.765896
16250 0.683642
16251 0.62025
16252 0.664512
16253 0.792525
16254 0.396193
16255 0.717124
16256 0.652381
16257 0.485885
16258 0.663302
16259 0.673061
16260 0.633562
16261 0.582923
16262 0.721426
16263 0.813611
16264 0.805268
16265 0.652693
16266 0.745584
16267 0.77357
16268 0.794394
16269 0.835687
16270 0.648814
16271 0.744629
16272 0.910929
16273 0.539922
16274 0.765168
16275 0.466482
16276 0.921021
16277 0.913633
16278 0.651892
16279 0.622328
16280 0.628947
16281 0.775504
16282 0.731604
16283 0.81969
16284 0.88402
16285 0.876002
16286 0.93919
16287 0.714033
16288 0.563993
16289 0.806932
16290 0.795474
16291 0.852173
16292 0.798004
16293 0.753937
16294 0.744416
16295 0.698902
16296 0.894386
16297 0.629862
16298 0.788676
16299 0.659291
16300 0.299873
16301 0.641421
16302 0.802315
16303 0.69297
16304 0.651761
16305 0.968415
16306 0.753993
16307 0.808863
16308 0.847563
16309 0.773058
16310 0.968057
16311 0.90063
16312 0.644041
16313 0.887441
16314 0.74872
16315 0.342219
16316 0.814433
16317 0.204001
16318 0.457758
16319 0.795735
16320 0.431501
16321 0.52583
16322 0.685636
16323 0.505422
16324 0.667915
16325 0.593032
16326 0.792796
16327 0.42011
16328 0.550567
16329 0.472602
16330 0.60487
16331 0.477758
16332 0.750195
16333 0.691799
16334 0.769113
16335 0.670648
16336 0.642369
16337 0.686494
16338 0.784244
16339 0.663998
16340 0.860113
16341 0.665015
16342 0.913412
16343 0.769547
16344 0.705802
16345 0.315392
16346 0.341807
16347 0.68279
16348 0.344846
16349 0.526583
16350 0.688255
16351 0.834753
16352 0.678502
16353 0.592158
16354 0.65347
16355 0.823433
16356 0.684056
16357 0.734892
16358 0.890707
16359 0.531878
16360 0.556769
16361 0.47836
16362 0.729951
16363 0.909379
16364 0.605136
16365 0.665671
16366 0.763234
16367 0.777658
16368 0.695579
16369 0.554624
16370 0.615946
16371 0.812124
16372 0.44517
16373 0.813153
16374 0.934771
16375 0.830722
16376 0.804593
16377 0.792551
16378 0.519409
16379 0.372612
16380 0.39893
16381 0.700071
16382 0.874509
16383 0.790517
16384 0.726296
16385 0.604042
16386 0.828493
16387 0.674289
16388 0.6604
16389 0.643709
16390 0.731105
16391 0.90697
16392 0.497203
16393 0.826701
16394 0.594057
16395 0.593715
16396 0.5733
16397 0.895792
16398 0.79906
16399 0.610238
16400 0.811724
16401 0.825514
16402 0.854926
16403 0.897322
16404 0.777255
16405 0.864183
16406 0.724064
16407 0.895719
16408 0.922743
16409 0.700113
16410 0.670828
16411 0.433992
16412 0.663663
16413 0.616139
16414 0.725917
16415 0.677913
16416 0.782955
16417 0.774921
16418 0.844812
16419 0.163819
16420 0.61436
16421 0.58121
16422 0.535367
16423 0.0190976
16424 0.717749
16425 0.426128
16426 0.277849
16427 0.689834
16428 0.808828
16429 0.696735
16430 0.622185
16431 0.69665
16432 0.685671
16433 0.663066
16434 0.76906
16435 0.764747
16436 0.721363
16437 0.806167
16438 0.711334
16439 0.760448
16440 0.689457
16441 0.473723
16442 0.169033
16443 0.92192
16444 0.778738
16445 0.713452
16446 0.880095
16447 0.592527
16448 0.829343
16449 0.612038
16450 0.94603
16451 0.840998
16452 0.961891
16453 0.583099
16454 0.83577
16455 0.448719
16456 0.640878
16457 0.980814
16458 0.723718
16459 0.554247
16460 0.471888
16461 0.831981
16462 0.859099
16463 0.806976
16464 0.522643
16465 0.365437
16466 0.737068
16467 0.842167
16468 0.610163
16469 0.659304
16470 0.76344
16471 0.691602
16472 0.834524
16473 0.588194
16474 0.36339
16475 0.373229
16476 0.616604
16477 0.575151
16478 0.738779
16479 0.430808
16480 0.558981
16481 0.756348
16482 0.563249
16483 0.55473
16484 0.83294
16485 0.747612
16486 0.719143
16487 0.672076
16488 0.740963
16489 0.65277
16490 0.666049
16491 0.834861
16492 0.568345
16493 0.81385
16494 0.846206
16495 0.720638
16496 0.884765
16497 0.779564
16498 0.767206
16499 0.626543
16500 0.698822
16501 0.612537
16502 0.730924
16503 0.568639
16504 0.7325
16505 0.617436
16506 0.563866
16507 0.828455
16508 0.769258
16509 0.719393
16510 0.561472
16511 0.633296
16512 0.76188
16513 0.587062
16514 0.845573
16515 0.747419
16516 0.551093
16517 0.782438
16518 0.69478
16519 0.616713
16520 0.723568
16521 0.707326
16522 0.745027
16523 0.644687
16524 0.776696
16525 0.560466
16526 0.794971
16527 0.740181
16528 0.64995
16529 0.545274
16530 0.847214
16531 0.416594
16532 0.499832
16533 0.784772
16534 0.898579
16535 0.696721
16536 0.670843
16537 0.52248
16538 0.801856
16539 0.650143
16540 0.934333
16541 0.951431
16542 0.756261
16543 0.803218
16544 0.78117
16545 0.772074
16546 0.756649
16547 0.873321
16548 0.804382
16549 0.796104
16550 0.750733
16551 0.640614
16552 0.72556
16553 0.771149
16554 0.794685
16555 0.518694
16556 0.599692
16557 0.665158
16558 0.740473
16559 0.675433
16560 0.83372
16561 0.389221
16562 0.624338
16563 0.61326
16564 0.644466
16565 0.502022
16566 0.669495
16567 0.451423
16568 0.85648
16569 0.630994
16570 0.758679
16571 0.858788
16572 0.767633
16573 0.725993
16574 0.723432
16575 0.595718
16576 0.759618
16577 0.701543
16578 0.67105
16579 0.614692
16580 0.71367
16581 0.767776
16582 0.555508
16583 0.825993
16584 0.827857
16585 0.557778
16586 0.681893
16587 0.744148
16588 0.596779
16589 0.383166
16590 0.7088
16591 0.735394
16592 0.727585
16593 0.588391
16594 0.769977
16595 0.682869
16596 0.645198
16597 0.969388
16598 0.613058
16599 0.469706
16600 0.714766
16601 0.884788
16602 0.649243
16603 0.720861
16604 0.657768
16605 0.748113
16606 0.881716
16607 0.617653
16608 0.837315
16609 0.840732
16610 0.657401
16611 0.624093
16612 0.62346
16613 0.687136
16614 0.682992
16615 0.614725
16616 0.787944
16617 0.706064
16618 0.742784
16619 0.719866
16620 0.426624
16621 0.493701
16622 0.79133
16623 0.921146
16624 0.537507
16625 0.771389
16626 0.699297
16627 0.799722
16628 0.7738
16629 0.437093
16630 0.731441
16631 0.740315
16632 0.695141
16633 0.716839
16634 0.873898
16635 0.790671
16636 0.834708
16637 0.459434
16638 0.437881
16639 0.697858
16640 0.46777
16641 0.566629
16642 0.764257
16643 0.777042
16644 0.760152
16645 0.61828
16646 0.865943
16647 0.630585
16648 0.866124
16649 0.706828
16650 0.597328
16651 0.877089
16652 0.845649
16653 0.582848
16654 0.776499
16655 0.867752
16656 0.746256
16657 0.775057
16658 0.478115
16659 0.752357
16660 0.700733
16661 0.819624
16662 0.549542
16663 0.832002
16664 0.494855
16665 0.858106
16666 0.560336
16667 0.942728
16668 0.645667
16669 0.713306
16670 0.872713
16671 0.621718
16672 0.813298
16673 0.816509
16674 0.622857
16675 0.625534
16676 0.93824
16677 0.86911
16678 0.774694
16679 0.950245
16680 0.900792
16681 0.748709
16682 0.694433
16683 0.850772
16684 0.60545
16685 0.79036
16686 0.744631
16687 0.838633
16688 0.829258
16689 0.803593
16690 0.794256
16691 0.727847
16692 0.813443
16693 0.655964
16694 0.70601
16695 0.552913
16696 0.713336
16697 0.548784
16698 0.824548
16699 0.569421
16700 0.875377
16701 0.901898
16702 0.517843
16703 0.46052
16704 0.614856
16705 0.588709
16706 0.765462
16707 0.688631
16708 0.615514
16709 0.707135
16710 0.891321
16711 0.961808
16712 0.802772
16713 0.801778
16714 0.885324
16715 0.864589
16716 0.848398
16717 0.631826
16718 0.795188
16719 0.594697
16720 0.723717
16721 0.522569
16722 0.858682
16723 0.639282
16724 0.707207
16725 0.88261
16726 0.809923
16727 0.717647
16728 0.651807
16729 0.725899
16730 0.863087
16731 0.712721
16732 0.494208
16733 0.812504
16734 0.587319
16735 0.581263
16736 0.659663
16737 0.735317
16738 0.834678
16739 0.72887
16740 0.787308
16741 0.92367
16742 0.82385
16743 0.403186
16744 0.618562
16745 0.687979
16746 0.775393
16747 0.832673
16748 0.745989
16749 0.896992
16750 0.721798
16751 0.66804
16752 0.507349
16753 0.515287
16754 0.76453
16755 0.567673
16756 0.410831
16757 0.660712
16758 0.708347
16759 0.786196
16760 0.583116
16761 0.498708
16762 0.796533
16763 0.281461
16764 0.767985
16765 0.619061
16766 0.480075
16767 0.685287
16768 0.707702
16769 0.771955
16770 0.855921
16771 0.385185
16772 0.552036
16773 0.778052
16774 0.370699
16775 0.830153
16776 0.764353
16777 0.653218
16778 0.792588
16779 0.67812
16780 0.474027
16781 0.42031
16782 0.691407
16783 0.499682
16784 0.791148
16785 0.941569
16786 0.895295
16787 0.751151
16788 0.884921
16789 0.531451
16790 0.864536
16791 0.747357
16792 0.643443
16793 0.463149
16794 0.559127
16795 0.785953
16796 0.797491
16797 0.766855
16798 0.773134
16799 0.71747
16800 0.723939
16801 0.658479
16802 0.782042
16803 0.872365
16804 0.613383
16805 0.775442
16806 0.771466
16807 0.831669
16808 0.427711
16809 0.313842
16810 0.811198
16811 0.551394
16812 0.833644
16813 0.698192
16814 0.808996
16815 0.576203
16816 0.47392
16817 0.908745
16818 0.442802
16819 0.51858
16820 0.706966
16821 0.348211
16822 0.831504
16823 0.822792
16824 0.817757
16825 0.820267
16826 0.811939
16827 0.740605
16828 0.934872
16829 0.819243
16830 0.771702
16831 0.888303
16832 0.702907
16833 0.804407
16834 0.824823
16835 0.782234
16836 0.943499
16837 0.0751436
16838 0.643031
16839 0.861131
16840 0.870256
16841 0.663918
16842 0.307587
16843 0.776586
16844 0.731489
16845 0.755373
16846 0.784983
16847 0.659222
16848 0.812407
16849 0.746643
16850 0.946473
16851 0.716711
16852 0.841885
16853 0.843307
16854 0.624265
16855 0.437988
16856 0.540128
16857 0.788737
16858 0.558513
16859 0.880654
16860 0.870577
16861 0.595186
16862 0.822472
16863 0.416853
16864 0.742128
16865 0.668188
16866 0.572688
16867 0.565824
16868 0.811228
16869 0.670085
16870 0.840396
16871 0.653334
16872 0.785089
16873 0.461891
16874 0.538285
16875 0.754553
16876 0.834155
16877 0.81725
16878 0.582145
16879 0.679542
16880 0.930984
16881 0.729868
16882 0.893872
16883 0.686585
16884 0.539485
16885 0.773034
16886 0.849594
16887 0.805335
16888 0.899881
16889 0.750929
16890 0.585724
16891 0.579765
16892 0.606489
16893 0.67395
16894 0.424954
16895 0.538262
16896 0.941881
16897 0.689491
16898 0.743823
16899 0.824553
16900 0.841592
16901 0.785058
16902 0.764213
16903 0.736635
16904 0.809855
16905 0.891936
16906 0.878297
16907 0.802409
16908 0.901236
16909 0.73516
16910 0.682773
16911 0.858756
16912 0.733828
16913 0.735867
16914 0.829244
16915 0.749755
16916 0.690901
16917 0.830674
16918 0.741691
16919 0.869264
16920 0.717388
16921 0.522069
16922 0.436334
16923 0.66317
16924 0.606563
16925 0.687467
16926 0.856688
16927 0.694223
16928 0.628387
16929 0.664794
16930 0.666206
16931 0.78641
16932 0.71943
16933 0.775945
16934 0.765594
16935 0.619451
16936 0.693892
16937 0.463954
16938 0.884907
16939 0.564031
16940 0.592059
16941 0.794326
16942 0.540107
16943 0.84192
16944 0.603434
16945 0.813413
16946 0.710555
16947 0.72889
16948 0.827225
16949 0.568016
16950 0.770225
16951 0.772448
16952 0.674512
16953 0.774801
16954 0.585572
16955 0.845275
16956 0.883931
16957 0.59583
16958 0.888977
16959 0.861725
16960 0.800264
16961 0.593859
16962 0.506636
16963 0.650512
16964 0.920608
16965 0.821513
16966 0.812369
16967 0.818297
16968 0.866419
16969 0.8828
16970 0.773237
16971 0.902647
16972 0.637267
16973 0.97113
16974 0.694473
16975 0.868868
16976 0.798143
16977 0.731687
16978 0.723261
16979 0.692862
16980 0.875238
16981 0.875504
16982 0.743961
16983 0.805882
16984 0.784238
16985 0.860208
16986 0.440797
16987 0.766149
16988 0.904613
16989 0.711888
16990 0.792456
16991 0.64603
16992 0.774157
16993 0.878825
16994 0.871116
16995 0.731316
16996 0.84332
16997 0.782986
16998 0.608918
16999 0.713602
17000 0.541338
17001 0.472063
17002 0.759404
17003 0.770611
17004 0.851239
17005 0.635091
17006 0.799489
17007 0.898431
17008 0.918103
17009 0.518981
17010 0.814913
17011 0.629275
17012 0.736472
17013 0.867641
17014 0.827192
17015 0.816581
17016 0.817781
17017 0.892175
17018 0.660334
17019 0.685387
17020 0.928935
17021 0.928936
17022 0.958967
17023 0.892941
17024 0.856437
17025 0.704483
17026 0.661353
17027 0.291185
17028 0.636746
17029 0.845517
17030 0.663143
17031 0.813702
17032 0.818653
17033 0.875441
17034 0.800093
17035 0.84506
17036 0.93682
17037 0.956838
17038 0.843026
17039 0.861781
17040 0.884939
17041 0.886553
17042 0.68444
17043 0.848152
17044 0.545886
17045 0.766849
17046 0.709107
17047 0.750906
17048 0.912692
17049 0.542182
17050 0.85273
17051 0.934218
17052 0.70011
17053 0.712639
17054 0.711033
17055 0.977393
17056 0.826489
17057 0.771496
17058 0.977914
17059 0.6712
17060 0.645589
17061 0.664806
17062 0.852733
17063 0.865773
17064 0.720955
17065 0.932823
17066 0.636919
17067 0.841416
17068 0.795032
17069 0.572753
17070 0.658615
17071 0.9601
17072 0.885573
17073 0.7954
17074 0.778516
17075 0.695785
17076 0.864365
17077 0.6012
17078 0.657337
17079 0.787135
17080 0.877344
17081 0.612082
17082 0.887314
17083 0.880544
17084 0.769327
17085 0.801108
17086 0.765835
17087 0.796553
17088 0.658931
17089 0.740893
17090 0.0660979
17091 0.54338
17092 0.587301
17093 0.833091
17094 0.748889
17095 0.603231
17096 0.810553
17097 0.753637
17098 0.715914
17099 0.698245
17100 0.0361548
17101 0.723594
17102 0.443455
17103 0.696996
17104 0.709744
17105 0.812913
17106 0.786721
17107 0.797399
17108 0.653639
17109 0.887131
17110 0.812254
17111 0.987887
17112 0.628547
17113 0.922161
17114 0.742496
17115 0.862028
17116 0.649515
17117 0.772394
17118 0.90504
17119 0.913812
17120 0.576481
17121 0.508159
17122 0.778786
17123 0.910018
17124 0.382838
17125 0.669247
17126 0.346803
17127 0.514483
17128 0.573932
17129 0.522796
17130 0.556585
17131 0.72863
17132 0.856833
17133 0.796657
17134 0.80472
17135 0.835383
17136 0.61562
17137 0.506303
17138 0.487381
17139 0.917843
17140 0.916538
17141 0.969871
17142 0.686326
17143 0.749081
17144 0.82075
17145 0.67296
17146 0.784215
17147 0.700785
17148 0.626834
17149 0.799612
17150 0.64119
17151 0.707061
17152 0.443512
17153 0.580331
17154 0.707156
17155 0.753749
17156 0.756393
17157 0.863481
17158 0.665274
17159 0.798063
17160 0.839245
17161 0.6555
17162 0.828185
17163 0.853457
17164 0.854501
17165 0.886804
17166 0.83914
17167 0.821821
17168 0.696079
17169 0.859914
17170 0.228763
17171 0.838535
17172 0.857847
17173 0.473438
17174 0.841972
17175 0.858645
17176 0.938201
17177 0.531021
17178 0.903484
17179 0.697708
17180 0.868829
17181 0.70922
17182 0.646402
17183 0.902238
17184 0.669302
17185 0.821381
17186 0.79167
17187 0.551321
17188 0.618981
17189 0.74181
17190 0.791188
17191 0.632133
17192 0.697836
17193 0.735431
17194 0.642991
17195 0.463171
17196 0.796407
17197 0.905148
17198 0.63951
17199 0.611256
17200 0.563365
17201 0.756712
17202 0.718055
17203 0.545793
17204 0.666181
17205 0.665721
17206 0.597169
17207 0.507873
17208 0.756602
17209 0.523377
17210 0.738808
17211 0.632254
17212 0.647646
17213 0.587563
17214 0.618275
17215 0.615931
17216 0.549627
17217 0.547326
17218 0.596057
17219 0.70167
17220 0.766167
17221 0.950811
17222 0.601166
17223 0.822938
17224 0.929975
17225 0.65517
17226 0.702813
17227 0.688608
17228 0.634853
17229 0.475259
17230 0.752874
17231 0.63044
17232 0.793946
17233 0.477112
17234 0.477317
17235 0.735668
17236 0.621191
17237 0.752337
17238 0.539792
17239 0.474862
17240 0.754942
17241 0.839791
17242 0.690672
17243 0.711954
17244 0.952308
17245 0.876624
17246 0.586707
17247 0.814348
17248 0.557082
17249 0.707262
17250 0.969698
17251 0.719917
17252 0.794766
17253 0.771234
17254 0.511202
17255 0.666516
17256 0.773197
17257 0.61244
17258 0.797877
17259 0.678255
17260 0.822683
17261 0.816122
17262 0.806808
17263 0.640633
17264 0.834623
17265 0.658716
17266 0.777366
17267 0.593168
17268 0.269061
17269 0.931608
17270 0.474585
17271 0.659131
17272 0.512048
17273 0.45812
17274 0.683266
17275 0.75755
17276 0.641353
17277 0.815286
17278 0.70273
17279 0.715443
17280 0.681208
17281 0.763081
17282 0.745126
17283 0.524447
17284 0.623836
17285 0.742399
17286 0.405032
17287 0.663772
17288 0.624984
17289 0.58835
17290 0.804851
17291 0.724827
17292 0.337065
17293 0.719274
17294 0.773116
17295 0.420188
17296 0.50327
17297 0.409266
17298 0.461438
17299 0.633991
17300 0.923968
17301 0.596268
17302 0.350449
17303 0.725262
17304 0.527615
17305 0.64987
17306 0.702204
17307 0.578761
17308 0.269498
17309 0.860295
17310 0.6522
17311 0.852329
17312 0.855385
17313 0.794441
17314 0.822548
17315 0.728104
17316 0.866944
17317 0.768474
17318 0.830209
17319 0.519741
17320 0.74018
17321 0.840158
17322 0.665725
17323 0.819822
17324 0.911377
17325 0.635281
17326 0.779288
17327 0.947461
17328 0.762765
17329 0.650176
17330 0.786725
17331 0.542492
17332 0.678496
17333 0.442993
17334 0.783165
17335 0.811188
17336 0.668319
17337 0.581261
17338 0.521895
17339 0.858177
17340 0.826124
17341 0.643307
17342 0.792884
17343 0.596716
17344 0.802918
17345 0.655279
17346 0.642349
17347 0.264367
17348 0.899931
17349 0.692239
17350 0.780549
17351 0.650182
17352 0.718943
17353 0.759324
17354 0.801065
17355 0.78531
17356 0.656817
17357 0.715937
17358 0.8228
17359 0.628245
17360 0.921062
17361 0.741172
17362 0.716026
17363 0.896965
17364 0.847527
17365 0.628022
17366 0.742235
17367 0.452587
17368 0.648417
17369 0.812447
17370 0.698879
17371 0.563442
17372 0.865794
17373 0.594845
17374 0.707778
17375 0.834705
17376 0.740314
17377 0.7371
17378 0.885635
17379 0.836537
17380 0.816832
17381 0.495795
17382 0.671188
17383 0.5258
17384 0.538189
17385 0.974095
17386 0.539611
17387 0.617975
17388 0.881848
17389 0.765786
17390 0.674821
17391 0.588981
17392 0.505026
17393 0.632612
17394 0.511218
17395 0.668149
17396 0.830327
17397 0.644451
17398 0.741404
17399 0.750457
17400 0.595351
17401 0.671888
17402 0.600811
17403 0.566092
17404 0.501126
17405 0.670398
17406 0.54935
17407 0.703163
17408 0.913144
17409 0.726454
17410 0.572879
17411 0.776102
17412 0.589077
17413 0.741462
17414 0.735954
17415 0.737498
17416 0.682076
17417 0.691127
17418 0.611887
17419 0.467194
17420 0.541682
17421 0.525435
17422 0.654557
17423 0.798066
17424 0.70477
17425 0.755422
17426 0.668489
17427 0.655153
17428 0.376761
17429 0.827722
17430 0.835852
17431 0.68209
17432 0.855148
17433 0.806981
17434 0.767242
17435 0.81629
17436 0.993323
17437 0.683022
17438 0.909174
17439 0.274845
17440 0.571726
17441 0.826906
17442 0.770832
17443 0.529213
17444 0.833882
17445 0.408915
17446 0.721802
17447 0.5755
17448 0.708521
17449 0.486294
17450 0.763033
17451 0.756565
17452 0.665255
17453 0.640032
17454 0.820249
17455 0.744048
17456 0.672713
17457 0.634529
17458 0.312565
17459 0.91279
17460 0.608088
17461 0.483422
17462 0.670229
17463 0.881599
17464 0.773031
17465 0.47118
17466 0.49599
17467 0.238739
17468 0.956083
17469 0.66968
17470 0.623347
17471 0.570375
17472 0.903577
17473 0.679839
17474 0.655331
17475 0.526112
17476 0.639461
17477 0.836489
17478 0.89364
17479 0.513443
17480 0.738444
17481 0.735419
17482 0.0729124
17483 0.357837
17484 0.52799
17485 0.747637
17486 0.934612
17487 0.577558
17488 0.847515
17489 0.919186
17490 0.623014
17491 0.860692
17492 0.813295
17493 0.661325
17494 0.643258
17495 0.712454
17496 0.432262
17497 0.443136
17498 0.681723
17499 0.812063
17500 0.69472
17501 0.8532
17502 0.710281
17503 0.912829
17504 0.863539
17505 0.54565
17506 0.490735
17507 0.536432
17508 0.451623
17509 0.686896
17510 0.65928
17511 0.307522
17512 0.291849
17513 0.252915
17514 0.207
17515 0.761765
17516 0.695333
17517 0.765444
17518 0.723621
17519 0.0444838
17520 0.0844657
17521 0.65296
17522 0.815489
17523 0.139078
17524 0.50888
17525 0.806531
17526 0.8653
17527 0.0919472
17528 0.624502
17529 0.891773
17530 0.483238
17531 0.325174
17532 0.463837
17533 0.486046
17534 0.797909
17535 0.565246
17536 0.319709
17537 0.52129
17538 0.674627
17539 0.898459
17540 0.570535
17541 0.651881
17542 0.723963
17543 0.281046
17544 0.770523
17545 0.610135
17546 0.689684
17547 0.342114
17548 0.638463
17549 0.737061
17550 0.741979
17551 0.505752
17552 0.0722403
17553 0.457216
17554 0.616853
17555 0.570366
17556 0.475738
17557 0.633472
17558 0.789691
17559 0.542739
17560 0.600978
17561 0.348595
17562 0.598802
17563 0.808494
17564 0.606513
17565 0.506519
17566 0.66935
17567 0.711089
17568 0.601259
17569 0.822885
17570 0.380569
17571 0.791068
17572 0.674264
17573 0.799346
17574 0.546814
17575 0.548792
17576 0.495514
17577 0.813504
17578 0.908748
17579 0.630919
17580 0.327146
17581 0.718307
17582 0.590967
17583 0.849081
17584 0.878798
17585 0.681198
17586 0.768025
17587 0.732994
17588 0.597243
17589 0.0738095
17590 0.916944
17591 0.518945
17592 0.851381
17593 0.70169
17594 0.730913
17595 0.761702
17596 0.311138
17597 0.7927
17598 0.620893
17599 0.798722
17600 0.728582
17601 0.350796
17602 0.113439
17603 0.137728
17604 0.808084
17605 0.608307
17606 0.677145
17607 0.0736776
17608 0.201125
17609 0.798009
17610 0.689365
17611 0.895692
17612 0.689785
17613 0.170735
17614 0.514366
17615 0.293195
17616 0.69421
17617 0.347265
17618 0.684026
17619 0.0926577
17620 0.469837
17621 0.737839
17622 0.527753
17623 0.79919
17624 0.768719
17625 0.550791
17626 0.346263
17627 0.947546
17628 0.508374
17629 0.633616
17630 0.243563
17631 0.309642
17632 0.768032
17633 0.70077
17634 0.657299
17635 0.592836
17636 0.866992
17637 0.465227
17638 0.400762
17639 0.660558
17640 0.447924
17641 0.650579
17642 0.657373
17643 0.736224
17644 0.714351
17645 0.400541
17646 0.831244
17647 0.751986
17648 0.886603
17649 0.746273
17650 0.604314
17651 0.621741
17652 0.490248
17653 0.564567
17654 0.798228
17655 0.636767
17656 0.762123
17657 0.705113
17658 0.547675
17659 0.716798
17660 0.397484
17661 0.777184
17662 0.720425
17663 0.284965
17664 0.905185
17665 0.4868
17666 0.444544
17667 0.581828
17668 0.650784
17669 0.86071
17670 0.656903
17671 0.80918
17672 0.67778
17673 0.552212
17674 0.852919
17675 0.620469
17676 0.424449
17677 0.787159
17678 0.62963
17679 0.847817
17680 0.444028
17681 0.388955
17682 0.748945
17683 0.566401
17684 0.535133
17685 0.652913
17686 0.636442
17687 0.545323
17688 0.636769
17689 0.413362
17690 0.460775
17691 0.544058
17692 0.547016
17693 0.291605
17694 0.726718
17695 0.799439
17696 0.730922
17697 0.923188
17698 0.6099
17699 0.610561
17700 0.773325
17701 0.510583
17702 0.687392
17703 0.80362
17704 0.614945
17705 0.698851
17706 0.536296
17707 0.561972
17708 0.612065
17709 0.61875
17710 0.636672
17711 0.531376
17712 0.697914
17713 0.738329
17714 0.468791
17715 0.539253
17716 0.814536
17717 0.871412
17718 0.692259
17719 0.833085
17720 0.854437
17721 0.714759
17722 0.735588
17723 0.716006
17724 0.353444
17725 0.773145
17726 0.640107
17727 0.678218
17728 0.231467
17729 0.734018
17730 0.715457
17731 0.670403
17732 0.531767
17733 0.784052
17734 0.709249
17735 0.701327
17736 0.886657
17737 0.69453
17738 0.822852
17739 0.690337
17740 0.699635
17741 0.901027
17742 0.50033
17743 0.60589
17744 0.743477
17745 0.440854
17746 0.292308
17747 0.558604
17748 0.763432
17749 0.703575
17750 0.891774
17751 0.661151
17752 0.505729
17753 0.652292
17754 0.601903
17755 0.434368
17756 0.599499
17757 0.720937
17758 0.689186
17759 0.728908
17760 0.726959
17761 0.616298
17762 0.464988
17763 0.588331
17764 0.735259
17765 0.826889
17766 0.683897
17767 0.623385
17768 0.673938
17769 0.56949
17770 0.713655
17771 0.559596
17772 0.528726
17773 0.570455
17774 0.686176
17775 0.233649
17776 0.496776
17777 0.233655
17778 0.520359
17779 0.947153
17780 0.412807
17781 0.711056
17782 0.539105
17783 0.602401
17784 0.597714
17785 0.792272
17786 0.73907
17787 0.539177
17788 0.587885
17789 0.718634
17790 0.543536
17791 0.52019
17792 0.758
17793 0.617958
17794 0.514652
17795 0.624937
17796 0.912338
17797 0.684303
17798 0.151933
17799 0.599066
17800 0.737711
17801 0.727037
17802 0.449801
17803 0.746023
17804 0.657377
17805 0.610069
17806 0.708203
17807 0.67098
17808 0.838941
17809 0.82601
17810 0.757643
17811 0.806942
17812 0.43108
17813 0.6414
17814 0.726541
17815 0.708812
17816 0.357923
17817 0.43987
17818 0.902169
17819 0.502171
17820 0.776577
17821 0.772216
17822 0.636963
17823 0.766601
17824 0.758065
17825 0.908685
17826 0.80721
17827 0.8149
17828 0.729686
17829 0.829624
17830 0.804722
17831 0.687432
17832 0.752256
17833 0.735005
17834 0.726
17835 0.731245
17836 0.693321
17837 0.456507
17838 0.686766
17839 0.60114
17840 0.640403
17841 0.473484
17842 0.810025
17843 0.577863
17844 0.633934
17845 0.885685
17846 0.688094
17847 0.54475
17848 0.635122
17849 0.593192
17850 0.570313
17851 0.641292
17852 0.723875
17853 0.827068
17854 0.688409
17855 0.213558
17856 0.597925
17857 0.943777
17858 0.694583
17859 0.784334
17860 0.829414
17861 0.625165
17862 0.830647
17863 0.934987
17864 0.607925
17865 0.836211
17866 0.823804
17867 0.646537
17868 0.790998
17869 0.674497
17870 0.804946
17871 0.668672
17872 0.391374
17873 0.910509
17874 0.444589
17875 0.924999
17876 0.665096
17877 0.535292
17878 0.535307
17879 0.0198371
17880 0.608595
17881 0.237251
17882 0.728744
17883 0.532229
17884 0.511531
17885 0.0431793
17886 0.527715
17887 0.871494
17888 0.795311
17889 0.654049
17890 0.717074
17891 0.657889
17892 0.728901
17893 0.496545
17894 0.428723
17895 0.439313
17896 0.756609
17897 0.752241
17898 0.491608
17899 0.640518
17900 0.927962
17901 0.747041
17902 0.522985
17903 0.75273
17904 0.487421
17905 0.0303046
17906 0.696921
17907 0.319511
17908 0.7022
17909 0.558369
17910 0.765581
17911 0.361046
17912 0.45245
17913 0.181821
17914 0.596909
17915 0.581052
17916 0.774465
17917 0.570282
17918 0.626721
17919 0.699883
17920 0.786645
17921 0.744085
17922 0.628173
17923 0.715834
17924 0.768392
17925 0.819129
17926 0.756529
17927 0.855569
17928 0.655366
17929 0.534718
17930 0.268582
17931 0.506846
17932 0.177336
17933 0.406339
17934 0.695791
17935 0.560808
17936 0.682816
17937 0.606304
17938 0.828089
17939 0.719501
17940 0.638389
17941 0.7147
17942 0.742085
17943 0.350856
17944 0.6643
17945 0.925359
17946 0.619786
17947 0.462853
17948 0.558761
17949 0.599586
17950 0.688839
17951 0.736117
17952 0.679318
17953 0.49258
17954 0.525197
17955 0.570377
17956 0.313268
17957 0.568617
17958 0.567535
17959 0.499033
17960 0.113529
17961 0.623583
17962 0.373114
17963 0.797268
17964 0.710993
17965 0.522749
17966 0.466621
17967 0.409195
17968 0.463295
17969 0.464303
17970 0.295494
17971 0.554292
17972 0.757451
17973 0.735234
17974 0.685336
17975 0.636344
17976 0.535365
17977 0.469056
17978 0.82356
17979 0.551054
17980 0.47867
17981 0.389236
17982 0.696143
17983 0.549005
17984 0.494012
17985 0.703649
17986 0.339912
17987 0.600351
17988 0.661726
17989 0.765334
17990 0.800359
17991 0.520344
17992 0.661942
17993 0.928319
17994 0.607732
17995 0.783841
17996 0.591158
17997 0.565994
17998 0.780309
17999 0.404544
18000 0.775325
18001 0.62211
18002 0.571352
18003 0.407314
18004 0.803123
18005 0.716902
18006 0.821822
18007 0.739194
18008 0.496628
18009 0.657174
18010 0.758994
18011 0.78531
18012 0.757841
18013 0.85861
18014 0.766487
18015 0.861982
18016 0.617002
18017 0.734767
18018 0.366032
18019 0.597238
18020 0.59507
18021 0.827095
18022 0.852273
18023 0.481944
18024 0.385774
18025 0.568221
18026 0.59251
18027 0.121697
18028 0.562707
18029 0.610878
18030 0.119888
18031 0.580007
18032 0.520689
18033 0.870215
18034 0.661768
18035 0.653344
18036 0.458033
18037 0.381345
18038 0.60564
18039 0.713307
18040 0.300572
18041 0.841962
18042 0.829034
18043 0.33896
18044 0.730211
18045 0.117537
18046 0.91678
18047 0.618242
18048 0.710663
18049 0.574501
18050 0.526047
18051 0.804968
18052 0.361268
18053 0.744867
18054 0.839209
18055 0.0227116
18056 0.567782
18057 0.584522
18058 0.982491
18059 0.722123
18060 0.246784
18061 0.803631
18062 0.515469
18063 0.207225
18064 0.821213
18065 0.71626
18066 0.721294
18067 0.169874
18068 0.545077
18069 0.905791
18070 0.415987
18071 0.749142
18072 0.402114
18073 0.803702
18074 0.404636
18075 0.235105
18076 0.651819
18077 0.742884
18078 0.810319
18079 0.211678
18080 0.466782
18081 0.825893
18082 0.642944
18083 0.894216
18084 0.758623
18085 0.901681
18086 0.449356
18087 0.512711
18088 0.721296
18089 0.91218
18090 0.816843
18091 0.874363
18092 0.820264
18093 0.396835
18094 0.542306
18095 0.852062
18096 0.858634
18097 0.75126
18098 0.670213
18099 0.656597
18100 0.853375
18101 0.804636
18102 0.820357
18103 0.762837
18104 0.74422
18105 0.715692
18106 0.788239
18107 0.571089
18108 0.746199
18109 0.88917
18110 0.561267
18111 0.641807
18112 0.641178
18113 0.727295
18114 0.578722
18115 0.731014
18116 0.649573
18117 0.731496
18118 0.658654
18119 0.601111
18120 0.801048
18121 0.822353
18122 0.940065
18123 0.75637
18124 0.729895
18125 0.735302
18126 0.708998
18127 0.536096
18128 0.692067
18129 0.652259
18130 0.899771
18131 0.892209
18132 0.672495
18133 0.827509
18134 0.377441
18135 0.960155
18136 0.703845
18137 0.641768
18138 0.554912
18139 0.266242
18140 0.792502
18141 0.775641
18142 0.760395
18143 0.792381
18144 0.887662
18145 0.660717
18146 0.625835
18147 0.668383
18148 0.702413
18149 0.747328
18150 0.686724
18151 0.566893
18152 0.643273
18153 0.821084
18154 0.804544
18155 0.844729
18156 0.580081
18157 0.563792
18158 0.79666
18159 0.810102
18160 0.81427
18161 0.841833
18162 0.753509
18163 0.654503
18164 0.753985
18165 0.601439
18166 0.713855
18167 0.694602
18168 0.571873
18169 0.847513
18170 0.705051
18171 0.780577
18172 0.800328
18173 0.916163
18174 0.852456
18175 0.89643
18176 0.657755
18177 0.848894
18178 0.685885
18179 0.824025
18180 0.906542
18181 0.65335
18182 0.636895
18183 0.359419
18184 0.893839
18185 0.614332
18186 0.834513
18187 0.650613
18188 0.683893
18189 0.71276
18190 0.725126
18191 0.854093
18192 0.697666
18193 0.631345
18194 0.800351
18195 0.963804
18196 0.923313
18197 0.801622
18198 0.622281
18199 0.76729
18200 0.802466
18201 0.611823
18202 0.627321
18203 0.746708
18204 0.813672
18205 0.199236
18206 0.717512
18207 0.769552
18208 0.431288
18209 0.846963
18210 0.459578
18211 0.774033
18212 0.784627
18213 0.647789
18214 0.832989
18215 0.843063
18216 0.64642
18217 0.753957
18218 0.770046
18219 0.795791
18220 0.603585
18221 0.597913
18222 0.634618
18223 0.880361
18224 0.787775
18225 0.416898
18226 0.671139
18227 0.666251
18228 0.699175
18229 0.498311
18230 0.55711
18231 0.676609
18232 0.844635
18233 0.399075
18234 0.565869
18235 0.568862
18236 0.707389
18237 0.56695
18238 0.628545
18239 0.691639
18240 0.765131
18241 0.648942
18242 0.928815
18243 0.53828
18244 0.614556
18245 0.893353
18246 0.64644
18247 0.74073
18248 0.467903
18249 0.678265
18250 0.719648
18251 0.703757
18252 0.858756
18253 0.260569
18254 0.392556
18255 0.44132
18256 0.336472
18257 0.779326
18258 0.732605
18259 0.597893
18260 0.334559
18261 0.798942
18262 0.795828
18263 0.672323
18264 0.682483
18265 0.47942
18266 0.626172
18267 0.898565
18268 0.627888
18269 0.596277
18270 0.815549
18271 0.637741
18272 0.64756
18273 0.680383
18274 0.56095
18275 0.662304
18276 0.592608
18277 0.668874
18278 0.638421
18279 0.461538
18280 0.491395
18281 0.820714
18282 0.81052
18283 0.408803
18284 0.683826
18285 0.589033
18286 0.698259
18287 0.803127
18288 0.577328
18289 0.585458
18290 0.674221
18291 0.613479
18292 0.614922
18293 0.645797
18294 0.76244
18295 0.593487
18296 0.519217
18297 0.889804
18298 0.642652
18299 0.590329
18300 0.690429
18301 0.596809
18302 0.871291
18303 0.82614
18304 0.744761
18305 0.895493
18306 0.638929
18307 0.456491
18308 0.294862
18309 0.448908
18310 0.640822
18311 0.734909
18312 0.250453
18313 0.471114
18314 0.91671
18315 0.539857
18316 0.620332
18317 0.76345
18318 0.0800288
18319 0.782391
18320 0.61238
18321 0.660914
18322 0.819059
18323 0.761874
18324 0.858814
18325 0.514422
18326 0.224033
18327 0.505539
18328 0.789479
18329 0.709447
18330 0.801004
18331 0.555323
18332 0.7577
18333 0.826414
18334 0.723627
18335 0.493597
18336 0.524038
18337 0.501287
18338 0.857118
18339 0.561668
18340 0.31476
18341 0.645385
18342 0.713326
18343 0.778575
18344 0.641974
18345 0.416369
18346 0.965327
18347 0.739493
18348 0.796575
18349 0.719923
18350 0.700804
18351 0.66863
18352 0.725015
18353 0.76022
18354 0.78167
18355 0.688677
18356 0.821557
18357 0.683221
18358 0.399074
18359 0.725228
18360 0.746758
18361 0.59
18362 0.574042
18363 0.337938
18364 0.773216
18365 0.79372
18366 0.855643
18367 0.64826
18368 0.203033
18369 0.845222
18370 0.849556
18371 0.59882
18372 0.611083
18373 0.744721
18374 0.393128
18375 0.712436
18376 0.798072
18377 0.869445
18378 0.709339
18379 0.767149
18380 0.670485
18381 0.612586
18382 0.859557
18383 0.8588
18384 0.631622
18385 0.586654
18386 0.730243
18387 0.869682
18388 0.732133
18389 0.839945
18390 0.50357
18391 0.739142
18392 0.694423
18393 0.710245
18394 0.696388
18395 0.860387
18396 0.813302
18397 0.671991
18398 0.732955
18399 0.777496
18400 0.590376
18401 0.759359
18402 0.710641
18403 0.725853
18404 0.711292
18405 0.43188
18406 0.395381
18407 0.705088
18408 0.764955
18409 0.706336
18410 0.910241
18411 0.834187
18412 0.770765
18413 0.788283
18414 0.853522
18415 0.777122
18416 0.746849
18417 0.837318
18418 0.490198
18419 0.751246
18420 0.858224
18421 0.68182
18422 0.73571
18423 0.900392
18424 0.684913
18425 0.769712
18426 0.723516
18427 0.796284
18428 0.810393
18429 0.836597
18430 0.878238
18431 0.758315
18432 0.732853
18433 0.764037
18434 0.783996
18435 0.806251
18436 0.289248
18437 0.531537
18438 0.622025
18439 0.564829
18440 0.524064
18441 0.812582
18442 0.695054
18443 0.523045
18444 0.386804
18445 0.847471
18446 0.685197
18447 0.810424
18448 0.913037
18449 0.688668
18450 0.445683
18451 0.656644
18452 0.61465
18453 0.546313
18454 0.656248
18455 0.748089
18456 0.723549
18457 0.659783
18458 0.77175
18459 0.77549
18460 0.890547
18461 0.666107
18462 0.676438
18463 0.831231
18464 0.839958
18465 0.582178
18466 0.574742
18467 0.85352
18468 0.876836
18469 0.800417
18470 0.729297
18471 0.823466
18472 0.899572
18473 0.742236
18474 0.587837
18475 0.620131
18476 0.743101
18477 0.554333
18478 0.770659
18479 0.604901
18480 0.544536
18481 0.837969
18482 0.686824
18483 0.675343
18484 0.932003
18485 0.832191
18486 0.787026
18487 0.488937
18488 0.977843
18489 0.858122
18490 0.748155
18491 0.391348
18492 0.583965
18493 0.827113
18494 0.331314
18495 0.763354
18496 0.870056
18497 0.491744
18498 0.75121
18499 0.782411
18500 0.514939
18501 0.675723
18502 0.63336
18503 0.665083
18504 0.685433
18505 0.590611
18506 0.691418
18507 0.691269
18508 0.930852
18509 0.514953
18510 0.547385
18511 0.602459
18512 0.840338
18513 0.708368
18514 0.578545
18515 0.599632
18516 0.417449
18517 0.904242
18518 0.985667
18519 0.471663
18520 0.816718
18521 0.674017
18522 0.716301
18523 0.62513
18524 0.602212
18525 0.788358
18526 0.635398
18527 0.470564
18528 0.525873
18529 0.434546
18530 0.793792
18531 0.713801
18532 0.763333
18533 0.779035
18534 0.637822
18535 0.649059
18536 0.900997
18537 0.555735
18538 0.77996
18539 0.661863
18540 0.96659
18541 0.796113
18542 0.678392
18543 0.46599
18544 0.580003
18545 0.647526
18546 0.93066
18547 0.689725
18548 0.778045
18549 0.474178
18550 0.718704
18551 0.696757
18552 0.788536
18553 0.63665
18554 0.844135
18555 0.472858
18556 0.759149
18557 0.910066
18558 0.753349
18559 0.576323
18560 0.803345
18561 0.742118
18562 0.522194
18563 0.598335
18564 0.642163
18565 0.658349
18566 0.698665
18567 0.789941
18568 0.821502
18569 0.594982
18570 0.705672
18571 0.754095
18572 0.772299
18573 0.598344
18574 0.708583
18575 0.61893
18576 0.923744
18577 0.581566
18578 0.828069
18579 0.922202
18580 0.924896
18581 0.544923
18582 0.733328
18583 0.778563
18584 0.729752
18585 0.5498
18586 0.584236
18587 0.656726
18588 0.61058
18589 0.606615
18590 0.523608
18591 0.77214
18592 0.545818
18593 0.680532
18594 0.789629
18595 0.851873
18596 0.56486
18597 0.480392
18598 0.736058
18599 0.786393
18600 0.85833
18601 0.756155
18602 0.910902
18603 0.463624
18604 0.598644
18605 0.468574
18606 0.90289
18607 0.920845
18608 0.746083
18609 0.547705
18610 0.774421
18611 0.798281
18612 0.729313
18613 0.807801
18614 0.807554
18615 0.763325
18616 0.767224
18617 0.378948
18618 0.504107
18619 0.812964
18620 0.809873
18621 0.575037
18622 0.903975
18623 0.495634
18624 0.767418
18625 0.883117
18626 0.648437
18627 0.69539
18628 0.868732
18629 0.744712
18630 0.826943
18631 0.897773
18632 0.852019
18633 0.803831
18634 0.69194
18635 0.59205
18636 0.579238
18637 0.668844
18638 0.743397
18639 0.801214
18640 0.746654
18641 0.479015
18642 0.580476
18643 0.905302
18644 0.820782
18645 0.561677
18646 0.38365
18647 0.615771
18648 0.716138
18649 0.838042
18650 0.919227
18651 0.893431
18652 0.731988
18653 0.860161
18654 0.436166
18655 0.429733
18656 0.859271
18657 0.441437
18658 0.627474
18659 0.559535
18660 0.813323
18661 0.490338
18662 0.645628
18663 0.762937
18664 0.701488
18665 0.446102
18666 0.816214
18667 0.418084
18668 0.721587
18669 0.903642
18670 0.51764
18671 0.0916901
18672 0.679984
18673 0.494851
18674 0.573417
18675 0.57049
18676 0.602488
18677 0.773743
18678 0.619877
18679 0.594653
18680 0.355268
18681 0.541504
18682 0.555103
18683 0.679296
18684 0.891329
18685 0.527736
18686 0.748054
18687 0.761498
18688 0.685985
18689 0.60957
18690 0.435099
18691 0.731309
18692 0.665817
18693 0.573992
18694 0.755543
18695 0.647715
18696 0.491717
18697 0.488624
18698 0.878924
18699 0.836915
18700 0.570243
18701 0.761597
18702 0.503623
18703 0.557567
18704 0.398479
18705 0.739535
18706 0.392391
18707 0.658137
18708 0.698389
18709 0.370882
18710 0.567798
18711 0.467925
18712 0.469696
18713 0.538643
18714 0.627465
18715 0.724397
18716 0.547171
18717 0.405281
18718 0.737871
18719 0.93198
18720 0.578613
18721 0.37196
18722 0.00737339
18723 0.599257
18724 0.825404
18725 0.389782
18726 0.679591
18727 0.398785
18728 0.917908
18729 0.607536
18730 0.070359
18731 0.545338
18732 0.84887
18733 0.886541
18734 0.338669
18735 0.617218
18736 0.364025
18737 0.286953
18738 0.380572
18739 0.433172
18740 0.55863
18741 0.793063
18742 0.352003
18743 0.361312
18744 0.686593
18745 0.565568
18746 0.710355
18747 0.616304
18748 0.604471
18749 0.822197
18750 0.51361
18751 0.431557
18752 0.834581
18753 0.565386
18754 0.756103
18755 0.495294
18756 0.768722
18757 0.729518
18758 0.503891
18759 0.680175
18760 0.760499
18761 0.708821
18762 0.762889
18763 0.563788
18764 0.684788
18765 0.719833
18766 0.70559
18767 0.602725
18768 0.669959
18769 0.628088
18770 0.537843
18771 0.786498
18772 0.516386
18773 0.718098
18774 0.771015
18775 0.416862
18776 0.367398
18777 0.547831
18778 0.609946
18779 0.587242
18780 0.879969
18781 0.722468
18782 0.923259
18783 0.497336
18784 0.781455
18785 0.324147
18786 0.492057
18787 0.811162
18788 0.910321
18789 0.706442
18790 0.652572
18791 0.447074
18792 0.688124
18793 0.561774
18794 0.604862
18795 0.728867
18796 0.494273
18797 0.549855
18798 0.501992
18799 0.591094
18800 0.696269
18801 0.806384
18802 0.706488
18803 0.607245
18804 0.89212
18805 0.634905
18806 0.74633
18807 0.730289
18808 0.614525
18809 0.779675
18810 0.674922
18811 0.548272
18812 0.819535
18813 0.666227
18814 0.713888
18815 0.824864
18816 0.566811
18817 0.933849
18818 0.841044
18819 0.559996
18820 0.498975
18821 0.727489
18822 0.894585
18823 0.876968
18824 0.593789
18825 0.5683
18826 0.601011
18827 0.572325
18828 0.641934
18829 0.646277
18830 0.651098
18831 0.717316
18832 0.509567
18833 0.628857
18834 0.804578
18835 0.428298
18836 0.435551
18837 0.714587
18838 0.725769
18839 0.845398
18840 0.535356
18841 0.906474
18842 0.608333
18843 0.67282
18844 0.632731
18845 0.859234
18846 0.74977
18847 0.774212
18848 0.815554
18849 0.563139
18850 0.635198
18851 0.594885
18852 0.715502
18853 0.809363
18854 0.687163
18855 0.751732
18856 0.785383
18857 0.813463
18858 0.624395
18859 0.836946
18860 0.707869
18861 0.634718
18862 0.591763
18863 0.848629
18864 0.829862
18865 0.801305
18866 0.760049
18867 0.853806
18868 0.929504
18869 0.813839
18870 0.737106
18871 0.528147
18872 0.792601
18873 0.753238
18874 0.700329
18875 0.683598
18876 0.936972
18877 0.809175
18878 0.836307
18879 0.767954
18880 0.692167
18881 0.676739
18882 0.859602
18883 0.696362
18884 0.641664
18885 0.744975
18886 0.286839
18887 0.672014
18888 0.59603
18889 0.897334
18890 0.834314
18891 0.61348
18892 0.439888
18893 0.831177
18894 0.768786
18895 0.593141
18896 0.340658
18897 0.479244
18898 0.717833
18899 0.449163
18900 0.595633
18901 0.692352
18902 0.678373
18903 0.756311
18904 0.653252
18905 0.763497
18906 0.806056
18907 0.90219
18908 0.473758
18909 0.775381
18910 0.905556
18911 0.757616
18912 0.959639
18913 0.793131
18914 0.674227
18915 0.907382
18916 0.385121
18917 0.799227
18918 0.466516
18919 0.764038
18920 0.769117
18921 0.0786783
18922 0.724915
18923 0.568984
18924 0.794832
18925 0.705885
18926 0.811407
18927 0.725371
18928 0.550675
18929 0.75153
18930 0.84372
18931 0.889626
18932 0.617951
18933 0.70482
18934 0.819372
18935 0.845903
18936 0.625214
18937 0.774738
18938 0.709437
18939 0.815869
18940 0.738198
18941 0.965753
18942 0.789543
18943 0.958217
18944 0.78624
18945 0.763697
18946 0.773135
18947 0.690022
18948 0.583526
18949 0.758094
18950 0.73661
18951 0.768146
18952 0.641311
18953 0.719625
18954 0.531332
18955 0.727719
18956 0.656508
18957 0.615341
18958 0.650952
18959 0.878709
18960 0.672785
18961 0.983813
18962 0.804047
18963 0.785895
18964 0.761204
18965 0.74037
18966 0.826686
18967 0.743539
18968 0.901209
18969 0.827895
18970 0.68243
18971 0.786074
18972 0.821049
18973 0.850786
18974 0.589489
18975 0.824258
18976 0.74908
18977 0.602642
18978 0.820746
18979 0.717646
18980 0.633605
18981 0.824046
18982 0.642755
18983 0.7891
18984 0.561115
18985 0.527411
18986 0.870278
18987 0.918547
18988 0.555966
18989 0.634355
18990 0.762957
18991 0.478121
18992 0.624852
18993 0.676708
18994 0.676258
18995 0.697765
18996 0.629779
18997 0.677422
18998 0.667055
18999 0.78765
19000 0.620792
19001 0.648823
19002 0.755342
19003 0.670087
19004 0.611625
19005 0.518779
19006 0.954747
19007 0.585978
19008 0.835411
19009 0.52816
19010 0.665269
19011 0.673083
19012 0.524502
19013 0.678397
19014 0.325677
19015 0.478978
19016 0.775161
19017 0.771236
19018 0.531485
19019 0.73715
19020 0.109108
19021 0.034404
19022 0.464924
19023 0.169726
19024 0.815176
19025 0.81692
19026 0.690657
19027 0.72141
19028 0.734455
19029 0.700739
19030 0.717264
19031 0.861873
19032 0.744387
19033 0.594031
19034 0.308812
19035 0.571197
19036 0.517077
19037 0.637289
19038 0.56814
19039 0.974949
19040 0.740875
19041 0.707611
19042 0.757352
19043 0.659125
19044 0.503886
19045 0.800071
19046 0.866172
19047 0.513735
19048 0.427742
19049 0.580261
19050 0.442883
19051 0.631418
19052 0.677672
19053 0.682193
19054 0.790943
19055 0.638866
19056 0.790415
19057 0.649134
19058 0.794597
19059 0.726264
19060 0.450027
19061 0.780912
19062 0.590644
19063 0.776765
19064 0.8601
19065 0.881702
19066 0.910444
19067 0.785038
19068 0.687531
19069 0.792394
19070 0.896619
19071 0.592288
19072 0.662677
19073 0.628249
19074 0.846495
19075 0.592677
19076 0.899955
19077 0.582335
19078 0.644419
19079 0.811252
19080 0.536597
19081 0.662723
19082 0.871269
19083 0.878288
19084 0.916096
19085 0.728162
19086 0.833003
19087 0.749821
19088 0.898939
19089 0.226562
19090 0.637125
19091 0.862352
19092 0.685135
19093 0.703198
19094 0.671347
19095 0.901421
19096 0.334566
19097 0.908795
19098 0.831845
19099 0.83218
19100 0.728329
19101 0.729029
19102 0.838536
19103 0.54326
19104 0.678176
19105 0.926859
19106 0.673562
19107 0.673349
19108 0.71929
19109 0.720792
19110 0.588989
19111 0.59297
19112 0.772108
19113 0.706229
19114 0.799525
19115 0.695829
19116 0.424997
19117 0.968746
19118 0.704848
19119 0.756743
19120 0.704718
19121 0.939413
19122 0.906533
19123 0.755135
19124 0.715307
19125 0.552044
19126 0.812564
19127 0.711263
19128 0.851036
19129 0.815512
19130 0.75369
19131 0.853495
19132 0.955497
19133 0.926533
19134 0.766745
19135 0.872983
19136 0.795932
19137 0.827648
19138 0.752674
19139 0.737332
19140 0.853458
19141 0.700525
19142 0.805539
19143 0.862187
19144 0.804417
19145 0.683266
19146 0.562845
19147 0.78235
19148 0.660368
19149 0.858915
19150 0.743964
19151 0.847628
19152 0.593278
19153 0.578884
19154 0.734002
19155 0.765208
19156 0.803621
19157 0.715879
19158 0.767467
19159 0.781287
19160 0.862233
19161 0.792103
19162 0.884457
19163 0.825007
19164 0.739786
19165 0.730512
19166 0.689409
19167 0.75956
19168 0.692116
19169 0.899435
19170 0.687779
19171 0.695506
19172 0.917219
19173 0.717171
19174 0.857778
19175 0.879655
19176 0.78282
19177 0.686406
19178 0.925305
19179 0.909532
19180 0.075866
19181 0.850746
19182 0.947841
19183 0.868463
19184 0.781349
19185 0.787483
19186 0.890917
19187 0.74119
19188 0.804073
19189 0.88689
19190 0.814352
19191 0.92162
19192 0.766503
19193 0.871724
19194 0.527814
19195 0.389146
19196 0.641981
19197 0.728959
19198 0.914359
19199 0.829277
19200 0.932908
19201 0.865175
19202 0.803687
19203 0.682343
19204 0.678395
19205 0.565028
19206 0.771931
19207 0.661724
19208 0.847532
19209 0.783378
19210 0.726211
19211 0.77929
19212 0.66812
19213 0.655978
19214 0.923257
19215 0.652312
19216 0.861991
19217 0.78868
19218 0.490998
19219 0.532257
19220 0.591762
19221 0.861634
19222 0.774769
19223 0.804493
19224 0.719723
19225 0.763019
19226 0.694435
19227 0.830719
19228 0.67079
19229 0.575248
19230 0.567722
19231 0.528996
19232 0.572305
19233 0.80892
19234 0.842871
19235 0.622283
19236 0.869856
19237 0.260702
19238 0.437932
19239 0.220496
19240 0.430361
19241 0.765749
19242 0.775419
19243 0.837012
19244 0.650778
19245 0.663538
19246 0.71105
19247 0.78004
19248 0.411762
19249 0.724947
19250 0.592068
19251 0.896448
19252 0.750465
19253 0.567515
19254 0.62675
19255 0.753162
19256 0.272728
19257 0.680636
19258 0.712203
19259 0.758465
19260 0.867036
19261 0.56093
19262 0.374519
19263 0.819908
19264 0.347362
19265 0.436904
19266 0.88395
19267 0.593488
19268 0.741793
19269 0.681255
19270 0.79418
19271 0.78387
19272 0.905919
19273 0.890492
19274 0.727125
19275 0.741989
19276 0.355746
19277 0.822846
19278 0.456202
19279 0.802429
19280 0.795213
19281 0.831416
19282 0.451511
19283 0.797833
19284 0.693473
19285 0.914889
19286 0.631641
19287 0.632959
19288 0.345143
19289 0.935835
19290 0.890366
19291 0.906221
19292 0.690059
19293 0.542252
19294 0.741864
19295 0.922424
19296 0.336529
19297 0.314716
19298 0.753501
19299 0.312668
19300 0.641071
19301 0.682697
19302 0.499263
19303 0.585472
19304 0.425566
19305 0.876001
19306 0.690742
19307 0.641055
19308 0.831369
19309 0.611435
19310 0.748688
19311 0.568174
19312 0.762545
19313 0.873962
19314 0.635699
19315 0.930246
19316 0.765783
19317 0.71581
19318 0.493131
19319 0.751572
19320 0.959515
19321 0.659469
19322 0.643143
19323 0.738406
19324 0.517504
19325 0.910968
19326 0.620859
19327 0.682786
19328 0.889502
19329 0.870429
19330 0.745794
19331 0.903804
19332 0.708652
19333 0.862626
19334 0.625927
19335 0.665853
19336 0.734384
19337 0.672413
19338 0.878944
19339 0.794153
19340 0.743883
19341 0.753737
19342 0.90406
19343 0.652151
19344 0.692836
19345 0.737021
19346 0.157189
19347 0.254386
19348 0.661908
19349 0.859619
19350 0.591013
19351 0.758418
19352 0.599577
19353 0.236193
19354 0.708884
19355 0.821127
19356 0.710083
19357 0.621773
19358 0.43794
19359 0.543797
19360 0.914835
19361 0.745618
19362 0.792864
19363 0.694342
19364 0.775425
19365 0.609843
19366 0.627554
19367 0.697172
19368 0.764471
19369 0.704494
19370 0.735318
19371 0.617593
19372 0.676916
19373 0.651481
19374 0.760807
19375 0.673033
19376 0.714153
19377 0.684109
19378 0.79662
19379 0.705509
19380 0.567062
19381 0.430772
19382 0.510528
19383 0.534493
19384 0.778022
19385 0.634376
19386 0.507782
19387 0.634841
19388 0.534102
19389 0.559136
19390 0.366883
19391 0.741132
19392 0.492767
19393 0.548987
19394 0.723078
19395 0.687128
19396 0.767603
19397 0.927808
19398 0.62917
19399 0.75566
19400 0.734865
19401 0.880759
19402 0.836891
19403 0.715041
19404 0.808713
19405 0.445584
19406 0.623243
19407 0.776781
19408 0.721217
19409 0.75312
19410 0.882779
19411 0.730323
19412 0.793593
19413 0.642812
19414 0.78252
19415 0.422901
19416 0.699175
19417 0.759881
19418 0.701176
19419 0.817444
19420 0.77569
19421 0.471123
19422 0.693994
19423 0.718731
19424 0.850195
19425 0.700638
19426 0.83179
19427 0.770117
19428 0.535431
19429 0.552432
19430 0.813147
19431 0.819979
19432 0.79075
19433 0.797111
19434 0.777377
19435 0.756747
19436 0.884324
19437 0.920025
19438 0.715991
19439 0.740651
19440 0.773809
19441 0.729461
19442 0.650559
19443 0.492427
19444 0.891109
19445 0.85248
19446 0.751794
19447 0.838963
19448 0.75102
19449 0.769339
19450 0.691129
19451 0.839368
19452 0.653515
19453 0.890117
19454 0.802944
19455 0.754577
19456 0.694818
19457 0.708712
19458 0.876826
19459 0.474699
19460 0.768725
19461 0.804262
19462 0.842977
19463 0.729179
19464 0.755286
19465 0.711194
19466 0.686206
19467 0.759501
19468 0.568565
19469 0.729939
19470 0.78386
19471 0.761628
19472 0.774456
19473 0.661578
19474 0.84516
19475 0.779692
19476 0.790824
19477 0.922098
19478 0.747905
19479 0.826362
19480 0.825458
19481 0.812839
19482 0.604244
19483 0.680445
19484 0.802052
19485 0.666501
19486 0.809067
19487 0.829153
19488 0.548367
19489 0.846519
19490 0.830242
19491 0.708022
19492 0.844994
19493 0.906219
19494 0.85443
19495 0.760544
19496 0.663858
19497 0.641857
19498 0.566183
19499 0.576279
19500 0.753185
19501 0.689438
19502 0.897145
19503 0.77137
19504 0.74256
19505 0.779152
19506 0.683538
19507 0.858742
19508 0.729939
19509 0.752732
19510 0.870888
19511 0.871476
19512 0.627094
19513 0.255126
19514 0.687968
19515 0.341372
19516 0.677592
19517 0.818962
19518 0.522827
19519 0.661209
19520 0.897685
19521 0.685513
19522 0.685411
19523 0.687117
19524 0.855373
19525 0.854351
19526 0.54433
19527 0.720146
19528 0.52936
19529 0.580262
19530 0.707557
19531 0.835474
19532 0.739002
19533 0.642648
19534 0.777839
19535 0.624398
19536 0.532557
19537 0.658707
19538 0.74303
19539 0.788978
19540 0.26401
19541 0.484914
19542 0.74789
19543 0.887862
19544 0.835522
19545 0.540973
19546 0.513417
19547 0.75966
19548 0.556485
19549 0.831761
19550 0.723382
19551 0.546062
19552 0.468433
19553 0.767352
19554 0.434536
19555 0.638126
19556 0.769695
19557 0.544683
19558 0.504967
19559 0.290559
19560 0.639297
19561 0.811998
19562 0.774808
19563 0.846361
19564 0.735335
19565 0.490949
19566 0.684784
19567 0.814033
19568 0.379111
19569 0.720141
19570 0.80589
19571 0.384799
19572 0.640196
19573 0.61598
19574 0.557916
19575 0.337444
19576 0.661449
19577 0.747559
19578 0.626901
19579 0.629292
19580 0.61484
19581 0.819197
19582 0.726585
19583 0.77243
19584 0.662465
19585 0.748711
19586 0.755555
19587 0.817659
19588 0.622394
19589 0.674606
19590 0.39597
19591 0.727817
19592 0.532876
19593 0.806161
19594 0.592926
19595 0.726584
19596 0.607439
19597 0.638729
19598 0.707048
19599 0.908431
19600 0.734191
19601 0.673142
19602 0.719451
19603 0.864859
19604 0.769011
19605 0.621163
19606 0.603888
19607 0.851193
19608 0.819265
19609 0.56089
19610 0.851551
19611 0.832179
19612 0.807541
19613 0.780638
19614 0.708613
19615 0.678792
19616 0.897249
19617 0.657109
19618 0.589066
19619 0.698183
19620 0.347992
19621 0.273472
19622 0.505955
19623 0.746523
19624 0.724239
19625 0.719842
19626 0.886372
19627 0.848319
19628 0.62253
19629 0.499562
19630 0.805841
19631 0.652137
19632 0.800434
19633 0.794276
19634 0.870277
19635 0.760661
19636 0.960524
19637 0.651967
19638 0.568776
19639 0.594855
19640 0.472709
19641 0.540228
19642 0.332667
19643 0.759041
19644 0.89227
19645 0.66364
19646 0.591762
19647 0.776217
19648 0.746923
19649 0.880836
19650 0.72991
19651 0.691664
19652 0.873681
19653 0.706251
19654 0.68644
19655 0.682611
19656 0.629685
19657 0.900974
19658 0.705727
19659 0.445907
19660 0.675522
19661 0.521616
19662 0.75923
19663 0.624862
19664 0.636806
19665 0.581134
19666 0.656943
19667 0.655355
19668 0.790039
19669 0.9406
19670 0.747686
19671 0.695048
19672 0.725102
19673 0.775213
19674 0.117784
19675 0.659581
19676 0.688806
19677 0.491601
19678 0.721778
19679 0.120324
19680 0.725789
19681 0.102518
19682 0.722163
19683 0.798577
19684 0.595885
19685 0.800665
19686 0.821073
19687 0.745784
19688 0.805085
19689 0.774543
19690 0.0792653
19691 0.273974
19692 0.119439
19693 0.716504
19694 0.173283
19695 0.202438
19696 0.139129
19697 0.933848
19698 0.188077
19699 0.585716
19700 0.517687
19701 0.591067
19702 0.892727
19703 0.778866
19704 0.482416
19705 0.734728
19706 0.820617
19707 0.565723
19708 0.665671
19709 0.616907
19710 0.894063
19711 0.718023
19712 0.830113
19713 0.712998
19714 0.795405
19715 0.675046
19716 0.645804
19717 0.859449
19718 0.681429
19719 0.866197
19720 0.625535
19721 0.630552
19722 0.883736
19723 0.776163
19724 0.3752
19725 0.649298
19726 0.755492
19727 0.590499
19728 0.54681
19729 0.620079
19730 0.815123
19731 0.699066
19732 0.688366
19733 0.661594
19734 0.695202
19735 0.952501
19736 0.667125
19737 0.654532
19738 0.828285
19739 0.374457
19740 0.781883
19741 0.864052
19742 0.676402
19743 0.726739
19744 0.945138
19745 0.945773
19746 0.866554
19747 0.701858
19748 0.809929
19749 0.796539
19750 0.681622
19751 0.776442
19752 0.766741
19753 0.515876
19754 0.770625
19755 0.618801
19756 0.757047
19757 0.669478
19758 0.834419
19759 0.699471
19760 0.837139
19761 0.513739
19762 0.740348
19763 0.680753
19764 0.56767
19765 0.76011
19766 0.639253
19767 0.529017
19768 0.837465
19769 0.81757
19770 0.69054
19771 0.67267
19772 0.779534
19773 0.53396
19774 0.825566
19775 0.889374
19776 0.822876
19777 0.653439
19778 0.835325
19779 0.802887
19780 0.866278
19781 0.56748
19782 0.905934
19783 0.830651
19784 0.763226
19785 0.865421
19786 0.758001
19787 0.64273
19788 0.929559
19789 0.796482
19790 0.846983
19791 0.861672
19792 0.6716
19793 0.739891
19794 0.842559
19795 0.626296
19796 0.873113
19797 0.818377
19798 0.85516
19799 0.739674
19800 0.63969
19801 0.711761
19802 0.49842
19803 0.965203
19804 0.486173
19805 0.744546
19806 0.615525
19807 0.470062
19808 0.888538
19809 0.386248
19810 0.83877
19811 0.860454
19812 0.840543
19813 0.652592
19814 0.836281
19815 0.48061
19816 0.860049
19817 0.753555
19818 0.897563
19819 0.835375
19820 0.735128
19821 0.810863
19822 0.704916
19823 0.259688
19824 0.606425
19825 0.597503
19826 0.495642
19827 0.719501
19828 0.848445
19829 0.657776
19830 0.755563
19831 0.450951
19832 0.777692
19833 0.859361
19834 0.939993
19835 0.658853
19836 0.811436
19837 0.706197
19838 0.884464
19839 0.752597
19840 0.32809
19841 0.884994
19842 0.614461
19843 0.775405
19844 0.793582
19845 0.780993
19846 0.89341
19847 0.847268
19848 0.620189
19849 0.536526
19850 0.738819
19851 0.707483
19852 0.621748
19853 0.541896
19854 0.883718
19855 0.749973
19856 0.709353
19857 0.79511
19858 0.752025
19859 0.626218
19860 0.7383
19861 0.768784
19862 0.779859
19863 0.803831
19864 0.624856
19865 0.471437
19866 0.73115
19867 0.868281
19868 0.984487
19869 0.639347
19870 0.78696
19871 0.688067
19872 0.983458
19873 0.972367
19874 0.983067
19875 0.972776
19876 0.880452
19877 0.756183
19878 0.579539
19879 0.364815
19880 0.730753
19881 0.788151
19882 0.635235
19883 0.68258
19884 0.790816
19885 0.89121
19886 0.765218
19887 0.779107
19888 0.847072
19889 0.491504
19890 0.941478
19891 0.669734
19892 0.945955
19893 0.422853
19894 0.703907
19895 0.952521
19896 0.537849
19897 0.592628
19898 0.57015
19899 0.708979
19900 0.828117
19901 0.644388
19902 0.82784
19903 0.531303
19904 0.674135
19905 0.707993
19906 0.714742
19907 0.717082
19908 0.770235
19909 0.878386
19910 0.713544
19911 0.523026
19912 0.690331
19913 0.412942
19914 0.811383
19915 0.723276
19916 0.768848
19917 0.710136
19918 0.787542
19919 0.865203
19920 0.741013
19921 0.800292
19922 0.57542
19923 0.907888
19924 0.803487
19925 0.605454
19926 0.728971
19927 0.81697
19928 0.746016
19929 0.867805
19930 0.866955
19931 0.729306
19932 0.632896
19933 0.581989
19934 0.799521
19935 0.772545
19936 0.848372
19937 0.871684
19938 0.695494
19939 0.790089
19940 0.824729
19941 0.616224
19942 0.761236
19943 0.783446
19944 0.637233
19945 0.93282
19946 0.520572
19947 0.826354
19948 0.931339
19949 0.412495
19950 0.804637
19951 0.520748
19952 0.897285
19953 0.754506
19954 0.721919
19955 0.854933
19956 0.579592
19957 0.801877
19958 0.794478
19959 0.695643
19960 0.767146
19961 0.426249
19962 0.65004
19963 0.755164
19964 0.71439
19965 0.581479
19966 0.843874
19967 0.756842
19968 0.691482
19969 0.637114
19970 0.44963
19971 0.719355
19972 0.585076
19973 0.702229
19974 0.678617
19975 0.839562
19976 0.594101
19977 0.783823
19978 0.714101
19979 0.692386
19980 0.782574
19981 0.618758
19982 0.625963
19983 0.677706
19984 0.823417
19985 0.785343
19986 0.799591
19987 0.768807
19988 0.870353
19989 0.581017
19990 0.662812
19991 0.645418
19992 0.630545
19993 0.696411
19994 0.702046
19995 0.806405
19996 0.52586
19997 0.495818
19998 0.734783
19999 0.45186
20000 0.738148
20001 0.703316
20002 0.70705
20003 0.75629
20004 0.676074
20005 0.801192
20006 0.838837
20007 0.578473
20008 0.724862
20009 0.893951
20010 0.878038
20011 0.750266
20012 0.840953
20013 0.763189
20014 0.752356
20015 0.843718
20016 0.571076
20017 0.413052
20018 0.780035
20019 0.786539
20020 0.812331
20021 0.934975
20022 0.690329
20023 0.693373
20024 0.953005
20025 0.74543
20026 0.753856
20027 0.886617
20028 0.915312
20029 0.683914
20030 0.72559
20031 0.646131
20032 0.552202
20033 0.877953
20034 0.837653
20035 0.713947
20036 0.815351
20037 0.3166
20038 0.560031
20039 0.151621
20040 0.85475
20041 0.775513
20042 0.5172
20043 0.409693
20044 0.292981
20045 0.297263
20046 0.765927
20047 0.843487
20048 0.648384
20049 0.648304
20050 0.721708
20051 0.768629
20052 0.793285
20053 0.683234
20054 0.808954
20055 0.710718
20056 0.846478
20057 0.720135
20058 0.807845
20059 0.840319
20060 0.810961
20061 0.834397
20062 0.739862
20063 0.788916
20064 0.745943
20065 0.816428
20066 0.550627
20067 0.726656
20068 0.810177
20069 0.711978
20070 0.685452
20071 0.605003
20072 0.792578
20073 0.715128
20074 0.768677
20075 0.585
20076 0.734418
20077 0.704442
20078 0.693569
20079 0.714851
20080 0.711026
20081 0.639131
20082 0.440003
20083 0.528658
20084 0.495041
20085 0.74212
20086 0.614487
20087 0.66355
20088 0.581265
20089 0.743311
20090 0.837926
20091 0.978214
20092 0.543093
20093 0.846062
20094 0.85013
20095 0.602036
20096 0.731073
20097 0.605118
20098 0.298431
20099 0.92747
20100 0.400712
20101 0.516721
20102 0.628324
20103 0.588334
20104 0.661542
20105 0.930903
20106 0.851821
20107 0.464084
20108 0.923007
20109 0.802828
20110 0.7594
20111 0.423814
20112 0.519033
20113 0.842276
20114 0.59888
20115 0.721432
20116 0.737508
20117 0.760492
20118 0.875301
20119 0.612482
20120 0.797006
20121 0.801043
20122 0.970443
20123 0.869389
20124 0.429095
20125 0.896786
20126 0.864952
20127 0.818841
20128 0.509978
20129 0.698726
20130 0.606573
20131 0.908642
20132 0.821055
20133 0.631043
20134 0.523342
20135 0.817337
20136 0.697367
20137 0.687459
20138 0.762362
20139 0.803668
20140 0.622328
20141 0.758225
20142 0.588007
20143 0.710655
20144 0.50871
20145 0.827116
20146 0.905473
20147 0.779145
20148 0.821298
20149 0.0866181
20150 0.7041
20151 0.319867
20152 0.844866
20153 0.644948
20154 0.603836
20155 0.371802
20156 0.301686
20157 0.554531
20158 0.816901
20159 0.385783
20160 0.880521
20161 0.825234
20162 0.681552
20163 0.531048
20164 0.858968
20165 0.912463
20166 0.687622
20167 0.655817
20168 0.663703
20169 0.800278
20170 0.383964
20171 0.65496
20172 0.954806
20173 0.61314
20174 0.246935
20175 0.98635
20176 0.11782
20177 0.685734
20178 0.829467
20179 0.482815
20180 0.482906
20181 0.539067
20182 0.604418
20183 0.152467
20184 0.0236524
20185 0.830144
20186 0.610117
20187 0.747845
20188 0.553637
20189 0.552751
20190 0.615989
20191 0.653736
20192 0.0711097
20193 0.613099
20194 0.872063
20195 0.754863
20196 0.693394
20197 0.922327
20198 0.423675
20199 0.168534
20200 0.692394
20201 0.905017
20202 0.917953
20203 0.141329
20204 0.906489
20205 0.735515
20206 0.911064
20207 0.720533
20208 0.0666594
20209 0.767454
20210 0.623846
20211 0.16505
20212 0.547982
20213 0.367398
20214 0.775231
20215 0.815958
20216 0.828777
20217 0.364373
20218 0.614671
20219 0.914634
20220 0.506199
20221 0.452133
20222 0.592477
20223 0.607843
20224 0.309451
20225 0.326631
20226 0.690095
20227 0.630788
20228 0.471992
20229 0.369742
20230 0.457092
20231 0.729499
20232 0.126276
20233 0.770093
20234 0.574219
20235 0.411264
20236 0.652538
20237 0.303663
20238 0.8625
20239 0.657629
20240 0.52454
20241 0.69669
20242 0.714231
20243 0.772061
20244 0.64873
20245 0.37522
20246 0.555447
20247 0.843124
20248 0.561596
20249 0.0255591
20250 0.427134
20251 0.968448
20252 0.790551
20253 0.382312
20254 0.385424
20255 0.789448
20256 0.569122
20257 0.724542
20258 0.0997866
20259 0.807847
20260 0.564672
20261 0.74869
20262 0.495632
20263 0.486947
20264 0.681359
20265 0.362648
20266 0.878014
20267 0.640073
20268 0.189387
20269 0.505537
20270 0.551762
20271 0.665189
20272 0.745796
20273 0.650272
20274 0.123192
20275 0.139487
20276 0.884621
20277 0.715214
20278 0.511463
20279 0.686111
20280 0.441562
20281 0.688544
20282 0.579319
20283 0.54408
20284 0.522455
20285 0.747836
20286 0.856518
20287 0.515804
20288 0.462412
20289 0.476894
20290 0.884386
20291 0.943532
20292 0.502387
20293 0.345607
20294 0.868654
20295 0.807141
20296 0.475011
20297 0.516139
20298 0.708886
20299 0.852688
20300 0.731863
20301 0.721588
20302 0.694989
20303 0.710332
20304 0.328109
20305 0.224976
20306 0.590695
20307 0.508727
20308 0.456431
20309 0.195924
20310 0.556225
20311 0.640244
20312 0.46923
20313 0.848775
20314 0.570607
20315 0.821814
20316 0.223226
20317 0.233962
20318 0.884575
20319 0.68186
20320 0.0863829
20321 0.429217
20322 0.866482
20323 0.120537
20324 0.780436
20325 0.0969289
20326 0.598867
20327 0.0508298
20328 0.506369
20329 0.559953
20330 0.934666
20331 0.287659
20332 0.570779
20333 0.850217
20334 0.0752026
20335 0.748593
20336 0.178406
20337 0.513887
20338 0.888859
20339 0.798084
20340 0.63766
20341 0.792711
20342 0.82622
20343 0.503881
20344 0.726443
20345 0.448357
20346 0.582078
20347 0.869945
20348 0.772257
20349 0.798562
20350 0.592141
20351 0.740575
20352 0.732158
20353 0.654031
20354 0.720042
20355 0.769937
20356 0.63212
20357 0.824296
20358 0.823347
20359 0.684358
20360 0.784303
20361 0.613501
20362 0.384248
20363 0.569447
20364 0.392409
20365 0.484914
20366 0.734351
20367 0.725054
20368 0.878986
20369 0.30365
20370 0.436474
20371 0.787589
20372 0.530162
20373 0.411551
20374 0.729479
20375 0.665617
20376 0.727063
20377 0.802554
20378 0.353265
20379 0.0574633
20380 0.869335
20381 0.757152
20382 0.403806
20383 0.377033
20384 0.175891
20385 0.780091
20386 0.504255
20387 0.845684
20388 0.709188
20389 0.693671
20390 0.104384
20391 0.718847
20392 0.535846
20393 0.908839
20394 0.931997
20395 0.852147
20396 0.765555
20397 0.0361135
20398 0.955748
20399 0.672769
20400 0.709316
20401 0.711006
20402 0.905256
20403 0.473117
20404 0.54321
20405 0.530815
20406 0.875169
20407 0.401474
20408 0.794602
20409 0.0393738
20410 0.516091
20411 0.356424
20412 0.576836
20413 0.766904
20414 0.789852
20415 0.610005
20416 0.847951
20417 0.432589
20418 0.513915
20419 0.848291
20420 0.630732
20421 0.725546
20422 0.900242
20423 0.959257
20424 0.827
20425 0.315128
20426 0.12552
20427 0.936145
20428 0.564718
20429 0.373078
20430 0.872881
20431 0.72488
20432 0.265258
20433 0.0822556
20434 0.759487
20435 0.469274
20436 0.189934
20437 0.708741
20438 0.599415
20439 0.828579
20440 0.849837
20441 0.607205
20442 0.611231
20443 0.481438
20444 0.398021
20445 0.603823
20446 0.687385
20447 0.930055
20448 0.300872
20449 0.452883
20450 0.48958
20451 0.229968
20452 0.371469
20453 0.645613
20454 0.739152
20455 0.723734
20456 0.754767
20457 0.76325
20458 0.400354
20459 0.59665
20460 0.523129
20461 0.489498
20462 0.623265
20463 0.527795
20464 0.733913
20465 0.555154
20466 0.735526
20467 0.857026
20468 0.849874
20469 0.558351
20470 0.734555
20471 0.630744
20472 0.734087
20473 0.779179
20474 0.580321
20475 0.670439
20476 0.451848
20477 0.433125
20478 0.508861
20479 0.607045
20480 0.827075
20481 0.490514
20482 0.716756
20483 0.570057
20484 0.560868
20485 0.192982
20486 0.564283
20487 0.447433
20488 0.507567
20489 0.655093
20490 0.75424
20491 0.657696
20492 0.514837
20493 0.558519
20494 0.876276
20495 0.526025
20496 0.56533
20497 0.704036
20498 0.657912
20499 0.537689
20500 0.854896
20501 0.606216
20502 0.63749
20503 0.90113
20504 0.647602
20505 0.950115
20506 0.463252
20507 0.432539
20508 0.836564
20509 0.666513
20510 0.785273
20511 0.693264
20512 0.928543
20513 0.203181
20514 0.640637
20515 0.804863
20516 0.947379
20517 0.524916
20518 0.487399
20519 0.730235
20520 0.612285
20521 0.70243
20522 0.42102
20523 0.78646
20524 0.709864
20525 0.527349
20526 0.550296
20527 0.467212
20528 0.564031
20529 0.282867
20530 0.623603
20531 0.434042
20532 0.6429
20533 0.571354
20534 0.96447
20535 0.725686
20536 0.927593
20537 0.428691
20538 0.80893
20539 0.722117
20540 0.578443
20541 0.639431
20542 0.820014
20543 0.87743
20544 0.179379
20545 0.643409
20546 0.719967
20547 0.943206
20548 0.946614
20549 0.509225
20550 0.76016
20551 0.810954
20552 0.744861
20553 0.712359
20554 0.732669
20555 0.880657
20556 0.814582
20557 0.749408
20558 0.543043
20559 0.674084
20560 0.737115
20561 0.643897
20562 0.790575
20563 0.763377
20564 0.58878
20565 0.597595
20566 0.521243
20567 0.565976
20568 0.564611
20569 0.601115
20570 0.556736
20571 0.502862
20572 0.601104
20573 0.433707
20574 0.6142
20575 0.646391
20576 0.726195
20577 0.805506
20578 0.748916
20579 0.693468
20580 0.44122
20581 0.600336
20582 0.846065
20583 0.751699
20584 0.622435
20585 0.269614
20586 0.6683
20587 0.783488
20588 0.864046
20589 0.421272
20590 0.627656
20591 0.681338
20592 0.703382
20593 0.706551
20594 0.434705
20595 0.668364
20596 0.64751
20597 0.519276
20598 0.448727
20599 0.743142
20600 0.754507
20601 0.74012
20602 0.774121
20603 0.854238
20604 0.813039
20605 0.48482
20606 0.634892
20607 0.478096
20608 0.701469
20609 0.819048
20610 0.357504
20611 0.520289
20612 0.848665
20613 0.896262
20614 0.804288
20615 0.726557
20616 0.791168
20617 0.49381
20618 0.653165
20619 0.535984
20620 0.970836
20621 0.592242
20622 0.624308
20623 0.608595
20624 0.529356
20625 0.729041
20626 0.511071
20627 0.973839
20628 0.788597
20629 0.474053
20630 0.825816
20631 0.922636
20632 0.508715
20633 0.745958
20634 0.432339
20635 0.442703
20636 0.64645
20637 0.629413
20638 0.544774
20639 0.525561
20640 0.470384
20641 0.7217
20642 0.636856
20643 0.670904
20644 0.567332
20645 0.874729
20646 0.561294
20647 0.644846
20648 0.769182
20649 0.584712
20650 0.655248
20651 0.7371
20652 0.586994
20653 0.706072
20654 0.601567
20655 0.617465
20656 0.539628
20657 0.540839
20658 0.673442
20659 0.700426
20660 0.634259
20661 0.841195
20662 0.639035
20663 0.680791
20664 0.709704
20665 0.611682
20666 0.792314
20667 0.805507
20668 0.980806
20669 0.962385
20670 0.659564
20671 0.617786
20672 0.576595
20673 0.646381
20674 0.767559
20675 0.730445
20676 0.82232
20677 0.0640068
20678 0.756957
20679 0.914516
20680 0.743476
20681 0.774051
20682 0.742116
20683 0.555633
20684 0.238747
20685 0.716563
20686 0.577444
20687 0.555482
20688 0.619092
20689 0.901057
20690 0.660455
20691 0.68735
20692 0.0823897
20693 0.777281
20694 0.301486
20695 0.762359
20696 0.801284
20697 0.889465
20698 0.697708
20699 0.69132
20700 0.713559
20701 0.536685
20702 0.185818
20703 0.0549242
20704 0.0228925
20705 0.196669
20706 0.80616
20707 0.818622
20708 0.118008
20709 0.494067
20710 0.564101
20711 0.751169
20712 0.992226
20713 0.751478
20714 0.872777
20715 0.440434
20716 0.194328
20717 0.273671
20718 0.593743
20719 0.549375
20720 0.646114
20721 0.810867
20722 0.58078
20723 0.707215
20724 0.471852
20725 0.51997
20726 0.627128
20727 0.652875
20728 0.585777
20729 0.912353
20730 0.687527
20731 0.516403
20732 0.695808
20733 0.404116
20734 0.774617
20735 0.576077
20736 0.761013
20737 0.644818
20738 0.662478
20739 0.446507
20740 0.567191
20741 0.514527
20742 0.907096
20743 0.620387
20744 0.627932
20745 0.497833
20746 0.626919
20747 0.612622
20748 0.366939
20749 0.454078
20750 0.630255
20751 0.854166
20752 0.713502
20753 0.808792
20754 0.8376
20755 0.758872
20756 0.694143
20757 0.779558
20758 0.768041
20759 0.815336
20760 0.671794
20761 0.823573
20762 0.756663
20763 0.761158
20764 0.939786
20765 0.733683
20766 0.676516
20767 0.368364
20768 0.494323
20769 0.582679
20770 0.710227
20771 0.489703
20772 0.588757
20773 0.814468
20774 0.646912
20775 0.324554
20776 0.792852
20777 0.701817
20778 0.691941
20779 0.569147
20780 0.499878
20781 0.678501
20782 0.746597
20783 0.587129
20784 0.152476
20785 0.0751434
20786 0.68091
20787 0.62769
20788 0.803586
20789 0.479302
20790 0.763929
20791 0.787877
20792 0.605587
20793 0.702194
20794 0.804082
20795 0.709267
20796 0.948052
20797 0.48298
20798 0.686989
20799 0.782792
20800 0.488258
20801 0.563786
20802 0.646794
20803 0.751993
20804 0.732157
20805 0.51185
20806 0.863666
20807 0.83973
20808 0.876335
20809 0.91923
20810 0.674437
20811 0.522509
20812 0.783984
20813 0.760483
20814 0.889944
20815 0.451433
20816 0.834387
20817 0.879561
20818 0.771324
20819 0.892759
20820 0.80952
20821 0.828921
20822 0.766862
20823 0.742383
20824 0.865774
20825 0.71626
20826 0.740777
20827 0.667692
20828 0.639249
20829 0.762817
20830 0.516607
20831 0.781394
20832 0.87584
20833 0.975618
20834 0.812454
20835 0.78889
20836 0.617253
20837 0.758568
20838 0.923664
20839 0.691473
20840 0.801224
20841 0.826246
20842 0.796062
20843 0.789132
20844 0.616111
20845 0.784011
20846 0.663146
20847 0.705735
20848 0.767592
20849 0.95207
20850 0.798795
20851 0.572901
20852 0.898485
20853 0.907398
20854 0.931342
20855 0.86101
20856 0.734645
20857 0.554792
20858 0.845745
20859 0.765572
20860 0.706594
20861 0.735317
20862 0.77307
20863 0.345234
20864 0.680497
20865 0.323384
20866 0.487954
20867 0.749288
20868 0.793872
20869 0.664097
20870 0.835365
20871 0.674839
20872 0.600853
20873 0.511409
20874 0.724338
20875 0.640782
20876 0.72801
20877 0.631199
20878 0.836665
20879 0.683147
20880 0.63458
20881 0.777695
20882 0.636764
20883 0.970268
20884 0.852506
20885 0.876666
20886 0.609106
20887 0.710827
20888 0.705182
20889 0.511353
20890 0.642512
20891 0.628433
20892 0.572054
20893 0.529317
20894 0.613077
20895 0.647669
20896 0.869684
20897 0.762256
20898 0.700957
20899 0.592363
20900 0.599871
20901 0.900292
20902 0.873675
20903 0.418253
20904 0.56403
20905 0.794943
20906 0.454819
20907 0.612948
20908 0.67157
20909 0.706795
20910 0.826749
20911 0.940326
20912 0.915361
20913 0.877411
20914 0.826748
20915 0.827125
20916 0.924374
20917 0.708732
20918 0.667541
20919 0.761008
20920 0.772286
20921 0.86656
20922 0.794808
20923 0.567213
20924 0.755865
20925 0.76654
20926 0.901451
20927 0.707834
20928 0.697463
20929 0.561169
20930 0.581509
20931 0.872714
20932 0.680775
20933 0.793407
20934 0.853111
20935 0.827205
20936 0.535884
20937 0.593155
20938 0.968049
20939 0.796253
20940 0.818628
20941 0.765423
20942 0.800738
20943 0.554681
20944 0.884421
20945 0.984516
20946 0.971924
20947 0.987559
20948 0.849854
20949 0.561601
20950 0.789738
20951 0.851311
20952 0.600627
20953 0.620199
20954 0.964686
20955 0.628544
20956 0.601047
20957 0.859892
20958 0.549154
20959 0.592295
20960 0.634528
20961 0.431928
20962 0.839302
20963 0.807465
20964 0.564441
20965 0.863244
20966 0.857147
20967 0.587402
20968 0.788701
20969 0.706314
20970 0.533833
20971 0.749762
20972 0.739321
20973 0.623064
20974 0.489278
20975 0.600347
20976 0.894396
20977 0.472819
20978 0.754329
20979 0.454218
20980 0.912308
20981 0.867777
20982 0.825751
20983 0.591479
20984 0.455876
20985 0.508493
20986 0.567665
20987 0.480013
20988 0.849144
20989 0.769303
20990 0.908522
20991 0.628352
20992 0.833263
20993 0.519957
20994 0.503941
20995 0.753863
20996 0.739924
20997 0.750385
20998 0.608405
20999 0.678721
21000 0.814237
21001 0.717216
21002 0.825707
21003 0.639972
21004 0.955864
21005 0.5705
21006 0.574108
21007 0.836409
21008 0.694045
21009 0.602191
21010 0.589435
21011 0.815568
21012 0.870237
21013 0.729349
21014 0.677659
21015 0.881737
21016 0.709282
21017 0.900877
21018 0.936374
21019 0.666089
21020 0.570076
21021 0.706828
21022 0.759117
21023 0.652167
21024 0.737815
21025 0.875783
21026 0.743581
21027 0.682794
21028 0.920089
21029 0.914291
21030 0.665383
21031 0.935891
21032 0.696486
21033 0.963419
21034 0.966329
21035 0.747753
21036 0.693181
21037 0.448951
21038 0.550029
21039 0.910945
21040 0.801993
21041 0.671431
21042 0.80362
21043 0.689257
21044 0.539015
21045 0.645689
21046 0.523339
21047 0.779632
21048 0.838916
21049 0.706
21050 0.725819
21051 0.756394
21052 0.274536
21053 0.837808
21054 0.691675
21055 0.556578
21056 0.713922
21057 0.69708
21058 0.618089
21059 0.512209
21060 0.647658
21061 0.601287
21062 0.526762
21063 0.771528
21064 0.798031
21065 0.801534
21066 0.360718
21067 0.900376
21068 0.670882
21069 0.825987
21070 0.945624
21071 0.757707
21072 0.635391
21073 0.913219
21074 0.85114
21075 0.731328
21076 0.569115
21077 0.560518
21078 0.700374
21079 0.716571
21080 0.671138
21081 0.741609
21082 0.0613185
21083 0.653602
21084 0.354934
21085 0.529828
21086 0.726494
21087 0.547488
21088 0.445999
21089 0.55464
21090 0.570512
21091 0.572058
21092 0.623088
21093 0.672212
21094 0.554541
21095 0.762281
21096 0.637874
21097 0.665202
21098 0.679076
21099 0.683408
21100 0.67104
21101 0.544356
21102 0.531603
21103 0.686314
21104 0.765293
21105 0.641052
21106 0.726523
21107 0.600576
21108 0.658407
21109 0.620387
21110 0.694356
21111 0.805693
21112 0.826504
21113 0.71649
21114 0.572296
21115 0.752498
21116 0.757795
21117 0.79582
21118 0.601517
21119 0.606492
21120 0.689021
21121 0.731836
21122 0.619529
21123 0.601671
21124 0.660338
21125 0.719015
21126 0.857583
21127 0.81201
21128 0.642289
21129 0.659811
21130 0.704199
21131 0.79719
21132 0.473504
21133 0.680948
21134 0.752313
21135 0.526337
21136 0.764881
21137 0.508217
21138 0.276071
21139 0.599285
21140 0.569558
21141 0.495989
21142 0.416756
21143 0.738483
21144 0.735012
21145 0.694273
21146 0.523417
21147 0.752221
21148 0.732769
21149 0.767921
21150 0.748395
21151 0.909003
21152 0.751566
21153 0.344924
21154 0.585852
21155 0.367502
21156 0.610187
21157 0.65594
21158 0.604299
21159 0.621596
21160 0.638159
21161 0.871119
21162 0.696844
21163 0.643092
21164 0.716885
21165 0.509675
21166 0.771602
21167 0.652546
21168 0.722016
21169 0.891689
21170 0.608395
21171 0.212481
21172 0.687389
21173 0.765041
21174 0.448159
21175 0.484406
21176 0.662833
21177 0.768766
21178 0.712098
21179 0.692162
21180 0.790889
21181 0.580498
21182 0.86447
21183 0.178939
21184 0.199207
21185 0.618282
21186 0.523418
21187 0.778476
21188 0.787913
21189 0.605087
21190 0.386315
21191 0.777676
21192 0.749874
21193 0.505961
21194 0.70112
21195 0.753106
21196 0.729126
21197 0.194772
21198 0.629281
21199 0.915243
21200 0.738375
21201 0.645978
21202 0.788325
21203 0.655752
21204 0.85033
21205 0.587673
21206 0.690057
21207 0.130387
21208 0.580378
21209 0.567369
21210 0.559872
21211 0.730004
21212 0.541071
21213 0.85723
21214 0.568531
21215 0.350818
21216 0.614062
21217 0.719823
21218 0.635839
21219 0.614857
21220 0.793205
21221 0.744551
21222 0.569971
21223 0.608184
21224 0.815179
21225 0.618267
21226 0.597191
21227 0.654927
21228 0.697364
21229 0.810243
21230 0.680034
21231 0.568304
21232 0.560362
21233 0.627156
21234 0.666375
21235 0.725449
21236 0.0453343
21237 0.202577
21238 0.273738
21239 0.794527
21240 0.559038
21241 0.516831
21242 0.744607
21243 0.499164
21244 0.0421763
21245 0.27773
21246 0.516649
21247 0.502921
21248 0.663345
21249 0.560796
21250 0.60135
21251 0.361261
21252 0.276976
21253 0.876523
21254 0.706401
21255 0.670346
21256 0.555884
21257 0.880918
21258 0.437121
21259 0.52171
21260 0.565118
21261 0.851732
21262 0.522364
21263 0.476138
21264 0.752352
21265 0.537088
21266 0.805749
21267 0.627527
21268 0.568684
21269 0.572526
21270 0.575076
21271 0.85548
21272 0.715868
21273 0.667488
21274 0.629691
21275 0.589727
21276 0.545015
21277 0.487402
21278 0.555463
21279 0.554321
21280 0.409509
21281 0.732269
21282 0.139508
21283 0.176607
21284 0.428792
21285 0.442874
21286 0.744758
21287 0.557138
21288 0.531243
21289 0.686017
21290 0.626645
21291 0.691168
21292 0.841579
21293 0.807427
21294 0.630503
21295 0.746472
21296 0.611139
21297 0.580347
21298 0.656817
21299 0.756345
21300 0.757287
21301 0.794357
21302 0.400517
21303 0.111416
21304 0.896205
21305 0.889724
21306 0.78595
21307 0.707058
21308 0.853312
21309 0.622496
21310 0.750556
21311 0.838009
21312 0.635208
21313 0.815615
21314 0.894529
21315 0.642664
21316 0.89143
21317 0.722004
21318 0.530197
21319 0.894657
21320 0.672585
21321 0.656621
21322 0.665922
21323 0.769005
21324 0.634617
21325 0.370398
21326 0.564602
21327 0.637332
21328 0.611426
21329 0.306985
21330 0.354423
21331 0.504508
21332 0.830813
21333 0.624858
21334 0.550541
21335 0.717989
21336 0.662819
21337 0.609589
21338 0.459221
21339 0.667073
21340 0.696154
21341 0.855014
21342 0.235113
21343 0.651698
21344 0.732172
21345 0.746375
21346 0.670008
21347 0.72226
21348 0.630675
21349 0.700654
21350 0.637733
21351 0.622732
21352 0.526123
21353 0.855497
21354 0.805726
21355 0.604675
21356 0.852073
21357 0.75101
21358 0.738876
21359 0.683659
21360 0.849272
21361 0.739682
21362 0.792824
21363 0.507139
21364 0.850465
21365 0.649591
21366 0.634421
21367 0.598225
21368 0.398296
21369 0.136322
21370 0.866863
21371 0.646071
21372 0.610731
21373 0.919084
21374 0.666134
21375 0.747953
21376 0.76211
21377 0.681468
21378 0.664192
21379 0.718801
21380 0.614091
21381 0.614628
21382 0.657091
21383 0.603572
21384 0.718034
21385 0.842323
21386 0.863365
21387 0.854137
21388 0.583986
21389 0.57827
21390 0.679959
21391 0.668506
21392 0.735639
21393 0.665029
21394 0.76316
21395 0.598779
21396 0.874872
21397 0.599493
21398 0.553619
21399 0.92856
21400 0.527027
21401 0.921368
21402 0.127328
21403 0.584343
21404 0.714214
21405 0.199904
21406 0.388698
21407 0.35182
21408 0.170346
21409 0.45934
21410 0.134961
21411 0.320372
21412 0.0566004
21413 0.576044
21414 0.881462
21415 0.760042
21416 0.285199
21417 0.704075
21418 0.732335
21419 0.67606
21420 0.72329
21421 0.758389
21422 0.351005
21423 0.735318
21424 0.783247
21425 0.881891
21426 0.915419
21427 0.834938
21428 0.877495
21429 0.826946
21430 0.742909
21431 0.649722
21432 0.693462
21433 0.691332
21434 0.781504
21435 0.858204
21436 0.785506
21437 0.774513
21438 0.725765
21439 0.915615
21440 0.671903
21441 0.69157
21442 0.5752
21443 0.78045
21444 0.731037
21445 0.823948
21446 0.753813
21447 0.879527
21448 0.507371
21449 0.728886
21450 0.767665
21451 0.628587
21452 0.796634
21453 0.670104
21454 0.790442
21455 0.638878
21456 0.578383
21457 0.670359
21458 0.7426
21459 0.649941
21460 0.819677
21461 0.719905
21462 0.783585
21463 0.919041
21464 0.376243
21465 0.542133
21466 0.508335
21467 0.758
21468 0.91778
21469 0.755823
21470 0.773554
21471 0.254597
21472 0.805929
21473 0.545653
21474 0.870921
21475 0.610246
21476 0.664161
21477 0.666704
21478 0.882449
21479 0.776344
21480 0.370523
21481 0.388995
21482 0.624327
21483 0.519395
21484 0.617378
21485 0.800965
21486 0.639655
21487 0.841363
21488 0.897464
21489 0.854891
21490 0.645088
21491 0.344591
21492 0.668174
21493 0.667588
21494 0.616502
21495 0.786535
21496 0.506693
21497 0.439455
21498 0.761986
21499 0.803834
21500 0.364205
21501 0.859294
21502 0.807598
21503 0.373624
21504 0.86718
21505 0.952253
21506 0.625539
21507 0.359604
21508 0.732875
21509 0.82836
21510 0.969872
21511 0.607887
21512 0.546721
21513 0.931062
21514 0.494353
21515 0.700792
21516 0.760658
21517 0.348369
21518 0.697568
21519 0.893925
21520 0.584285
21521 0.705072
21522 0.617819
21523 0.623983
21524 0.773719
21525 0.455769
21526 0.576546
21527 0.637237
21528 0.575663
21529 0.494611
21530 0.900052
21531 0.652388
21532 0.897996
21533 0.753838
21534 0.809541
21535 0.66979
21536 0.77489
21537 0.874642
21538 0.60382
21539 0.860183
21540 0.620005
21541 0.70889
21542 0.640235
21543 0.602082
21544 0.722215
21545 0.792932
21546 0.124472
21547 0.840268
21548 0.614538
21549 0.737746
21550 0.697138
21551 0.705296
21552 0.566508
21553 0.57897
21554 0.646445
21555 0.467878
21556 0.697038
21557 0.805343
21558 0.695127
21559 0.750132
21560 0.68547
21561 0.812464
21562 0.701884
21563 0.917479
21564 0.857349
21565 0.701685
21566 0.484562
21567 0.552718
21568 0.887919
21569 0.789202
21570 0.425746
21571 0.572886
21572 0.584589
21573 0.571601
21574 0.474383
21575 0.467851
21576 0.742967
21577 0.510791
21578 0.785731
21579 0.453108
21580 0.453378
21581 0.432135
21582 0.65896
21583 0.631326
21584 0.892211
21585 0.415144
21586 0.483228
21587 0.72797
21588 0.902366
21589 0.827824
21590 0.850123
21591 0.742013
21592 0.709131
21593 0.462681
21594 0.377229
21595 0.60954
21596 0.479163
21597 0.605448
21598 0.418226
21599 0.379032
21600 0.332415
21601 0.783075
21602 0.860978
21603 0.77045
21604 0.585102
21605 0.592689
21606 0.693588
21607 0.702479
21608 0.308163
21609 0.818828
21610 0.580195
21611 0.31588
21612 0.734988
21613 0.814581
21614 0.724883
21615 0.488212
21616 0.463786
21617 0.410636
21618 0.74196
21619 0.76801
21620 0.904242
21621 0.543042
21622 0.569892
21623 0.563936
21624 0.0483608
21625 0.705802
21626 0.125579
21627 0.624071
21628 0.4556
21629 0.673536
21630 0.926787
21631 0.948721
21632 0.651786
21633 0.820341
21634 0.914243
21635 0.721909
21636 0.801399
21637 0.81346
21638 0.789883
21639 0.535802
21640 0.628065
21641 0.785381
21642 0.777827
21643 0.739622
21644 0.765751
21645 0.753372
21646 0.784274
21647 0.791702
21648 0.795257
21649 0.832679
21650 0.764674
21651 0.944081
21652 0.67449
21653 0.603942
21654 0.28906
21655 0.389509
21656 0.709155
21657 0.731606
21658 0.708082
21659 0.657868
21660 0.677141
21661 0.567895
21662 0.679414
21663 0.544757
21664 0.498863
21665 0.538959
21666 0.270836
21667 0.565956
21668 0.659334
21669 0.611496
21670 0.85719
21671 0.419146
21672 0.779116
21673 0.751948
21674 0.781432
21675 0.833755
21676 0.84908
21677 0.685982
21678 0.518284
21679 0.807063
21680 0.464596
21681 0.806651
21682 0.732846
21683 0.87098
21684 0.783056
21685 0.753851
21686 0.757513
21687 0.794208
21688 0.707751
21689 0.84367
21690 0.863875
21691 0.521627
21692 0.798372
21693 0.885277
21694 0.814204
21695 0.829721
21696 0.642802
21697 0.809489
21698 0.795251
21699 0.550895
21700 0.602804
21701 0.886087
21702 0.720414
21703 0.724353
21704 0.817615
21705 0.709016
21706 0.857006
21707 0.739
21708 0.826705
21709 0.939585
21710 0.744184
21711 0.575417
21712 0.881945
21713 0.61388
21714 0.787748
21715 0.863463
21716 0.886579
21717 0.954731
21718 0.809793
21719 0.857512
21720 0.814804
21721 0.884065
21722 0.928397
21723 0.887437
21724 0.962304
21725 0.893686
21726 0.831654
21727 0.841276
21728 0.895627
21729 0.639401
21730 0.83104
21731 0.670034
21732 0.828504
21733 0.76234
21734 0.55939
21735 0.0895328
21736 0.773398
21737 0.657739
21738 0.744054
21739 0.786795
21740 0.612029
21741 0.674157
21742 0.672997
21743 0.787691
21744 0.787062
21745 0.875604
21746 0.821458
21747 0.911497
21748 0.708699
21749 0.765629
21750 0.651461
21751 0.8327
21752 0.621802
21753 0.668807
21754 0.64111
21755 0.715061
21756 0.437594
21757 0.813587
21758 0.836865
21759 0.793969
21760 0.886806
21761 0.898508
21762 0.888698
21763 0.888545
21764 0.813653
21765 0.728242
21766 0.825214
21767 0.771484
21768 0.833092
21769 0.834044
21770 0.738558
21771 0.745248
21772 0.828137
21773 0.72474
21774 0.861516
21775 0.811319
21776 0.77753
21777 0.796744
21778 0.771883
21779 0.553637
21780 0.856208
21781 0.713675
21782 0.781985
21783 0.871213
21784 0.652473
21785 0.787771
21786 0.853141
21787 0.680141
21788 0.93119
21789 0.545665
21790 0.775468
21791 0.828141
21792 0.747344
21793 0.45771
21794 0.837286
21795 0.456695
21796 0.806082
21797 0.85093
21798 0.678562
21799 0.826563
21800 0.787732
21801 0.760449
21802 0.80555
21803 0.913872
21804 0.65441
21805 0.686232
21806 0.733544
21807 0.254203
21808 0.812927
21809 0.874878
21810 0.806397
21811 0.929877
21812 0.782451
21813 0.558255
21814 0.489333
21815 0.875223
21816 0.83577
21817 0.703957
21818 0.642388
21819 0.802206
21820 0.502191
21821 0.569824
21822 0.814561
21823 0.590867
21824 0.87744
21825 0.884805
21826 0.668538
21827 0.559252
21828 0.569886
21829 0.759608
21830 0.750057
21831 0.464728
21832 0.338784
21833 0.782501
21834 0.394123
21835 0.425789
21836 0.821956
21837 0.551575
21838 0.838125
21839 0.423169
21840 0.69473
21841 0.708785
21842 0.876022
21843 0.954874
21844 0.763363
21845 0.373612
21846 0.776182
21847 0.897137
21848 0.837392
21849 0.780662
21850 0.457229
21851 0.833633
21852 0.831429
21853 0.868431
21854 0.448142
21855 0.723012
21856 0.512615
21857 0.57919
21858 0.608933
21859 0.665583
21860 0.604131
21861 0.637756
21862 0.732701
21863 0.710391
21864 0.574106
21865 0.806452
21866 0.554347
21867 0.598524
21868 0.476539
21869 0.610322
21870 0.594156
21871 0.633442
21872 0.861135
21873 0.559994
21874 0.712134
21875 0.56032
21876 0.626836
21877 0.669741
21878 0.669547
21879 0.535238
21880 0.476571
21881 0.728612
21882 0.749908
21883 0.633705
21884 0.499493
21885 0.693987
21886 0.78114
21887 0.453647
21888 0.702914
21889 0.660952
21890 0.152571
21891 0.160424
21892 0.553473
21893 0.777081
21894 0.935664
21895 0.349505
21896 0.723991
21897 0.551871
21898 0.832195
21899 0.350502
21900 0.628111
21901 0.763224
21902 0.770924
21903 0.932721
21904 0.575286
21905 0.502854
21906 0.468575
21907 0.555788
21908 0.764403
21909 0.825348
21910 0.846224
21911 0.606528
21912 0.904557
21913 0.70494
21914 0.58923
21915 0.893758
21916 0.846084
21917 0.877775
21918 0.631955
21919 0.765731
21920 0.598002
21921 0.836343
21922 0.736927
21923 0.554033
21924 0.628816
21925 0.611964
21926 0.471112
21927 0.898017
21928 0.882996
21929 0.777646
21930 0.949901
21931 0.696823
21932 0.629978
21933 0.477721
21934 0.632688
21935 0.667865
21936 0.842949
21937 0.826416
21938 0.68626
21939 0.673197
21940 0.239681
21941 0.845591
21942 0.811947
21943 0.685301
21944 0.51333
21945 0.0355522
21946 0.783723
21947 0.601221
21948 0.750845
21949 0.763426
21950 0.71231
21951 0.646423
21952 0.433419
21953 0.72175
21954 0.0449082
21955 0.526276
21956 0.895044
21957 0.716168
21958 0.398468
21959 0.714948
21960 0.689117
21961 0.748247
21962 0.545463
21963 0.807221
21964 0.718408
21965 0.697791
21966 0.743914
21967 0.565736
21968 0.790881
21969 0.781314
21970 0.832405
21971 0.742005
21972 0.669515
21973 0.796891
21974 0.535959
21975 0.787964
21976 0.84356
21977 0.762663
21978 0.877727
21979 0.934792
21980 0.564244
21981 0.753514
21982 0.783869
21983 0.823474
21984 0.798347
21985 0.79155
21986 0.739812
21987 0.684518
21988 0.691568
21989 0.748805
21990 0.842299
21991 0.183806
21992 0.320113
21993 0.220718
21994 0.799728
21995 0.758799
21996 0.702217
21997 0.854053
21998 0.737624
21999 0.530565
22000 0.604453
22001 0.805684
22002 0.840809
22003 0.672523
22004 0.884287
22005 0.711462
22006 0.727277
22007 0.845432
22008 0.821007
22009 0.793502
22010 0.956701
22011 0.633171
22012 0.659927
22013 0.621772
22014 0.741572
22015 0.675121
22016 0.785858
22017 0.759606
22018 0.220412
22019 0.731117
22020 0.937287
22021 0.803718
22022 0.445184
22023 0.39573
22024 0.47162
22025 0.720334
22026 0.780361
22027 0.783746
22028 0.758929
22029 0.703772
22030 0.803255
22031 0.692509
22032 0.785612
22033 0.86564
22034 0.924854
22035 0.794921
22036 0.819375
22037 0.729572
22038 0.703162
22039 0.84493
22040 0.788859
22041 0.673893
22042 0.945726
22043 0.656935
22044 0.763655
22045 0.699207
22046 0.524396
22047 0.423022
22048 0.705828
22049 0.918598
22050 0.852955
22051 0.779042
22052 0.909862
22053 0.785317
22054 0.709446
22055 0.723495
22056 0.61175
22057 0.07625
22058 0.393165
22059 0.821564
22060 0.878241
22061 0.849441
22062 0.814256
22063 0.898289
22064 0.89396
22065 0.892014
22066 0.775463
22067 0.797095
22068 0.799308
22069 0.844908
22070 0.737448
22071 0.415759
22072 0.714106
22073 0.732926
22074 0.555217
22075 0.988515
22076 0.785809
22077 0.529129
22078 0.618684
22079 0.691244
22080 0.706544
22081 0.770861
22082 0.802092
22083 0.927741
22084 0.742603
22085 0.796772
22086 0.726667
22087 0.499751
22088 0.861425
22089 0.773044
22090 0.783601
22091 0.639376
22092 0.779373
22093 0.739784
22094 0.570119
22095 0.514073
22096 0.545739
22097 0.835009
22098 0.771981
22099 0.552643
22100 0.445553
22101 0.450882
22102 0.730841
22103 0.731153
22104 0.756214
22105 0.813363
22106 0.825571
22107 0.838388
22108 0.869392
22109 0.843089
22110 0.909877
22111 0.847624
22112 0.555601
22113 0.699943
22114 0.771409
22115 0.679528
22116 0.640536
22117 0.790656
22118 0.747885
22119 0.757849
22120 0.126465
22121 0.835271
22122 0.91496
22123 0.737937
22124 0.692357
22125 0.836942
22126 0.901998
22127 0.688156
22128 0.644296
22129 0.624529
22130 0.693614
22131 0.592465
22132 0.651385
22133 0.706547
22134 0.776643
22135 0.792303
22136 0.824182
22137 0.831025
22138 0.74398
22139 0.777329
22140 0.923336
22141 0.853459
22142 0.625197
22143 0.546521
22144 0.666907
22145 0.894753
22146 0.657164
22147 0.88892
22148 0.833383
22149 0.362034
22150 0.224921
22151 0.821879
22152 0.787949
22153 0.466429
22154 0.834195
22155 0.773687
22156 0.849379
22157 0.882165
22158 0.919418
22159 0.821753
22160 0.741466
22161 0.824377
22162 0.956674
22163 0.960584
22164 0.784261
22165 0.0377716
22166 0.860319
22167 0.371219
22168 0.648403
22169 0.871069
22170 0.847471
22171 0.780466
22172 0.485211
22173 0.493437
22174 0.63102
22175 0.865881
22176 0.699805
22177 0.796356
22178 0.519074
22179 0.756453
22180 0.69852
22181 0.292174
22182 0.812876
22183 0.790269
22184 0.365968
22185 0.798933
22186 0.530865
22187 0.760369
22188 0.466838
22189 0.50581
22190 0.795321
22191 0.710517
22192 0.463995
22193 0.46641
22194 0.665086
22195 0.61943
22196 0.90822
22197 0.705672
22198 0.916808
22199 0.544274
22200 0.446048
22201 0.625239
22202 0.671893
22203 0.608327
22204 0.540116
22205 0.642463
22206 0.573105
22207 0.474975
22208 0.862473
22209 0.583771
22210 0.567295
22211 0.5706
22212 0.39546
22213 0.662008
22214 0.717778
22215 0.662553
22216 0.729199
22217 0.727008
22218 0.842106
22219 0.722174
22220 0.817101
22221 0.648887
22222 0.711734
22223 0.771816
22224 0.691251
22225 0.648991
22226 0.558057
22227 0.572926
22228 0.790465
22229 0.62318
22230 0.724732
22231 0.898077
22232 0.570351
22233 0.602691
22234 0.782035
22235 0.725836
22236 0.347349
22237 0.756493
22238 0.693482
22239 0.760839
22240 0.690759
22241 0.722422
22242 0.725158
22243 0.411228
22244 0.870547
22245 0.561673
22246 0.634514
22247 0.772314
22248 0.744038
22249 0.745974
22250 0.745884
22251 0.397652
22252 0.489659
22253 0.770168
22254 0.466562
22255 0.726643
22256 0.69673
22257 0.725889
22258 0.678607
22259 0.871793
22260 0.737876
22261 0.816841
22262 0.607932
22263 0.851061
22264 0.834024
22265 0.896716
22266 0.696245
22267 0.303255
22268 0.79248
22269 0.607656
22270 0.654887
22271 0.807616
22272 0.683816
22273 0.694089
22274 0.690935
22275 0.798262
22276 0.904251
22277 0.675535
22278 0.904127
22279 0.722998
22280 0.740993
22281 0.706022
22282 0.631946
22283 0.460202
22284 0.8168
22285 0.831754
22286 0.852193
22287 0.837206
22288 0.845027
22289 0.789975
22290 0.834561
22291 0.415291
22292 0.693569
22293 0.678384
22294 0.771091
22295 0.675349
22296 0.734573
22297 0.873323
22298 0.92287
22299 0.490761
22300 0.795397
22301 0.522755
22302 0.741572
22303 0.858741
22304 0.760951
22305 0.776535
22306 0.684305
22307 0.730243
22308 0.731224
22309 0.523019
22310 0.79545
22311 0.580234
22312 0.799236
22313 0.683827
22314 0.736837
22315 0.513361
22316 0.771871
22317 0.787937
22318 0.738589
22319 0.686288
22320 0.669978
22321 0.599878
22322 0.707444
22323 0.753115
22324 0.915141
22325 0.726085
22326 0.733003
22327 0.497254
22328 0.404258
22329 0.393389
22330 0.465017
22331 0.71336
22332 0.63017
22333 0.793842
22334 0.622279
22335 0.537486
22336 0.671004
22337 0.698087
22338 0.404416
22339 0.540126
22340 0.865297
22341 0.770955
22342 0.572103
22343 0.824332
22344 0.791493
22345 0.566501
22346 0.670218
22347 0.673909
22348 0.553438
22349 0.621108
22350 0.504402
22351 0.347571
22352 0.612909
22353 0.848809
22354 0.74147
22355 0.681221
22356 0.533206
22357 0.588675
22358 0.572839
22359 0.656841
22360 0.603384
22361 0.629619
22362 0.854931
22363 0.783424
22364 0.700879
22365 0.756514
22366 0.70764
22367 0.66882
22368 0.751325
22369 0.772096
22370 0.832263
22371 0.741536
22372 0.879148
22373 0.848865
22374 0.684567
22375 0.529044
22376 0.678592
22377 0.682587
22378 0.309874
22379 0.500885
22380 0.51107
22381 0.583134
22382 0.6588
22383 0.602092
22384 0.692757
22385 0.615212
22386 0.730351
22387 0.526278
22388 0.63723
22389 0.603079
22390 0.461799
22391 0.675705
22392 0.802074
22393 0.595883
22394 0.714544
22395 0.601496
22396 0.544868
22397 0.693542
22398 0.84183
22399 0.551678
22400 0.77518
22401 0.800454
22402 0.753739
22403 0.80287
22404 0.78692
22405 0.700684
22406 0.84436
22407 0.839514
22408 0.432599
22409 0.729451
22410 0.609544
22411 0.438921
22412 0.724026
22413 0.642595
22414 0.724038
22415 0.850554
22416 0.574193
22417 0.607903
22418 0.610697
22419 0.632575
22420 0.515599
22421 0.590606
22422 0.66633
22423 0.543574
22424 0.638236
22425 0.802634
22426 0.812925
22427 0.471229
22428 0.871297
22429 0.696562
22430 0.551589
22431 0.706253
22432 0.71919
22433 0.938945
22434 0.663115
22435 0.75177
22436 0.785074
22437 0.764941
22438 0.744636
22439 0.561873
22440 0.538847
22441 0.727121
22442 0.541786
22443 0.886525
22444 0.934517
22445 0.901622
22446 0.80111
22447 0.754695
22448 0.270744
22449 0.692438
22450 0.580993
22451 0.484592
22452 0.627586
22453 0.781762
22454 0.503693
22455 0.508835
22456 0.771856
22457 0.832877
22458 0.812678
22459 0.853079
22460 0.675171
22461 0.774934
22462 0.783703
22463 0.685978
22464 0.7295
22465 0.772683
22466 0.656533
22467 0.669262
22468 0.725847
22469 0.834001
22470 0.876698
22471 0.906856
22472 0.826347
22473 0.680233
22474 0.622508
22475 0.732958
22476 0.321775
22477 0.650287
22478 0.866479
22479 0.740399
22480 0.507234
22481 0.660737
22482 0.710074
22483 0.532429
22484 0.498062
22485 0.783769
22486 0.734011
22487 0.745037
22488 0.651152
22489 0.867711
22490 0.772557
22491 0.620473
22492 0.908806
22493 0.550077
22494 0.806411
22495 0.777246
22496 0.903742
22497 0.723287
22498 0.705202
22499 0.439958
22500 0.764316
22501 0.613215
22502 0.74257
22503 0.629658
22504 0.787828
22505 0.762897
22506 0.699718
22507 0.63505
22508 0.686867
22509 0.924806
22510 0.870522
22511 0.78621
22512 0.776271
22513 0.829132
22514 0.510035
22515 0.661916
22516 0.921319
22517 0.868458
22518 0.589326
22519 0.93416
22520 0.711889
22521 0.975372
22522 0.876291
22523 0.792873
22524 0.934953
22525 0.913529
22526 0.751364
22527 0.856028
22528 0.922815
22529 0.782456
22530 0.893988
22531 0.506018
22532 0.87037
22533 0.833755
22534 0.666641
22535 0.754874
22536 0.639059
22537 0.417707
22538 0.814618
22539 0.783323
22540 0.797843
22541 0.843121
22542 0.586278
22543 0.566104
22544 0.616269
22545 0.953808
22546 0.736163
22547 0.637612
22548 0.822931
22549 0.853809
22550 0.668872
22551 0.827241
22552 0.933171
22553 0.630309
22554 0.909556
22555 0.883883
22556 0.826661
22557 0.246711
22558 0.642771
22559 0.658961
22560 0.933292
22561 0.955709
22562 0.865743
22563 0.772509
22564 0.66294
22565 0.54046
22566 0.721351
22567 0.65988
22568 0.628705
22569 0.630418
22570 0.598018
22571 0.731582
22572 0.947619
22573 0.671266
22574 0.447781
22575 0.552291
22576 0.459193
22577 0.763764
22578 0.645105
22579 0.764929
22580 0.788419
22581 0.404823
22582 0.655737
22583 0.937098
22584 0.793595
22585 0.94634
22586 0.774841
22587 0.800358
22588 0.564586
22589 0.761739
22590 0.814776
22591 0.824387
22592 0.707798
22593 0.89132
22594 0.594227
22595 0.68356
22596 0.602183
22597 0.517455
22598 0.695698
22599 0.528462
22600 0.741756
22601 0.839924
22602 0.693955
22603 0.652819
22604 0.736474
22605 0.432044
22606 0.394223
22607 0.646249
22608 0.809736
22609 0.827271
22610 0.951855
22611 0.968197
22612 0.839983
22613 0.757811
22614 0.694034
22615 0.702243
22616 0.719624
22617 0.657302
22618 0.72959
22619 0.866563
22620 0.742048
22621 0.870469
22622 0.866898
22623 0.747082
22624 0.819734
22625 0.641276
22626 0.739017
22627 0.861346
22628 0.777251
22629 0.772489
22630 0.601215
22631 0.340373
22632 0.938706
22633 0.318219
22634 0.845696
22635 0.355459
22636 0.644467
22637 0.70092
22638 0.623208
22639 0.835549
22640 0.720377
22641 0.819614
22642 0.866712
22643 0.826689
22644 0.660789
22645 0.694808
22646 0.78654
22647 0.791294
22648 0.884648
22649 0.712474
22650 0.805357
22651 0.884911
22652 0.810241
22653 0.849269
22654 0.818253
22655 0.806642
22656 0.803321
22657 0.746629
22658 0.76137
22659 0.683663
22660 0.792037
22661 0.707561
22662 0.898087
22663 0.596444
22664 0.76515
22665 0.600291
22666 0.722172
22667 0.597443
22668 0.581127
22669 0.964304
22670 0.934629
22671 0.818199
22672 0.721465
22673 0.75605
22674 0.853135
22675 0.888157
22676 0.676991
22677 0.594876
22678 0.519684
22679 0.778409
22680 0.764867
22681 0.550701
22682 0.80536
22683 0.577911
22684 0.449611
22685 0.659002
22686 0.755781
22687 0.617434
22688 0.515065
22689 0.617475
22690 0.872751
22691 0.732487
22692 0.813893
22693 0.642459
22694 0.577525
22695 0.630291
22696 0.716745
22697 0.741027
22698 0.865134
22699 0.531211
22700 0.580712
22701 0.608077
22702 0.929449
22703 0.541831
22704 0.440951
22705 0.752649
22706 0.77494
22707 0.791152
22708 0.911496
22709 0.8766
22710 0.887601
22711 0.827335
22712 0.807035
22713 0.743203
22714 0.852024
22715 0.87346
22716 0.836723
22717 0.746578
22718 0.922882
22719 0.751221
22720 0.595508
22721 0.714334
22722 0.890942
22723 0.791045
22724 0.575942
22725 0.766618
22726 0.0692374
22727 0.8813
22728 0.673784
22729 0.830986
22730 0.825072
22731 0.638144
22732 0.782736
22733 0.874274
22734 0.858145
22735 0.659367
22736 0.604323
22737 0.809076
22738 0.736209
22739 0.788567
22740 0.578098
22741 0.803017
22742 0.631941
22743 0.408393
22744 0.881783
22745 0.814619
22746 0.932602
22747 0.652341
22748 0.813431
22749 0.808945
22750 0.705785
22751 0.816056
22752 0.801852
22753 0.913208
22754 0.77146
22755 0.813779
22756 0.688255
22757 0.702411
22758 0.551614
22759 0.684321
22760 0.659048
22761 0.869272
22762 0.725487
22763 0.769415
22764 0.664641
22765 0.773741
22766 0.912944
22767 0.879792
22768 0.905094
22769 0.732968
22770 0.789028
22771 0.500372
22772 0.657611
22773 0.912191
22774 0.537785
22775 0.860577
22776 0.774407
22777 0.652938
22778 0.805488
22779 0.774429
22780 0.852927
22781 0.640355
22782 0.768406
22783 0.808098
22784 0.799493
22785 0.744431
22786 0.380577
22787 0.800333
22788 0.807511
22789 0.787506
22790 0.667559
22791 0.720564
22792 0.828779
22793 0.785363
22794 0.589529
22795 0.579374
22796 0.53835
22797 0.408587
22798 0.771321
22799 0.875396
22800 0.720803
22801 0.873867
22802 0.768081
22803 0.716999
22804 0.518097
22805 0.898784
22806 0.795855
22807 0.733335
22808 0.632986
22809 0.617582
22810 0.642706
22811 0.676439
22812 0.431288
22813 0.79734
22814 0.418247
22815 0.802181
22816 0.710537
22817 0.882775
22818 0.700487
22819 0.770294
22820 0.822186
22821 0.888395
22822 0.843352
22823 0.939278
22824 0.892077
22825 0.788416
22826 0.764663
22827 0.824905
22828 0.854827
22829 0.734111
22830 0.554677
22831 0.643239
22832 0.906959
22833 0.859742
22834 0.908678
22835 0.849238
22836 0.844562
22837 0.932565
22838 0.560522
22839 0.734802
22840 0.580714
22841 0.769641
22842 0.719681
22843 0.526106
22844 0.738457
22845 0.676735
22846 0.659606
22847 0.685943
22848 0.544603
22849 0.731337
22850 0.645599
22851 0.7961
22852 0.551939
22853 0.666777
22854 0.675393
22855 0.674055
22856 0.625246
22857 0.616821
22858 0.801504
22859 0.829019
22860 0.692893
22861 0.796914
22862 0.812695
22863 0.660736
22864 0.971646
22865 0.886968
22866 0.649934
22867 0.924977
22868 0.725037
22869 0.715949
22870 0.686649
22871 0.749422
22872 0.705878
22873 0.556165
22874 0.452323
22875 0.588591
22876 0.463767
22877 0.425272
22878 0.481996
22879 0.529703
22880 0.823502
22881 0.765337
22882 0.50388
22883 0.642301
22884 0.779493
22885 0.704182
22886 0.757809
22887 0.569758
22888 0.930357
22889 0.858666
22890 0.618906
22891 0.887567
22892 0.660174
22893 0.503661
22894 0.566799
22895 0.280504
22896 0.603855
22897 0.0633781
22898 0.570738
22899 0.557841
22900 0.600094
22901 0.580823
22902 0.618761
22903 0.568633
22904 0.173474
22905 0.418737
22906 0.341464
22907 0.646014
22908 0.378931
22909 0.552278
22910 0.576168
22911 0.301767
22912 0.404565
22913 0.592522
22914 0.696381
22915 0.618008
22916 0.586915
22917 0.357478
22918 0.685654
22919 0.772818
22920 0.823248
22921 0.881097
22922 0.744332
22923 0.670791
22924 0.6474
22925 0.246854
22926 0.629507
22927 0.497019
22928 0.188059
22929 0.758856
22930 0.646058
22931 0.691347
22932 0.37664
22933 0.719867
22934 0.452908
22935 0.268166
22936 0.687044
22937 0.432032
22938 0.712972
22939 0.690619
22940 0.638906
22941 0.540613
22942 0.563173
22943 0.562311
22944 0.747686
22945 0.842575
22946 0.68738
22947 0.585942
22948 0.816625
22949 0.664969
22950 0.840923
22951 0.629914
22952 0.695821
22953 0.916574
22954 0.84655
22955 0.814515
22956 0.926556
22957 0.709925
22958 0.728661
22959 0.828871
22960 0.960251
22961 0.906731
22962 0.840609
22963 0.479116
22964 0.746993
22965 0.528707
22966 0.66081
22967 0.466652
22968 0.423173
22969 0.720338
22970 0.54761
22971 0.27496
22972 0.259979
22973 0.563826
22974 0.462438
22975 0.868602
22976 0.640881
22977 0.876137
22978 0.330856
22979 0.485364
22980 0.553063
22981 0.797716
22982 0.498547
22983 0.773056
22984 0.456329
22985 0.687576
22986 0.565434
22987 0.591543
22988 0.861836
22989 0.625952
22990 0.745875
22991 0.680028
22992 0.837717
22993 0.726552
22994 0.678593
22995 0.546339
22996 0.315386
22997 0.77686
22998 0.64169
22999 0.666816
23000 0.560606
23001 0.652658
23002 0.711564
23003 0.477451
23004 0.623405
23005 0.975263
23006 0.760818
23007 0.750933
23008 0.822891
23009 0.543722
23010 0.89251
23011 0.897123
23012 0.830695
23013 0.452108
23014 0.661281
23015 0.823069
23016 0.631135
23017 0.644644
23018 0.795952
23019 0.782667
23020 0.694563
23021 0.770595
23022 0.967039
23023 0.73534
23024 0.682087
23025 0.699898
23026 0.812377
23027 0.628669
23028 0.731151
23029 0.769853
23030 0.652835
23031 0.453797
23032 0.55568
23033 0.566755
23034 0.847537
23035 0.452059
23036 0.478385
23037 0.631134
23038 0.749788
23039 0.799102
23040 0.60492
23041 0.827459
23042 0.722956
23043 0.924735
23044 0.807919
23045 0.927995
23046 0.952191
23047 0.937867
23048 0.948992
23049 0.86898
23050 0.857675
23051 0.617038
23052 0.831101
23053 0.676447
23054 0.919623
23055 0.646718
23056 0.715039
23057 0.847167
23058 0.773036
23059 0.793035
23060 0.59482
23061 0.616618
23062 0.719658
23063 0.852715
23064 0.622411
23065 0.754093
23066 0.757839
23067 0.801636
23068 0.102761
23069 0.436217
23070 0.516195
23071 0.361871
23072 0.352039
23073 0.810678
23074 0.665411
23075 0.810149
23076 0.541638
23077 0.686493
23078 0.634926
23079 0.810218
23080 0.834979
23081 0.61671
23082 0.732282
23083 0.828148
23084 0.811919
23085 0.727113
23086 0.8406
23087 0.900224
23088 0.806712
23089 0.773444
23090 0.881526
23091 0.737055
23092 0.688377
23093 0.893079
23094 0.637776
23095 0.650462
23096 0.807932
23097 0.745783
23098 0.836113
23099 0.689285
23100 0.860721
23101 0.839125
23102 0.823149
23103 0.799034
23104 0.78616
23105 0.391358
23106 0.853116
23107 0.0114497
23108 0.760903
23109 0.923026
23110 0.638478
23111 0.456051
23112 0.637459
23113 0.738486
23114 0.515761
23115 0.521057
23116 0.740208
23117 0.592189
23118 0.11064
23119 0.725636
23120 0.779688
23121 0.408474
23122 0.300212
23123 0.514894
23124 0.911292
23125 0.745734
23126 0.334119
23127 0.862472
23128 0.45418
23129 0.792574
23130 0.699656
23131 0.681777
23132 0.422462
23133 0.36953
23134 0.476083
23135 0.681683
23136 0.735792
23137 0.329459
23138 0.470515
23139 0.56604
23140 0.636387
23141 0.881433
23142 0.731667
23143 0.765243
23144 0.811156
23145 0.426685
23146 0.757941
23147 0.783247
23148 0.926817
23149 0.643126
23150 0.752903
23151 0.457216
23152 0.718358
23153 0.320845
23154 0.707613
23155 0.748813
23156 0.699249
23157 0.92484
23158 0.532215
23159 0.667444
23160 0.932094
23161 0.686484
23162 0.557744
23163 0.908461
23164 0.823877
23165 0.650439
23166 0.605449
23167 0.65743
23168 0.922228
23169 0.718135
23170 0.915034
23171 0.410747
23172 0.632655
23173 0.869495
23174 0.71712
23175 0.868542
23176 0.80235
23177 0.863139
23178 0.711919
23179 0.881696
23180 0.749794
23181 0.791708
23182 0.740751
23183 0.750383
23184 0.516103
23185 0.732409
23186 0.806263
23187 0.817311
23188 0.802107
23189 0.845577
23190 0.775106
23191 0.663874
23192 0.756508
23193 0.701401
23194 0.508493
23195 0.627901
23196 0.826015
23197 0.648188
23198 0.885183
23199 0.573622
23200 0.666621
23201 0.793327
23202 0.780433
23203 0.843968
23204 0.674913
23205 0.890162
23206 0.78033
23207 0.742687
23208 0.759423
23209 0.715003
23210 0.654897
23211 0.5567
23212 0.793203
23213 0.806896
23214 0.450243
23215 0.556748
23216 0.774194
23217 0.92427
23218 0.686879
23219 0.702508
23220 0.662673
23221 0.893071
23222 0.708961
23223 0.764491
23224 0.686114
23225 0.945405
23226 0.778128
23227 0.549215
23228 0.866238
23229 0.679444
23230 0.884023
23231 0.658927
23232 0.710828
23233 0.921126
23234 0.910794
23235 0.830097
23236 0.917542
23237 0.762156
23238 0.331421
23239 0.440927
23240 0.687933
23241 0.735191
23242 0.554658
23243 0.68953
23244 0.792528
23245 0.818863
23246 0.836766
23247 0.877111
23248 0.636113
23249 0.756553
23250 0.745543
23251 0.413584
23252 0.603941
23253 0.634225
23254 0.709878
23255 0.628181
23256 0.611315
23257 0.546902
23258 0.859416
23259 0.571843
23260 0.33652
23261 0.60407
23262 0.805755
23263 0.460787
23264 0.903148
23265 0.64297
23266 0.0520674
23267 0.503899
23268 0.690797
23269 0.473169
23270 0.740305
23271 0.510845
23272 0.651102
23273 0.648665
23274 0.616666
23275 0.651676
23276 0.850341
23277 0.803814
23278 0.31624
23279 0.527666
23280 0.582761
23281 0.509557
23282 0.914872
23283 0.594424
23284 0.47886
23285 0.335783
23286 0.82946
23287 0.680487
23288 0.564022
23289 0.624343
23290 0.708563
23291 0.705278
23292 0.149888
23293 0.855999
23294 0.72856
23295 0.58746
23296 0.60686
23297 0.737249
23298 0.688039
23299 0.873609
23300 0.477407
23301 0.55548
23302 0.563346
23303 0.503192
23304 0.751696
23305 0.0435853
23306 0.862909
23307 0.107457
23308 0.196719
23309 0.828448
23310 0.562902
23311 0.0712241
23312 0.455762
23313 0.357363
23314 0.362144
23315 0.220279
23316 0.65867
23317 0.915447
23318 0.895933
23319 0.759879
23320 0.639028
23321 0.770099
23322 0.922972
23323 0.819006
23324 0.849624
23325 0.850989
23326 0.670269
23327 0.566115
23328 0.53695
23329 0.536219
23330 0.603887
23331 0.0934623
23332 0.130478
23333 0.02825
23334 0.469716
23335 0.660757
23336 0.871941
23337 0.686428
23338 0.62279
23339 0.588221
23340 0.0653053
23341 0.213298
23342 0.82767
23343 0.884966
23344 0.491655
23345 0.316669
23346 0.665639
23347 0.716166
23348 0.774251
23349 0.849274
23350 0.839486
23351 0.7221
23352 0.665038
23353 0.618079
23354 0.563486
23355 0.760578
23356 0.605117
23357 0.703895
23358 0.564311
23359 0.862769
23360 0.701811
23361 0.726552
23362 0.663609
23363 0.197174
23364 0.656713
23365 0.281018
23366 0.636761
23367 0.495321
23368 0.804825
23369 0.449666
23370 0.852226
23371 0.773093
23372 0.480489
23373 0.917775
23374 0.963461
23375 0.568079
23376 0.538675
23377 0.712286
23378 0.769122
23379 0.724109
23380 0.564212
23381 0.975639
23382 0.484808
23383 0.804711
23384 0.760762
23385 0.876233
23386 0.521203
23387 0.357555
23388 0.400615
23389 0.840035
23390 0.656426
23391 0.401969
23392 0.578378
23393 0.840725
23394 0.647706
23395 0.773008
23396 0.464044
23397 0.666417
23398 0.189703
23399 0.644679
23400 0.654303
23401 0.790858
23402 0.792279
23403 0.524265
23404 0.10066
23405 0.687686
23406 0.857571
23407 0.306216
23408 0.738707
23409 0.274805
23410 0.482566
23411 0.624038
23412 0.401053
23413 0.809125
23414 0.519443
23415 0.0920257
23416 0.437586
23417 0.702269
23418 0.824461
23419 0.832338
23420 0.852279
23421 0.669213
23422 0.437285
23423 0.581478
23424 0.72941
23425 0.227649
23426 0.694282
23427 0.633305
23428 0.65278
23429 0.949019
23430 0.494469
23431 0.698485
23432 0.758567
23433 0.143726
23434 0.595552
23435 0.0336582
23436 0.682552
23437 0.311943
23438 0.42545
23439 0.221528
23440 0.495187
23441 0.375371
23442 0.23274
23443 0.197879
23444 0.529771
23445 0.281212
23446 0.42046
23447 0.68514
23448 0.296179
23449 0.441648
23450 0.878339
23451 0.207018
23452 0.211834
23453 0.827114
23454 0.113186
23455 0.167413
23456 0.805563
23457 0.264634
23458 0.749299
23459 0.653397
23460 0.571365
23461 0.813477
23462 0.406346
23463 0.75641
23464 0.635061
23465 0.852372
23466 0.445104
23467 0.351253
23468 0.579785
23469 0.724871
23470 0.799878
23471 0.722005
23472 0.658301
23473 0.647652
23474 0.593118
23475 0.111575
23476 0.64046
23477 0.683387
23478 0.734631
23479 0.90666
23480 0.7842
23481 0.166311
23482 0.91599
23483 0.780786
23484 0.871512
23485 0.669642
23486 0.669814
23487 0.471518
23488 0.110116
23489 0.271183
23490 0.581441
23491 0.965631
23492 0.260435
23493 0.269376
23494 0.514764
23495 0.351581
23496 0.617011
23497 0.460996
23498 0.845534
23499 0.473181
23500 0.143316
23501 0.151205
23502 0.337974
23503 0.594896
23504 0.72646
23505 0.732712
23506 0.82386
23507 0.71053
23508 0.719449
23509 0.761774
23510 0.671198
23511 0.817681
23512 0.611109
23513 0.651776
23514 0.724071
23515 0.872799
23516 0.689289
23517 0.835711
23518 0.736091
23519 0.822111
23520 0.836909
23521 0.689217
23522 0.921675
23523 0.712437
23524 0.994031
23525 0.547886
23526 0.733171
23527 0.680411
23528 0.691978
23529 0.791202
23530 0.80885
23531 0.303521
23532 0.684025
23533 0.776498
23534 0.568345
23535 0.481299
23536 0.81642
23537 0.922317
23538 0.726054
23539 0.939244
23540 0.875408
23541 0.919964
23542 0.700667
23543 0.807652
23544 0.746265
23545 0.76877
23546 0.605371
23547 0.718112
23548 0.865943
23549 0.177526
23550 0.781208
23551 0.675006
23552 0.920733
23553 0.892425
23554 0.605737
23555 0.56878
23556 0.510427
23557 0.743267
23558 0.863997
23559 0.743462
23560 0.993571
23561 0.825619
23562 0.748797
23563 0.779551
23564 0.707841
23565 0.649044
23566 0.829686
23567 0.886064
23568 0.471193
23569 0.694784
23570 0.795848
23571 0.804215
23572 0.565231
23573 0.57671
23574 0.844304
23575 0.57722
23576 0.0986757
23577 0.831108
23578 0.84814
23579 0.569989
23580 0.698536
23581 0.886155
23582 0.292565
23583 0.819395
23584 0.944613
23585 0.667106
23586 0.683776
23587 0.0487835
23588 0.788788
23589 0.834362
23590 0.731253
23591 0.796773
23592 0.926972
23593 0.822939
23594 0.554228
23595 0.324906
23596 0.439522
23597 0.780791
23598 0.789484
23599 0.678658
23600 0.949767
23601 0.358933
23602 0.547779
23603 0.838442
23604 0.814847
23605 0.709571
23606 0.896818
23607 0.596388
23608 0.907413
23609 0.367743
23610 0.716537
23611 0.594117
23612 0.835436
23613 0.724895
23614 0.618665
23615 0.165382
23616 0.857907
23617 0.122447
23618 0.620276
23619 0.675171
23620 0.84453
23621 0.903202
23622 0.760105
23623 0.168898
23624 0.827322
23625 0.785027
23626 0.929716
23627 0.676146
23628 0.610363
23629 0.913354
23630 0.769763
23631 0.448192
23632 0.593261
23633 0.701119
23634 0.305689
23635 0.795183
23636 0.896713
23637 0.627351
23638 0.742958
23639 0.771797
23640 0.801533
23641 0.653174
23642 0.122024
23643 0.881533
23644 0.835831
23645 0.837515
23646 0.81349
23647 0.662843
23648 0.877435
23649 0.368091
23650 0.120718
23651 0.757862
23652 0.371148
23653 0.612949
23654 0.869659
23655 0.313836
23656 0.544327
23657 0.755975
23658 0.564164
23659 0.686478
23660 0.806671
23661 0.385157
23662 0.554243
23663 0.479483
23664 0.661209
23665 0.0521794
23666 0.758376
23667 0.882491
23668 0.657413
23669 0.733733
23670 0.390776
23671 0.460352
23672 0.310082
23673 0.20375
23674 0.817464
23675 0.47087
23676 0.849531
23677 0.71555
23678 0.303699
23679 0.32317
23680 0.727449
23681 0.402322
23682 0.705137
23683 0.496209
23684 0.388408
23685 0.649704
23686 0.504837
23687 0.872289
23688 0.545807
23689 0.785916
23690 0.524611
23691 0.616474
23692 0.808365
23693 0.540692
23694 0.512048
23695 0.568196
23696 0.704262
23697 0.634405
23698 0.603533
23699 0.404592
23700 0.731347
23701 0.733559
23702 0.330217
23703 0.777979
23704 0.705226
23705 0.756674
23706 0.475137
23707 0.411161
23708 0.835932
23709 0.878961
23710 0.688633
23711 0.511522
23712 0.581595
23713 0.59165
23714 0.579958
23715 0.681652
23716 0.696236
23717 0.478808
23718 0.581823
23719 0.561582
23720 0.858656
23721 0.570953
23722 0.572197
23723 0.742043
23724 0.296425
23725 0.704834
23726 0.945296
23727 0.623547
23728 0.748711
23729 0.520127
23730 0.633235
23731 0.532537
23732 0.614317
23733 0.934472
23734 0.506804
23735 0.891614
23736 0.875796
23737 0.477304
23738 0.724353
23739 0.726926
23740 0.790546
23741 0.808053
23742 0.656853
23743 0.625111
23744 0.896951
23745 0.906891
23746 0.691657
23747 0.86412
23748 0.66611
23749 0.793054
23750 0.767113
23751 0.897505
23752 0.619142
23753 0.623491
23754 0.891599
23755 0.767851
23756 0.239815
23757 0.578749
23758 0.406806
23759 0.0991268
23760 0.16911
23761 0.169092
23762 0.516159
23763 0.498207
23764 0.656322
23765 0.753295
23766 0.74069
23767 0.493081
23768 0.316758
23769 0.561306
23770 0.339591
23771 0.639361
23772 0.348874
23773 0.536173
23774 0.65224
23775 0.461655
23776 0.646547
23777 0.76248
23778 0.651916
23779 0.652777
23780 0.550353
23781 0.677684
23782 0.620755
23783 0.689725
23784 0.760527
23785 0.765183
23786 0.520273
23787 0.78336
23788 0.376019
23789 0.580152
23790 0.702762
23791 0.747356
23792 0.753675
23793 0.815127
23794 0.624824
23795 0.581956
23796 0.666603
23797 0.717145
23798 0.497519
23799 0.45733
23800 0.675996
23801 0.771342
23802 0.628107
23803 0.561854
23804 0.589933
23805 0.690619
23806 0.418489
23807 0.804914
23808 0.561974
23809 0.62894
23810 0.537889
23811 0.447046
23812 0.699898
23813 0.676347
23814 0.699714
23815 0.554921
23816 0.53774
23817 0.696089
23818 0.571507
23819 0.196948
23820 0.20196
23821 0.626092
23822 0.547981
23823 0.642029
23824 0.531457
23825 0.759818
23826 0.625734
23827 0.559275
23828 0.662482
23829 0.721134
23830 0.76305
23831 0.495357
23832 0.686696
23833 0.504478
23834 0.767157
23835 0.691555
23836 0.516941
23837 0.463992
23838 0.723953
23839 0.133443
23840 0.657915
23841 0.800579
23842 0.629853
23843 0.617218
23844 0.446734
23845 0.797598
23846 0.697786
23847 0.791282
23848 0.45331
23849 0.388236
23850 0.467024
23851 0.797999
23852 0.748728
23853 0.308856
23854 0.880932
23855 0.728968
23856 0.458517
23857 0.463203
23858 0.883161
23859 0.637294
23860 0.501268
23861 0.543231
23862 0.534238
23863 0.601807
23864 0.692836
23865 0.651379
23866 0.826382
23867 0.784136
23868 0.728982
23869 0.924419
23870 0.704046
23871 0.747529
23872 0.660264
23873 0.788568
23874 0.769784
23875 0.552339
23876 0.563526
23877 0.790333
23878 0.748894
23879 0.765555
23880 0.292991
23881 0.718136
23882 0.475278
23883 0.734362
23884 0.686269
23885 0.567622
23886 0.733488
23887 0.572017
23888 0.648283
23889 0.756281
23890 0.772888
23891 0.588161
23892 0.599267
23893 0.687596
23894 0.669235
23895 0.513687
23896 0.475069
23897 0.76096
23898 0.759885
23899 0.722159
23900 0.479663
23901 0.647714
23902 0.240461
23903 0.161475
23904 0.675488
23905 0.635213
23906 0.607734
23907 0.520065
23908 0.7676
23909 0.461439
23910 0.522907
23911 0.673202
23912 0.678175
23913 0.647112
23914 0.666249
23915 0.96531
23916 0.74963
23917 0.307482
23918 0.764224
23919 0.309103
23920 0.691483
23921 0.640545
23922 0.273106
23923 0.386283
23924 0.57569
23925 0.723244
23926 0.420293
23927 0.555979
23928 0.845787
23929 0.86833
23930 0.674112
23931 0.756001
23932 0.655422
23933 0.672204
23934 0.165278
23935 0.170817
23936 0.125458
23937 0.544453
23938 0.838675
23939 0.530942
23940 0.540469
23941 0.844776
23942 0.743492
23943 0.461049
23944 0.798868
23945 0.914473
23946 0.58774
23947 0.498036
23948 0.552637
23949 0.498338
23950 0.724785
23951 0.833182
23952 0.65873
23953 0.707777
23954 0.606247
23955 0.68288
23956 0.715273
23957 0.417802
23958 0.445832
23959 0.550146
23960 0.776321
23961 0.516705
23962 0.504276
23963 0.676429
23964 0.650507
23965 0.52144
23966 0.703962
23967 0.349003
23968 0.791843
23969 0.695281
23970 0.419116
23971 0.670492
23972 0.712084
23973 0.581664
23974 0.655441
23975 0.417113
23976 0.794283
23977 0.656469
23978 0.698762
23979 0.149913
23980 0.752508
23981 0.766798
23982 0.722809
23983 0.575841
23984 0.552282
23985 0.519268
23986 0.748783
23987 0.919847
23988 0.633993
23989 0.753308
23990 0.562712
23991 0.440469
23992 0.659453
23993 0.488411
23994 0.490065
23995 0.612591
23996 0.568371
23997 0.716965
23998 0.810636
23999 0.69763
24000 0.638446
24001 0.571203
24002 0.622846
24003 0.704907
24004 0.735326
24005 0.737392
24006 0.895003
24007 0.751204
24008 0.605156
24009 0.570583
24010 0.538445
24011 0.736209
24012 0.625459
24013 0.630018
24014 0.552242
24015 0.681412
24016 0.833248
24017 0.682794
24018 0.610938
24019 0.631735
24020 0.630712
24021 0.813704
24022 0.692355
24023 0.572257
24024 0.952897
24025 0.521016
24026 0.493363
24027 0.748721
24028 0.686826
24029 0.811316
24030 0.720176
24031 0.715546
24032 0.658712
24033 0.394893
24034 0.725249
24035 0.506346
24036 0.111607
24037 0.661542
24038 0.606698
24039 0.879411
24040 0.803766
24041 0.43263
24042 0.547068
24043 0.592497
24044 0.821621
24045 0.511414
24046 0.783985
24047 0.454605
24048 0.366152
24049 0.0351144
24050 0.56685
24051 0.581173
24052 0.629292
24053 0.469012
24054 0.541681
24055 0.668119
24056 0.743571
24057 0.580991
24058 0.834683
24059 0.569503
24060 0.55133
24061 0.66298
24062 0.659104
24063 0.516703
24064 0.493488
24065 0.579925
24066 0.460703
24067 0.768929
24068 0.601243
24069 0.370683
24070 0.596663
24071 0.372417
24072 0.510432
24073 0.435468
24074 0.203158
24075 0.32164
24076 0.286311
24077 0.357562
24078 0.653718
24079 0.684088
24080 0.384343
24081 0.654045
24082 0.658215
24083 0.473597
24084 0.58483
24085 0.887394
24086 0.600067
24087 0.733083
24088 0.524046
24089 0.655704
24090 0.29865
24091 0.462202
24092 0.836309
24093 0.492623
24094 0.868043
24095 0.945926
24096 0.675496
24097 0.740225
24098 0.681516
24099 0.486471
24100 0.392615
24101 0.691759
24102 0.964318
24103 0.522464
24104 0.717747
24105 0.792325
24106 0.672438
24107 0.846583
24108 0.642831
24109 0.790801
24110 0.838782
24111 0.73984
24112 0.820473
24113 0.683964
24114 0.838318
24115 0.863709
24116 0.850492
24117 0.815109
24118 0.768679
24119 0.823577
24120 0.736286
24121 0.750018
24122 0.786147
24123 0.830712
24124 0.751999
24125 0.86585
24126 0.854271
24127 0.557669
24128 0.759592
24129 0.915611
24130 0.729739
24131 0.874645
24132 0.831538
24133 0.906376
24134 0.878878
24135 0.811382
24136 0.922156
24137 0.711282
24138 0.867496
24139 0.741446
24140 0.539457
24141 0.955229
24142 0.570271
24143 0.795826
24144 0.788434
24145 0.812136
24146 0.73124
24147 0.819492
24148 0.929648
24149 0.886535
24150 0.394618
24151 0.900991
24152 0.867352
24153 0.734826
24154 0.717704
24155 0.651897
24156 0.815403
24157 0.704688
24158 0.819131
24159 0.462619
24160 0.736327
24161 0.717749
24162 0.702893
24163 0.718624
24164 0.80393
24165 0.761194
24166 0.841934
24167 0.685779
24168 0.763853
24169 0.648085
24170 0.354354
24171 0.624292
24172 0.720051
24173 0.616393
24174 0.923684
24175 0.784403
24176 0.817484
24177 0.909276
24178 0.69436
24179 0.806485
24180 0.824843
24181 0.841909
24182 0.757585
24183 0.629796
24184 0.800758
24185 0.608233
24186 0.659792
24187 0.907696
24188 0.722897
24189 0.562313
24190 0.632608
24191 0.692907
24192 0.854828
24193 0.754472
24194 0.767205
24195 0.59821
24196 0.672273
24197 0.587991
24198 0.758255
24199 0.539478
24200 0.743665
24201 0.710386
24202 0.664105
24203 0.806073
24204 0.581027
24205 0.72362
24206 0.550714
24207 0.814541
24208 0.853737
24209 0.768063
24210 0.747327
24211 0.832797
24212 0.423484
24213 0.896186
24214 0.815026
24215 0.56797
24216 0.89927
24217 0.682931
24218 0.927421
24219 0.813949
24220 0.721541
24221 0.703322
24222 0.811569
24223 0.68489
24224 0.769774
24225 0.780686
24226 0.618727
24227 0.844118
24228 0.559123
24229 0.530158
24230 0.876949
24231 0.615465
24232 0.73859
24233 0.71709
24234 0.636326
24235 0.77265
24236 0.704696
24237 0.707684
24238 0.701746
24239 0.682104
24240 0.557684
24241 0.892102
24242 0.224795
24243 0.73118
24244 0.681976
24245 0.812268
24246 0.63825
24247 0.463428
24248 0.284089
24249 0.912648
24250 0.347441
24251 0.578293
24252 0.746148
24253 0.510122
24254 0.640568
24255 0.650591
24256 0.609338
24257 0.88104
24258 0.799419
24259 0.707303
24260 0.903388
24261 0.76311
24262 0.711133
24263 0.611061
24264 0.638216
24265 0.80942
24266 0.773254
24267 0.715333
24268 0.280108
24269 0.718177
24270 0.643043
24271 0.777138
24272 0.835705
24273 0.728121
24274 0.705196
24275 0.525374
24276 0.588627
24277 0.556623
24278 0.805021
24279 0.736207
24280 0.824935
24281 0.517449
24282 0.619175
24283 0.666941
24284 0.608108
24285 0.562889
24286 0.428765
24287 0.779313
24288 0.53202
24289 0.440163
24290 0.532427
24291 0.759478
24292 0.627705
24293 0.802523
24294 0.951367
24295 0.742821
24296 0.612493
24297 0.538961
24298 0.717257
24299 0.737101
24300 0.909023
24301 0.806307
24302 0.812045
24303 0.801482
24304 0.828187
24305 0.801215
24306 0.88349
24307 0.756823
24308 0.596968
24309 0.785038
24310 0.756791
24311 0.488355
24312 0.708373
24313 0.865934
24314 0.804689
24315 0.743826
24316 0.686886
24317 0.836466
24318 0.828644
24319 0.590022
24320 0.795712
24321 0.517056
24322 0.725833
24323 0.654137
24324 0.578964
24325 0.713609
24326 0.575121
24327 0.719749
24328 0.410152
24329 0.109929
24330 0.32384
24331 0.441062
24332 0.823553
24333 0.739463
24334 0.76885
24335 0.731954
24336 0.727079
24337 0.655436
24338 0.655987
24339 0.675837
24340 0.620825
24341 0.634794
24342 0.899287
24343 0.643655
24344 0.41599
24345 0.505302
24346 0.660151
24347 0.719894
24348 0.826775
24349 0.818342
24350 0.689009
24351 0.827383
24352 0.845619
24353 0.821258
24354 0.950446
24355 0.816999
24356 0.891672
24357 0.888401
24358 0.672837
24359 0.89718
24360 0.918843
24361 0.693855
24362 0.526877
24363 0.818741
24364 0.65473
24365 0.803563
24366 0.697452
24367 0.856101
24368 0.863882
24369 0.508209
24370 0.710622
24371 0.746801
24372 0.809611
24373 0.758253
24374 0.561153
24375 0.887428
24376 0.785852
24377 0.810057
24378 0.651134
24379 0.633449
24380 0.716804
24381 0.849431
24382 0.920139
24383 0.793423
24384 0.66849
24385 0.761473
24386 0.684346
24387 0.803829
24388 0.549553
24389 0.918484
24390 0.808734
24391 0.727171
24392 0.879634
24393 0.899981
24394 0.964426
24395 0.84466
24396 0.80241
24397 0.841955
24398 0.736257
24399 0.911509
24400 0.889041
24401 0.845804
24402 0.916447
24403 0.89179
24404 0.831838
24405 0.808647
24406 0.855984
24407 0.806079
24408 0.792476
24409 0.463911
24410 0.536593
24411 0.455967
24412 0.518017
24413 0.847534
24414 0.0996677
24415 0.373324
24416 0.449115
24417 0.298603
24418 0.312058
24419 0.467783
24420 0.82541
24421 0.257453
24422 0.542519
24423 0.358864
24424 0.0758102
24425 0.531263
24426 0.110373
24427 0.576623
24428 0.472172
24429 0.288885
24430 0.695781
24431 0.608559
24432 0.278953
24433 0.31262
24434 0.882051
24435 0.749311
24436 0.700299
24437 0.844755
24438 0.588405
24439 0.693104
24440 0.75717
24441 0.509369
24442 0.584867
24443 0.820519
24444 0.698301
24445 0.682638
24446 0.793048
24447 0.657196
24448 0.831718
24449 0.851784
24450 0.682053
24451 0.809696
24452 0.748935
24453 0.720504
24454 0.689892
24455 0.744008
24456 0.885565
24457 0.618127
24458 0.87547
24459 0.56727
24460 0.864838
24461 0.808408
24462 0.825378
24463 0.843244
24464 0.875857
24465 0.862934
24466 0.833926
24467 0.803242
24468 0.8075
24469 0.761841
24470 0.859921
24471 0.857378
24472 0.860114
24473 0.786945
24474 0.658361
24475 0.614693
24476 0.795189
24477 0.855281
24478 0.917573
24479 0.893119
24480 0.93014
24481 0.628261
24482 0.745549
24483 0.681928
24484 0.773661
24485 0.574277
24486 0.809634
24487 0.686809
24488 0.601408
24489 0.780777
24490 0.863289
24491 0.5683
24492 0.831517
24493 0.722961
24494 0.824019
24495 0.609645
24496 0.607537
24497 0.654699
24498 0.5065
24499 0.284493
24500 0.667225
24501 0.772199
24502 0.771412
24503 0.609
24504 0.606825
24505 0.743077
24506 0.429933
24507 0.786634
24508 0.448127
24509 0.671348
24510 0.88398
24511 0.346585
24512 0.888633
24513 0.638114
24514 0.613513
24515 0.830534
24516 0.926216
24517 0.675201
24518 0.675668
24519 0.552967
24520 0.259929
24521 0.601077
24522 0.273226
24523 0.468677
24524 0.6583
24525 0.12438
24526 0.783981
24527 0.460936
24528 0.798481
24529 0.682222
24530 0.714277
24531 0.640937
24532 0.516419
24533 0.686958
24534 0.671596
24535 0.643425
24536 0.413539
24537 0.914867
24538 0.521495
24539 0.445899
24540 0.845871
24541 0.486192
24542 0.585326
24543 0.528127
24544 0.92453
24545 0.574903
24546 0.681374
24547 0.6155
24548 0.513766
24549 0.896886
24550 0.483353
24551 0.437477
24552 0.812748
24553 0.436177
24554 0.690169
24555 0.724299
24556 0.623875
24557 0.632308
24558 0.849336
24559 0.567593
24560 0.630782
24561 0.715595
24562 0.780912
24563 0.59112
24564 0.511523
24565 0.531459
24566 0.7467
24567 0.541535
24568 0.636286
24569 0.666334
24570 0.899324
24571 0.761285
24572 0.54693
24573 0.57941
24574 0.704549
24575 0.703053
24576 0.760051
24577 0.425332
24578 0.374587
24579 0.665774
24580 0.814218
24581 0.661258
24582 0.536814
24583 0.73089
24584 0.723732
24585 0.663102
24586 0.587597
24587 0.459302
24588 0.53506
24589 0.724907
24590 0.784559
24591 0.805034
24592 0.90641
24593 0.525849
24594 0.849688
24595 0.907236
24596 0.622631
24597 0.514825
24598 0.519467
24599 0.521956
24600 0.667971
24601 0.683066
24602 0.504372
24603 0.121214
24604 0.183785
24605 0.659312
24606 0.726698
24607 0.566751
24608 0.733298
24609 0.389567
24610 0.822631
24611 0.362992
24612 0.586883
24613 0.507172
24614 0.497404
24615 0.807884
24616 0.959622
24617 0.549279
24618 0.515779
24619 0.786499
24620 0.591768
24621 0.691516
24622 0.491045
24623 0.621612
24624 0.63379
24625 0.564935
24626 0.521832
24627 0.5589
24628 0.351265
24629 0.194451
24630 0.377304
24631 0.467481
24632 0.39152
24633 0.704185
24634 0.519464
24635 0.368433
24636 0.480455
24637 0.776663
24638 0.453685
24639 0.588047
24640 0.373475
24641 0.751923
24642 0.700412
24643 0.7705
24644 0.900113
24645 0.541841
24646 0.103896
24647 0.686929
24648 0.571342
24649 0.883526
24650 0.36062
24651 0.786666
24652 0.701018
24653 0.587057
24654 0.410377
24655 0.563153
24656 0.838844
24657 0.769279
24658 0.835308
24659 0.673189
24660 0.660432
24661 0.814068
24662 0.775258
24663 0.693963
24664 0.760263
24665 0.53033
24666 0.44651
24667 0.25867
24668 0.708145
24669 0.704063
24670 0.734146
24671 0.745434
24672 0.777982
24673 0.639902
24674 0.663748
24675 0.694641
24676 0.621846
24677 0.612075
24678 0.805948
24679 0.684155
24680 0.773637
24681 0.51795
24682 0.469125
24683 0.831369
24684 0.643767
24685 0.586251
24686 0.82198
24687 0.774107
24688 0.785534
24689 0.775577
24690 0.779852
24691 0.727039
24692 0.678127
24693 0.641859
24694 0.676331
24695 0.552701
24696 0.947731
24697 0.763515
24698 0.684596
24699 0.69971
24700 0.629619
24701 0.90175
24702 0.741347
24703 0.701689
24704 0.724702
24705 0.619001
24706 0.793443
24707 0.851625
24708 0.628657
24709 0.626121
24710 0.334437
24711 0.266015
24712 0.490504
24713 0.753928
24714 0.667939
24715 0.710075
24716 0.664629
24717 0.821225
24718 0.64154
24719 0.702608
24720 0.791539
24721 0.711283
24722 0.723434
24723 0.808951
24724 0.465323
24725 0.497834
24726 0.613554
24727 0.738814
24728 0.648621
24729 0.697448
24730 0.637247
24731 0.815074
24732 0.724999
24733 0.876099
24734 0.716393
24735 0.694066
24736 0.71994
24737 0.662739
24738 0.816292
24739 0.761851
24740 0.582464
24741 0.781293
24742 0.558929
24743 0.850492
24744 0.773158
24745 0.83902
24746 0.436074
24747 0.376872
24748 0.562606
24749 0.739305
24750 0.701605
24751 0.703688
24752 0.720982
24753 0.273964
24754 0.796324
24755 0.778895
24756 0.667997
24757 0.666981
24758 0.528916
24759 0.675605
24760 0.661778
24761 0.686614
24762 0.685633
24763 0.454466
24764 0.677444
24765 0.720718
24766 0.0248495
24767 0.664581
24768 0.710532
24769 0.674689
24770 0.856572
24771 0.146341
24772 0.567849
24773 0.709089
24774 0.927507
24775 0.756706
24776 0.720181
24777 0.872013
24778 0.49159
24779 0.47618
24780 0.543766
24781 0.72692
24782 0.779441
24783 0.680339
24784 0.712692
24785 0.615586
24786 0.510467
24787 0.662045
24788 0.692495
24789 0.585486
24790 0.498273
24791 0.766478
24792 0.573571
24793 0.777093
24794 0.574421
24795 0.687118
24796 0.605626
24797 0.845588
24798 0.610165
24799 0.729924
24800 0.482763
24801 0.595096
24802 0.770261
24803 0.592624
24804 0.214487
24805 0.481655
24806 0.626692
24807 0.334773
24808 0.645688
24809 0.647801
24810 0.721399
24811 0.354016
24812 0.0633163
24813 0.553487
24814 0.731766
24815 0.824345
24816 0.699195
24817 0.830397
24818 0.685095
24819 0.820497
24820 0.780322
24821 0.734588
24822 0.699352
24823 0.96008
24824 0.682875
24825 0.612151
24826 0.836582
24827 0.723416
24828 0.44185
24829 0.527176
24830 0.955979
24831 0.527579
24832 0.581161
24833 0.551254
24834 0.124473
24835 0.339406
24836 0.219249
24837 0.46267
24838 0.860077
24839 0.747356
24840 0.68336
24841 0.514068
24842 0.654693
24843 0.328007
24844 0.631981
24845 0.703963
24846 0.523847
24847 0.664379
24848 0.771747
24849 0.88649
24850 0.460108
24851 0.372989
24852 0.686329
24853 0.927236
24854 0.469065
24855 0.797164
24856 0.600973
24857 0.555428
24858 0.599449
24859 0.873197
24860 0.654724
24861 0.76326
24862 0.871282
24863 0.636815
24864 0.938118
24865 0.632407
24866 0.801078
24867 0.814213
24868 0.699942
24869 0.56953
24870 0.851588
24871 0.702664
24872 0.762378
24873 0.472965
24874 0.773371
24875 0.8238
24876 0.711216
24877 0.639125
24878 0.722211
24879 0.682968
24880 0.828157
24881 0.859285
24882 0.608796
24883 0.767205
24884 0.598491
24885 0.707834
24886 0.682476
24887 0.443249
24888 0.551048
24889 0.713649
24890 0.581576
24891 0.597423
24892 0.658089
24893 0.739406
24894 0.804723
24895 0.73596
24896 0.55771
24897 0.338412
24898 0.674506
24899 0.757537
24900 0.861475
24901 0.400817
24902 0.599187
24903 0.370144
24904 0.769966
24905 0.868353
24906 0.901234
24907 0.704718
24908 0.61444
24909 0.792018
24910 0.847264
24911 0.652311
24912 0.632642
24913 0.920528
24914 0.758246
24915 0.891077
24916 0.838865
24917 0.888225
24918 0.800978
24919 0.756046
24920 0.812403
24921 0.747805
24922 0.987128
24923 0.739246
24924 0.634909
24925 0.926062
24926 0.821551
24927 0.752514
24928 0.595202
24929 0.710701
24930 0.714023
24931 0.765549
24932 0.817857
24933 0.576695
24934 0.669833
24935 0.751765
24936 0.608405
24937 0.699492
24938 0.709368
24939 0.6138
24940 0.593966
24941 0.869671
24942 0.709154
24943 0.744059
24944 0.860778
24945 0.644191
24946 0.619929
24947 0.696085
24948 0.868487
24949 0.742957
24950 0.754189
24951 0.894734
24952 0.52247
24953 0.581564
24954 0.64305
24955 0.588
24956 0.862895
24957 0.710803
24958 0.648047
24959 0.516392
24960 0.89861
24961 0.787107
24962 0.718698
24963 0.778054
24964 0.438433
24965 0.841514
24966 0.942877
24967 0.547193
24968 0.62581
24969 0.548427
24970 0.940189
24971 0.754909
24972 0.780132
24973 0.557082
24974 0.662048
24975 0.394638
24976 0.669565
24977 0.626197
24978 0.677135
24979 0.784495
24980 0.748275
24981 0.621916
24982 0.487737
24983 0.642157
24984 0.658076
24985 0.691548
24986 0.611237
24987 0.607263
24988 0.764083
24989 0.618875
24990 0.483006
24991 0.60065
24992 0.631455
24993 0.868425
24994 0.759402
24995 0.44768
24996 0.705392
24997 0.922391
24998 0.534264
24999 0.555297
25000 0.532114
25001 0.658024
25002 0.693158
25003 0.7795
25004 0.777748
25005 0.665112
25006 0.706021
25007 0.654715
25008 0.505448
25009 0.477582
25010 0.927866
25011 0.763889
25012 0.677223
25013 0.781204
25014 0.93632
25015 0.894394
25016 0.638975
25017 0.662842
25018 0.70049
25019 0.641696
25020 0.734406
25021 0.50627
25022 0.802928
25023 0.641499
25024 0.771
25025 0.532536
25026 0.650578
25027 0.779827
25028 0.836244
25029 0.644177
25030 0.514617
25031 0.845812
25032 0.777263
25033 0.309498
25034 0.518174
25035 0.551902
25036 0.741782
25037 0.395827
25038 0.534983
25039 0.364934
25040 0.75415
25041 0.867891
25042 0.43151
25043 0.735886
25044 0.884201
25045 0.555171
25046 0.551673
25047 0.551376
25048 0.882663
25049 0.781463
25050 0.932008
25051 0.560916
25052 0.802572
25053 0.481694
25054 0.596301
25055 0.670899
25056 0.702089
25057 0.732897
25058 0.80639
25059 0.665745
25060 0.85546
25061 0.509256
25062 0.732381
25063 0.584071
25064 0.823551
25065 0.517996
25066 0.54952
25067 0.752508
25068 0.541246
25069 0.498476
25070 0.434847
25071 0.86486
25072 0.892571
25073 0.205527
25074 0.649966
25075 0.692385
25076 0.362386
25077 0.838503
25078 0.776896
25079 0.660996
25080 0.743902
25081 0.494004
25082 0.925108
25083 0.659088
25084 0.832829
25085 0.776655
25086 0.835145
25087 0.648059
25088 0.834088
25089 0.811225
25090 0.622618
25091 0.928884
25092 0.709404
25093 0.830291
25094 0.790344
25095 0.814378
25096 0.864855
25097 0.680783
25098 0.7296
25099 0.724439
25100 0.787931
25101 0.746865
25102 0.443233
25103 0.88473
25104 0.815445
25105 0.743724
25106 0.755525
25107 0.677669
25108 0.629033
25109 0.821239
25110 0.684028
25111 0.872873
25112 0.65432
25113 0.63936
25114 0.701265
25115 0.774433
25116 0.79399
25117 0.833739
25118 0.88116
25119 0.838106
25120 0.661749
25121 0.943866
25122 0.754988
25123 0.7846
25124 0.914109
25125 0.623706
25126 0.642306
25127 0.738746
25128 0.612543
25129 0.858677
25130 0.707763
25131 0.670855
25132 0.581319
25133 0.719213
25134 0.783021
25135 0.751193
25136 0.877431
25137 0.871076
25138 0.762625
25139 0.777783
25140 0.758623
25141 0.752681
25142 0.806017
25143 0.718961
25144 0.646558
25145 0.555415
25146 0.810739
25147 0.472179
25148 0.685766
25149 0.690885
25150 0.692844
25151 0.843765
25152 0.876945
25153 0.674876
25154 0.887219
25155 0.661021
25156 0.795672
25157 0.92437
25158 0.852375
25159 0.907732
25160 0.325241
25161 0.325525
25162 0.832526
25163 0.665514
25164 0.789074
25165 0.590691
25166 0.423727
25167 0.763198
25168 0.537625
25169 0.637651
25170 0.677986
25171 0.701343
25172 0.800371
25173 0.741136
25174 0.840604
25175 0.648895
25176 0.827354
25177 0.897088
25178 0.941792
25179 0.835019
25180 0.820973
25181 0.714196
25182 0.95728
25183 0.816868
25184 0.933225
25185 0.693273
25186 0.809909
25187 0.609975
25188 0.361603
25189 0.813067
25190 0.477238
25191 0.413872
25192 0.849668
25193 0.686759
25194 0.59105
25195 0.713108
25196 0.783535
25197 0.764404
25198 0.642951
25199 0.761256
25200 0.923766
25201 0.762712
25202 0.574458
25203 0.671605
25204 0.547896
25205 0.471756
25206 0.764341
25207 0.8097
25208 0.595626
25209 0.721112
25210 0.825257
25211 0.395055
25212 0.946162
25213 0.719301
25214 0.705947
25215 0.713346
25216 0.808034
25217 0.714491
25218 0.839696
25219 0.722001
25220 0.791169
25221 0.712658
25222 0.810359
25223 0.846823
25224 0.728645
25225 0.92477
25226 0.862982
25227 0.905011
25228 0.917796
25229 0.740183
25230 0.788336
25231 0.806751
25232 0.78759
25233 0.794475
25234 0.832501
25235 0.548068
25236 0.887558
25237 0.864728
25238 0.887289
25239 0.633864
25240 0.690283
25241 0.460632
25242 0.83194
25243 0.725655
25244 0.668917
25245 0.869787
25246 0.920657
25247 0.794665
25248 0.819778
25249 0.808365
25250 0.762429
25251 0.836463
25252 0.778817
25253 0.642759
25254 0.66985
25255 0.558923
25256 0.600448
25257 0.842216
25258 0.828348
25259 0.661042
25260 0.797728
25261 0.680974
25262 0.817149
25263 0.708429
25264 0.648815
25265 0.700614
25266 0.695598
25267 0.695285
25268 0.73701
25269 0.784382
25270 0.761876
25271 0.766774
25272 0.836877
25273 0.608445
25274 0.754075
25275 0.784561
25276 0.703893
25277 0.764576
25278 0.771981
25279 0.696748
25280 0.762513
25281 0.815319
25282 0.717882
25283 0.77893
25284 0.561474
25285 0.719358
25286 0.773444
25287 0.926008
25288 0.903062
25289 0.60331
25290 0.697707
25291 0.889659
25292 0.784752
25293 0.790527
25294 0.845039
25295 0.659456
25296 0.686327
25297 0.551688
25298 0.322884
25299 0.227233
25300 0.539459
25301 0.591086
25302 0.0748533
25303 0.864066
25304 0.793425
25305 0.807373
25306 0.788434
25307 0.781966
25308 0.749347
25309 0.786675
25310 0.574262
25311 0.819986
25312 0.753703
25313 0.860764
25314 0.802039
25315 0.93583
25316 0.828912
25317 0.796234
25318 0.742575
25319 0.681803
25320 0.49089
25321 0.891859
25322 0.646156
25323 0.892687
25324 0.846991
25325 0.983381
25326 0.499685
25327 0.935247
25328 0.448423
25329 0.873271
25330 0.774376
25331 0.722903
25332 0.716509
25333 0.777429
25334 0.83178
25335 0.708508
25336 0.723426
25337 0.785497
25338 0.905952
25339 0.929963
25340 0.71793
25341 0.732605
25342 0.756799
25343 0.743628
25344 0.747847
25345 0.649682
25346 0.720722
25347 0.629378
25348 0.674447
25349 0.807159
25350 0.817114
25351 0.707289
25352 0.910749
25353 0.707238
25354 0.604547
25355 0.813692
25356 0.736989
25357 0.865693
25358 0.837637
25359 0.816029
25360 0.587865
25361 0.811572
25362 0.775483
25363 0.861912
25364 0.783252
25365 0.84171
25366 0.771535
25367 0.770295
25368 0.88421
25369 0.875365
25370 0.787041
25371 0.644015
25372 0.784437
25373 0.821322
25374 0.63371
25375 0.416439
25376 0.633757
25377 0.748796
25378 0.74573
25379 0.891102
25380 0.261158
25381 0.221938
25382 0.577812
25383 0.105908
25384 0.51413
25385 0.742478
25386 0.90208
25387 0.797055
25388 0.869623
25389 0.86569
25390 0.61987
25391 0.845552
25392 0.554473
25393 0.425585
25394 0.604274
25395 0.663842
25396 0.59274
25397 0.733688
25398 0.49433
25399 0.778444
25400 0.87773
25401 0.560466
25402 0.805776
25403 0.664839
25404 0.643957
25405 0.57379
25406 0.457436
25407 0.635344
25408 0.580972
25409 0.692897
25410 0.643387
25411 0.582692
25412 0.630556
25413 0.565743
25414 0.513973
25415 0.556437
25416 0.575465
25417 0.689701
25418 0.624564
25419 0.690568
25420 0.649401
25421 0.753126
25422 0.626215
25423 0.612861
25424 0.692611
25425 0.556971
25426 0.74108
25427 0.776887
25428 0.746673
25429 0.801692
25430 0.773389
25431 0.614984
25432 0.546222
25433 0.652378
25434 0.681267
25435 0.727496
25436 0.717333
25437 0.563729
25438 0.769707
25439 0.630631
25440 0.542698
25441 0.687391
25442 0.597846
25443 0.581559
25444 0.301649
25445 0.346497
25446 0.438191
25447 0.472279
25448 0.481937
25449 0.490536
25450 0.827324
25451 0.508074
25452 0.675751
25453 0.734868
25454 0.722271
25455 0.710768
25456 0.822002
25457 0.483071
25458 0.634446
25459 0.543962
25460 0.324802
25461 0.491328
25462 0.635996
25463 0.526354
25464 0.507387
25465 0.119813
25466 0.475163
25467 0.365442
25468 0.391882
25469 0.843326
25470 0.638827
25471 0.588506
25472 0.763752
25473 0.825813
25474 0.429147
25475 0.538289
25476 0.677716
25477 0.674841
25478 0.89478
25479 0.440836
25480 0.541401
25481 0.634311
25482 0.585129
25483 0.924616
25484 0.506946
25485 0.514716
25486 0.468857
25487 0.452039
25488 0.670252
25489 0.784887
25490 0.420917
25491 0.732062
25492 0.804638
25493 0.83744
25494 0.923685
25495 0.624515
25496 0.84356
25497 0.694514
25498 0.849884
25499 0.552901
25500 0.70958
25501 0.666067
25502 0.802919
25503 0.702003
25504 0.559587
25505 0.655245
25506 0.567436
25507 0.686575
25508 0.719857
25509 0.798438
25510 0.785264
25511 0.454225
25512 0.800783
25513 0.800951
25514 0.868008
25515 0.793532
25516 0.69921
25517 0.818013
25518 0.773217
25519 0.644646
25520 0.738885
25521 0.565755
25522 0.343534
25523 0.779383
25524 0.619371
25525 0.832051
25526 0.595419
25527 0.824013
25528 0.623869
25529 0.651332
25530 0.698524
25531 0.647753
25532 0.632368
25533 0.911472
25534 0.751267
25535 0.55218
25536 0.596457
25537 0.802439
25538 0.716886
25539 0.727027
25540 0.930862
25541 0.723415
25542 0.600331
25543 0.813553
25544 0.966057
25545 0.630599
25546 0.875987
25547 0.738884
25548 0.754207
25549 0.706112
25550 0.765466
25551 0.806426
25552 0.866383
25553 0.782731
25554 0.712578
25555 0.828645
25556 0.786132
25557 0.827028
25558 0.88988
25559 0.880335
25560 0.774885
25561 0.788579
25562 0.738777
25563 0.538231
25564 0.930224
25565 0.235597
25566 0.686089
25567 0.866437
25568 0.698131
25569 0.633928
25570 0.849029
25571 0.788616
25572 0.644888
25573 0.672802
25574 0.55454
25575 0.307848
25576 0.776621
25577 0.829757
25578 0.862203
25579 0.380566
25580 0.836605
25581 0.907513
25582 0.888587
25583 0.788998
25584 0.591397
25585 0.906535
25586 0.861124
25587 0.902761
25588 0.78074
25589 0.741071
25590 0.769714
25591 0.712215
25592 0.63162
25593 0.917714
25594 0.707416
25595 0.649815
25596 0.589474
25597 0.715335
25598 0.664304
25599 0.585016
25600 0.517846
25601 0.684268
25602 0.611073
25603 0.76976
25604 0.763876
25605 0.601727
25606 0.601257
25607 0.613821
25608 0.54677
25609 0.693957
25610 0.697188
25611 0.940997
25612 0.795559
25613 0.86419
25614 0.838489
25615 0.875867
25616 0.821827
25617 0.653127
25618 0.509904
25619 0.912369
25620 0.791572
25621 0.870571
25622 0.836553
25623 0.58315
25624 0.795628
25625 0.829303
25626 0.733593
25627 0.69672
25628 0.693182
25629 0.674228
25630 0.829573
25631 0.790331
25632 0.810851
25633 0.720589
25634 0.874004
25635 0.484909
25636 0.551097
25637 0.866154
25638 0.78113
25639 0.819403
25640 0.922217
25641 0.643477
25642 0.952003
25643 0.586706
25644 0.757488
25645 0.65343
25646 0.875229
25647 0.793835
25648 0.874652
25649 0.942557
25650 0.638611
25651 0.851687
25652 0.661453
25653 0.654942
25654 0.758559
25655 0.785388
25656 0.695455
25657 0.780208
25658 0.595389
25659 0.653855
25660 0.887068
25661 0.981925
25662 0.765111
25663 0.83136
25664 0.824096
25665 0.787737
25666 0.833145
25667 0.669495
25668 0.880903
25669 0.7252
25670 0.857425
25671 0.660331
25672 0.869377
25673 0.758449
25674 0.892191
25675 0.787329
25676 0.863312
25677 0.899558
25678 0.792288
25679 0.76223
25680 0.776591
25681 0.701717
25682 0.524792
25683 0.755797
25684 0.5613
25685 0.566694
25686 0.788487
25687 0.625948
25688 0.474156
25689 0.787866
25690 0.424995
25691 0.836014
25692 0.495009
25693 0.51626
25694 0.552679
25695 0.619142
25696 0.52881
25697 0.562981
25698 0.652986
25699 0.941472
25700 0.835611
25701 0.650162
25702 0.887603
25703 0.636986
25704 0.781745
25705 0.769929
25706 0.369725
25707 0.702622
25708 0.420619
25709 0.781217
25710 0.808832
25711 0.847835
25712 0.513543
25713 0.556469
25714 0.908545
25715 0.725739
25716 0.885682
25717 0.860023
25718 0.615112
25719 0.788333
25720 0.463016
25721 0.613618
25722 0.861612
25723 0.798459
25724 0.63917
25725 0.570559
25726 0.70295
25727 0.827335
25728 0.792616
25729 0.661639
25730 0.72116
25731 0.804664
25732 0.792213
25733 0.564738
25734 0.80207
25735 0.576817
25736 0.864204
25737 0.708089
25738 0.667467
25739 0.836106
25740 0.752612
25741 0.858171
25742 0.871439
25743 0.818398
25744 0.800466
25745 0.570973
25746 0.758186
25747 0.688652
25748 0.715036
25749 0.653318
25750 0.616246
25751 0.743976
25752 0.779165
25753 0.712524
25754 0.631403
25755 0.599776
25756 0.767939
25757 0.660368
25758 0.612084
25759 0.402388
25760 0.589642
25761 0.739807
25762 0.881203
25763 0.893917
25764 0.959342
25765 0.893168
25766 0.667652
25767 0.767674
25768 0.822249
25769 0.886828
25770 0.686052
25771 0.797369
25772 0.695962
25773 0.793993
25774 0.601838
25775 0.743293
25776 0.875403
25777 0.945229
25778 0.752082
25779 0.837584
25780 0.919954
25781 0.811703
25782 0.826802
25783 0.696564
25784 0.8196
25785 0.736777
25786 0.86482
25787 0.564038
25788 0.783766
25789 0.770599
25790 0.970336
25791 0.781473
25792 0.477457
25793 0.759771
25794 0.437916
25795 0.568175
25796 0.845233
25797 0.597974
25798 0.573638
25799 0.704693
25800 0.525841
25801 0.54244
25802 0.434933
25803 0.62374
25804 0.478938
25805 0.49609
25806 0.650259
25807 0.533185
25808 0.63066
25809 0.633827
25810 0.709105
25811 0.826918
25812 0.709
25813 0.668355
25814 0.829737
25815 0.64083
25816 0.695994
25817 0.689266
25818 0.528724
25819 0.65622
25820 0.733603
25821 0.801098
25822 0.741016
25823 0.630571
25824 0.666604
25825 0.802493
25826 0.74517
25827 0.730737
25828 0.709737
25829 0.425633
25830 0.628064
25831 0.559134
25832 0.26471
25833 0.781315
25834 0.430119
25835 0.553408
25836 0.836762
25837 0.680632
25838 0.386832
25839 0.623102
25840 0.794956
25841 0.565774
25842 0.710942
25843 0.648455
25844 0.582599
25845 0.5416
25846 0.555707
25847 0.591697
25848 0.633488
25849 0.415994
25850 0.598211
25851 0.570669
25852 0.702008
25853 0.616818
25854 0.658594
25855 0.606204
25856 0.713466
25857 0.866292
25858 0.795196
25859 0.733839
25860 0.654263
25861 0.772129
25862 0.815918
25863 0.729992
25864 0.90043
25865 0.961997
25866 0.488596
25867 0.283442
25868 0.738274
25869 0.654272
25870 0.814151
25871 0.502833
25872 0.755736
25873 0.716115
25874 0.771296
25875 0.214972
25876 0.26193
25877 0.84042
25878 0.764917
25879 0.466915
25880 0.670741
25881 0.618918
25882 0.773661
25883 0.807853
25884 0.494754
25885 0.347516
25886 0.645192
25887 0.739047
25888 0.70973
25889 0.178819
25890 0.38495
25891 0.541187
25892 0.496041
25893 0.674286
25894 0.781385
25895 0.620969
25896 0.904611
25897 0.730633
25898 0.91169
25899 0.833663
25900 0.78832
25901 0.444492
25902 0.513321
25903 0.760781
25904 0.967959
25905 0.773582
25906 0.667881
25907 0.474915
25908 0.646881
25909 0.727489
25910 0.880194
25911 0.658084
25912 0.745507
25913 0.897097
25914 0.73066
25915 0.77127
25916 0.687626
25917 0.723045
25918 0.736189
25919 0.616395
25920 0.741573
25921 0.667942
25922 0.882103
25923 0.599822
25924 0.641582
25925 0.726393
25926 0.667743
25927 0.614546
25928 0.421169
25929 0.686112
25930 0.623565
25931 0.695702
25932 0.717004
25933 0.497911
25934 0.681637
25935 0.187042
25936 0.824944
25937 0.570622
25938 0.854246
25939 0.779917
25940 0.691958
25941 0.735495
25942 0.813678
25943 0.731369
25944 0.604762
25945 0.661488
25946 0.8507
25947 0.731289
25948 0.645375
25949 0.673362
25950 0.666109
25951 0.557679
25952 0.646792
25953 0.534629
25954 0.575296
25955 0.50962
25956 0.79233
25957 0.637514
25958 0.644859
25959 0.35219
25960 0.539913
25961 0.463937
25962 0.554272
25963 0.783262
25964 0.51726
25965 0.55577
25966 0.9334
25967 0.625717
25968 0.400744
25969 0.62082
25970 0.409354
25971 0.464715
25972 0.585483
25973 0.666001
25974 0.571978
25975 0.588055
25976 0.670313
25977 0.524517
25978 0.641237
25979 0.806298
25980 0.754749
25981 0.455198
25982 0.633206
25983 0.662458
25984 0.786935
25985 0.582379
25986 0.794313
25987 0.620627
25988 0.216781
25989 0.703346
25990 0.734847
25991 0.802105
25992 0.644676
25993 0.617535
25994 0.487393
25995 0.509668
25996 0.611034
25997 0.73561
25998 0.536114
25999 0.896529
26000 0.547127
26001 0.882192
26002 0.812529
26003 0.629172
26004 0.712035
26005 0.805593
26006 0.796133
26007 0.569006
26008 0.367529
26009 0.404882
26010 0.547593
26011 0.667456
26012 0.47386
26013 0.711344
26014 0.733892
26015 0.670064
26016 0.680575
26017 0.762143
26018 0.70326
26019 0.454745
26020 0.83229
26021 0.658766
26022 0.636848
26023 0.653277
26024 0.814183
26025 0.608629
26026 0.670035
26027 0.655302
26028 0.684285
26029 0.670623
26030 0.733413
26031 0.657972
26032 0.348446
26033 0.838801
26034 0.741389
26035 0.719134
26036 0.717701
26037 0.689203
26038 0.687715
26039 0.55284
26040 0.666658
26041 0.524209
26042 0.766068
26043 0.534902
26044 0.799268
26045 0.625008
26046 0.447517
26047 0.591661
26048 0.6846
26049 0.533094
26050 0.673731
26051 0.821112
26052 0.76229
26053 0.547525
26054 0.479767
26055 0.461213
26056 0.815978
26057 0.70494
26058 0.558075
26059 0.586439
26060 0.526145
26061 0.69348
26062 0.737379
26063 0.633563
26064 0.751886
26065 0.578863
26066 0.509017
26067 0.752665
26068 0.801859
26069 0.556952
26070 0.609325
26071 0.803676
26072 0.493518
26073 0.554835
26074 0.661861
26075 0.553202
26076 0.648187
26077 0.588032
26078 0.697583
26079 0.610162
26080 0.65361
26081 0.611412
26082 0.571446
26083 0.702302
26084 0.643132
26085 0.60664
26086 0.626692
26087 0.66773
26088 0.54999
26089 0.909055
26090 0.861684
26091 0.890119
26092 0.463849
26093 0.448838
26094 0.35202
26095 0.843881
26096 0.387841
26097 0.577647
26098 0.482397
26099 0.496877
26100 0.70942
26101 0.749026
26102 0.788294
26103 0.525512
26104 0.754662
26105 0.656698
26106 0.66144
26107 0.347856
26108 0.36357
26109 0.491479
26110 0.751384
26111 0.802917
26112 0.732459
26113 0.789824
26114 0.621627
26115 0.649715
26116 0.714486
26117 0.788621
26118 0.449617
26119 0.448609
26120 0.820131
26121 0.664066
26122 0.690053
26123 0.705468
26124 0.603249
26125 0.617526
26126 0.630623
26127 0.565683
26128 0.609115
26129 0.721486
26130 0.616009
26131 0.70959
26132 0.396251
26133 0.827935
26134 0.843681
26135 0.610321
26136 0.504493
26137 0.628158
26138 0.72343
26139 0.601733
26140 0.687528
26141 0.792417
26142 0.543363
26143 0.748455
26144 0.788613
26145 0.544335
26146 0.652344
26147 0.727322
26148 0.491474
26149 0.699941
26150 0.605528
26151 0.636452
26152 0.628694
26153 0.711698
26154 0.754612
26155 0.724849
26156 0.676905
26157 0.761201
26158 0.369107
26159 0.836178
26160 0.663559
26161 0.698545
26162 0.69572
26163 0.79043
26164 0.911259
26165 0.478405
26166 0.317237
26167 0.648219
26168 0.705949
26169 0.821926
26170 0.865474
26171 0.786136
26172 0.862259
26173 0.850287
26174 0.867251
26175 0.608959
26176 0.694574
26177 0.668706
26178 0.728063
26179 0.603542
26180 0.605359
26181 0.594301
26182 0.933379
26183 0.769126
26184 0.462833
26185 0.485263
26186 0.378056
26187 0.927039
26188 0.728234
26189 0.631606
26190 0.685354
26191 0.76006
26192 0.742766
26193 0.699412
26194 0.910391
26195 0.86189
26196 0.585362
26197 0.650428
26198 0.620967
26199 0.690972
26200 0.730068
26201 0.772447
26202 0.581876
26203 0.641875
26204 0.751832
26205 0.701546
26206 0.664819
26207 0.935915
26208 0.766703
26209 0.7688
26210 0.806582
26211 0.91422
26212 0.664188
26213 0.759927
26214 0.817466
26215 0.83375
26216 0.769532
26217 0.758108
26218 0.730257
26219 0.563245
26220 0.793526
26221 0.751068
26222 0.772504
26223 0.617334
26224 0.740926
26225 0.93688
26226 0.616104
26227 0.886791
26228 0.622053
26229 0.548977
26230 0.889786
26231 0.578667
26232 0.733774
26233 0.58598
26234 0.792034
26235 0.716627
26236 0.619439
26237 0.77031
26238 0.64798
26239 0.810939
26240 0.860128
26241 0.626897
26242 0.595095
26243 0.629119
26244 0.771673
26245 0.878323
26246 0.915508
26247 0.761
26248 0.815778
26249 0.894454
26250 0.643475
26251 0.777066
26252 0.641435
26253 0.900447
26254 0.815951
26255 0.653757
26256 0.770932
26257 0.845685
26258 0.90712
26259 0.929154
26260 0.865972
26261 0.811147
26262 0.665459
26263 0.62596
26264 0.866122
26265 0.96059
26266 0.771379
26267 0.766173
26268 0.8061
26269 0.848662
26270 0.838962
26271 0.690301
26272 0.762548
26273 0.776876
26274 0.802932
26275 0.755719
26276 0.758625
26277 0.74922
26278 0.839252
26279 0.753222
26280 0.880926
26281 0.837127
26282 0.954669
26283 0.962611
26284 0.883688
26285 0.89897
26286 0.520841
26287 0.902794
26288 0.780911
26289 0.767271
26290 0.787625
26291 0.495236
26292 0.749377
26293 0.741036
26294 0.882536
26295 0.740984
26296 0.721551
26297 0.932257
26298 0.800275
26299 0.631878
26300 0.579943
26301 0.588379
26302 0.656755
26303 0.675448
26304 0.899368
26305 0.720289
26306 0.882027
26307 0.922863
26308 0.500455
26309 0.659945
26310 0.536026
26311 0.793918
26312 0.665574
26313 0.580909
26314 0.855052
26315 0.629828
26316 0.642054
26317 0.849523
26318 0.811571
26319 0.716694
26320 0.63189
26321 0.713079
26322 0.828457
26323 0.732932
26324 0.647823
26325 0.892798
26326 0.635713
26327 0.738958
26328 0.795708
26329 0.731567
26330 0.839748
26331 0.755169
26332 0.830654
26333 0.910895
26334 0.804591
26335 0.580584
26336 0.761778
26337 0.859559
26338 0.827832
26339 0.782686
26340 0.816168
26341 0.67527
26342 0.77592
26343 0.806117
26344 0.729092
26345 0.754174
26346 0.545155
26347 0.675029
26348 0.618158
26349 0.875176
26350 0.684388
26351 0.870685
26352 0.707584
26353 0.700682
26354 0.647818
26355 0.403649
26356 0.659438
26357 0.765252
26358 0.78247
26359 0.750427
26360 0.662235
26361 0.747798
26362 0.694781
26363 0.730978
26364 0.758593
26365 0.786648
26366 0.748762
26367 0.935368
26368 0.745257
26369 0.885319
26370 0.780592
26371 0.930343
26372 0.686176
26373 0.765419
26374 0.671423
26375 0.76372
26376 0.852726
26377 0.845745
26378 0.61154
26379 0.881472
26380 0.909427
26381 0.919077
26382 0.864744
26383 0.73202
26384 0.757876
26385 0.6481
26386 0.477148
26387 0.744506
26388 0.758648
26389 0.545342
26390 0.61948
26391 0.491228
26392 0.74478
26393 0.605039
26394 0.733374
26395 0.615153
26396 0.760275
26397 0.402927
26398 0.755968
26399 0.535042
26400 0.843557
26401 0.86799
26402 0.879204
26403 0.710261
26404 0.84705
26405 0.76828
26406 0.567343
26407 0.830939
26408 0.77321
26409 0.798233
26410 0.894204
26411 0.739568
26412 0.815632
26413 0.758699
26414 0.714586
26415 0.666311
26416 0.744946
26417 0.640028
26418 0.466125
26419 0.737112
26420 0.715958
26421 0.773589
26422 0.604898
26423 0.817729
26424 0.812494
26425 0.838154
26426 0.250376
26427 0.352726
26428 0.751082
26429 0.714746
26430 0.779624
26431 0.831806
26432 0.794687
26433 0.664841
26434 0.660411
26435 0.782184
26436 0.818642
26437 0.7106
26438 0.850425
26439 0.622881
26440 0.848553
26441 0.498585
26442 0.782778
26443 0.682241
26444 0.837113
26445 0.888908
26446 0.743017
26447 0.773929
26448 0.505277
26449 0.651517
26450 0.87611
26451 0.508634
26452 0.759581
26453 0.772933
26454 0.747113
26455 0.931273
26456 0.752395
26457 0.802772
26458 0.644954
26459 0.880615
26460 0.728684
26461 0.477435
26462 0.599977
26463 0.767309
26464 0.787106
26465 0.740594
26466 0.827399
26467 0.873164
26468 0.751025
26469 0.787902
26470 0.719196
26471 0.758986
26472 0.712454
26473 0.33519
26474 0.855357
26475 0.687501
26476 0.501457
26477 0.664819
26478 0.765994
26479 0.493939
26480 0.496314
26481 0.120517
26482 0.584131
26483 0.489287
26484 0.625408
26485 0.670703
26486 0.642483
26487 0.828501
26488 0.588247
26489 0.570803
26490 0.708343
26491 0.671073
26492 0.904705
26493 0.586143
26494 0.683358
26495 0.937225
26496 0.748449
26497 0.784625
26498 0.701688
26499 0.702387
26500 0.632874
26501 0.831416
26502 0.828371
26503 0.681408
26504 0.902015
26505 0.679608
26506 0.854708
26507 0.670125
26508 0.797743
26509 0.812255
26510 0.904628
26511 0.640024
26512 0.731542
26513 0.684858
26514 0.826958
26515 0.687024
26516 0.72962
26517 0.773515
26518 0.765818
26519 0.775817
26520 0.912331
26521 0.741127
26522 0.814982
26523 0.786244
26524 0.688579
26525 0.602612
26526 0.812404
26527 0.866843
26528 0.881523
26529 0.534425
26530 0.364404
26531 0.741773
26532 0.748599
26533 0.557605
26534 0.707109
26535 0.856465
26536 0.537019
26537 0.724054
26538 0.714683
26539 0.761939
26540 0.873801
26541 0.874522
26542 0.798714
26543 0.544314
26544 0.536615
26545 0.867565
26546 0.551227
26547 0.528235
26548 0.538155
26549 0.255276
26550 0.4547
26551 0.405953
26552 0.436339
26553 0.669871
26554 0.617421
26555 0.724956
26556 0.590371
26557 0.767571
26558 0.541278
26559 0.7027
26560 0.863113
26561 0.679063
26562 0.851075
26563 0.581482
26564 0.817123
26565 0.64917
26566 0.716035
26567 0.739221
26568 0.748447
26569 0.676799
26570 0.809564
26571 0.704469
26572 0.717736
26573 0.915879
26574 0.720161
26575 0.514981
26576 0.753456
26577 0.442264
26578 0.380357
26579 0.592515
26580 0.57154
26581 0.757135
26582 0.376994
26583 0.564525
26584 0.692379
26585 0.621685
26586 0.820396
26587 0.7804
26588 0.926369
26589 0.77266
26590 0.481188
26591 0.760959
26592 0.806458
26593 0.788572
26594 0.820511
26595 0.813198
26596 0.814399
26597 0.431309
26598 0.676575
26599 0.657341
26600 0.661473
26601 0.698305
26602 0.752315
26603 0.844501
26604 0.912291
26605 0.820437
26606 0.760935
26607 0.927898
26608 0.695405
26609 0.677385
26610 0.606636
26611 0.423344
26612 0.655821
26613 0.948094
26614 0.860632
26615 0.676866
26616 0.870464
26617 0.860598
26618 0.861764
26619 0.708195
26620 0.644912
26621 0.572479
26622 0.634412
26623 0.783132
26624 0.764821
26625 0.564229
26626 0.563848
26627 0.788179
26628 0.461792
26629 0.850037
26630 0.637819
26631 0.591589
26632 0.846704
26633 0.734526
26634 0.937832
26635 0.779316
26636 0.765655
26637 0.692569
26638 0.646732
26639 0.503648
26640 0.64501
26641 0.858756
26642 0.732903
26643 0.57446
26644 0.813045
26645 0.660926
26646 0.868871
26647 0.755019
26648 0.479189
26649 0.773583
26650 0.695688
26651 0.226277
26652 0.388784
26653 0.798785
26654 0.831371
26655 0.634434
26656 0.696832
26657 0.567378
26658 0.34998
26659 0.639044
26660 0.421379
26661 0.415557
26662 0.680162
26663 0.352704
26664 0.860698
26665 0.7244
26666 0.816076
26667 0.730609
26668 0.661095
26669 0.573344
26670 0.735562
26671 0.705082
26672 0.674588
26673 0.690812
26674 0.59233
26675 0.499139
26676 0.614826
26677 0.671124
26678 0.356172
26679 0.783955
26680 0.448635
26681 0.478088
26682 0.784369
26683 0.77207
26684 0.777727
26685 0.737227
26686 0.548786
26687 0.311405
26688 0.489037
26689 0.511013
26690 0.602327
26691 0.807527
26692 0.303289
26693 0.579996
26694 0.193888
26695 0.549027
26696 0.377601
26697 0.567043
26698 0.721229
26699 0.453251
26700 0.654696
26701 0.577661
26702 0.901841
26703 0.530359
26704 0.728088
26705 0.448199
26706 0.382364
26707 0.831761
26708 0.901005
26709 0.401573
26710 0.698889
26711 0.908147
26712 0.579455
26713 0.710098
26714 0.348644
26715 0.734787
26716 0.918028
26717 0.833599
26718 0.73866
26719 0.908579
26720 0.62059
26721 0.487247
26722 0.517028
26723 0.608881
26724 0.386192
26725 0.561494
26726 0.529805
26727 0.447843
26728 0.878907
26729 0.420244
26730 0.783555
26731 0.593034
26732 0.363139
26733 0.555104
26734 0.494032
26735 0.529792
26736 0.513533
26737 0.568026
26738 0.673702
26739 0.416972
26740 0.745621
26741 0.502086
26742 0.639528
26743 0.677622
26744 0.952897
26745 0.795664
26746 0.440842
26747 0.528928
26748 0.555612
26749 0.579317
26750 0.766578
26751 0.570382
26752 0.724666
26753 0.848227
26754 0.967894
26755 0.635566
26756 0.773459
26757 0.736478
26758 0.652685
26759 0.921682
26760 0.713403
26761 0.78445
26762 0.78642
26763 0.614811
26764 0.657538
26765 0.806992
26766 0.787144
26767 0.374454
26768 0.335812
26769 0.614326
26770 0.719189
26771 0.702547
26772 0.676069
26773 0.435008
26774 0.251907
26775 0.679996
26776 0.847962
26777 0.688093
26778 0.672753
26779 0.40156
26780 0.515705
26781 0.285103
26782 0.707829
26783 0.622393
26784 0.481193
26785 0.841774
26786 0.85223
26787 0.833789
26788 0.486144
26789 0.122199
26790 0.301801
26791 0.672242
26792 0.749332
26793 0.650944
26794 0.678128
26795 0.702097
26796 0.812225
26797 0.731609
26798 0.655175
26799 0.717234
26800 0.39051
26801 0.138476
26802 0.277027
26803 0.637123
26804 0.31522
26805 0.461387
26806 0.544141
26807 0.451068
26808 0.393742
26809 0.711064
26810 0.715985
26811 0.795172
26812 0.722808
26813 0.870394
26814 0.298271
26815 0.851697
26816 0.609924
26817 0.626559
26818 0.722288
26819 0.857523
26820 0.601744
26821 0.769963
26822 0.774576
26823 0.625295
26824 0.568085
26825 0.859985
26826 0.838951
26827 0.533223
26828 0.491958
26829 0.156412
26830 0.480948
26831 0.735068
26832 0.924937
26833 0.645974
26834 0.424981
26835 0.687903
26836 0.783721
26837 0.799067
26838 0.870609
26839 0.893983
26840 0.867314
26841 0.676201
26842 0.497749
26843 0.470285
26844 0.506282
26845 0.624472
26846 0.455219
26847 0.740058
26848 0.697553
26849 0.483343
26850 0.816049
26851 0.875913
26852 0.820931
26853 0.759119
26854 0.748656
26855 0.274845
26856 0.551771
26857 0.390475
26858 0.691582
26859 0.659755
26860 0.825689
26861 0.4371
26862 0.570652
26863 0.525885
26864 0.599604
26865 0.562836
26866 0.701922
26867 0.586499
26868 0.716508
26869 0.59481
26870 0.553346
26871 0.510029
26872 0.443094
26873 0.674953
26874 0.327107
26875 0.506781
26876 0.809927
26877 0.586242
26878 0.625682
26879 0.703267
26880 0.790722
26881 0.750094
26882 0.78944
26883 0.40705
26884 0.552237
26885 0.596482
26886 0.701539
26887 0.733637
26888 0.729435
26889 0.682125
26890 0.797451
26891 0.371176
26892 0.731928
26893 0.50793
26894 0.556795
26895 0.565721
26896 0.603093
26897 0.831659
26898 0.624696
26899 0.721136
26900 0.844382
26901 0.694864
26902 0.679624
26903 0.83019
26904 0.666217
26905 0.889727
26906 0.83776
26907 0.650134
26908 0.841746
26909 0.716632
26910 0.577433
26911 0.752143
26912 0.796351
26913 0.734315
26914 0.782729
26915 0.682921
26916 0.75544
26917 0.719458
26918 0.781082
26919 0.652157
26920 0.928282
26921 0.727109
26922 0.722637
26923 0.685193
26924 0.91878
26925 0.802783
26926 0.776798
26927 0.927925
26928 0.929966
26929 0.742687
26930 0.684613
26931 0.901331
26932 0.752395
26933 0.7312
26934 0.722924
26935 0.601311
26936 0.912081
26937 0.82134
26938 0.825304
26939 0.0998166
26940 0.841485
26941 0.750074
26942 0.58043
26943 0.346182
26944 0.615472
26945 0.804849
26946 0.71517
26947 0.800168
26948 0.671381
26949 0.797684
26950 0.744682
26951 0.746661
26952 0.895707
26953 0.835626
26954 0.716386
26955 0.789677
26956 0.722683
26957 0.811878
26958 0.518892
26959 0.55016
26960 0.102913
26961 0.830279
26962 0.421997
26963 0.259738
26964 0.254082
26965 0.981662
26966 0.620378
26967 0.88297
26968 0.896606
26969 0.666897
26970 0.95848
26971 0.578369
26972 0.707497
26973 0.607469
26974 0.312006
26975 0.869293
26976 0.726775
26977 0.968988
26978 0.859913
26979 0.890506
26980 0.920607
26981 0.716591
26982 0.562855
26983 0.67999
26984 0.881369
26985 0.402367
26986 0.62109
26987 0.744197
26988 0.749608
26989 0.657992
26990 0.886674
26991 0.913047
26992 0.666818
26993 0.87463
26994 0.813164
26995 0.81905
26996 0.681465
26997 0.437565
26998 0.873178
26999 0.682069
27000 0.617497
27001 0.533064
27002 0.530329
27003 0.228793
27004 0.57158
27005 0.426833
27006 0.78266
27007 0.582931
27008 0.645039
27009 0.724691
27010 0.631274
27011 0.669101
27012 0.790069
27013 0.0767368
27014 0.931102
27015 0.774941
27016 0.750207
27017 0.656993
27018 0.809997
27019 0.779168
27020 0.741057
27021 0.687242
27022 0.0849657
27023 0.649866
27024 0.42959
27025 0.974078
27026 0.629319
27027 0.672643
27028 0.691919
27029 0.49571
27030 0.41685
27031 0.496969
27032 0.744054
27033 0.390152
27034 0.66312
27035 0.460329
27036 0.505576
27037 0.754152
27038 0.659566
27039 0.683751
27040 0.866071
27041 0.618298
27042 0.475185
27043 0.480893
27044 0.738705
27045 0.670882
27046 0.603331
27047 0.602471
27048 0.562484
27049 0.581357
27050 0.608742
27051 0.672797
27052 0.663618
27053 0.739176
27054 0.741024
27055 0.661915
27056 0.759652
27057 0.499369
27058 0.629115
27059 0.554014
27060 0.465316
27061 0.833926
27062 0.581146
27063 0.52519
27064 0.746565
27065 0.802953
27066 0.528469
27067 0.616869
27068 0.550999
27069 0.740873
27070 0.812245
27071 0.475898
27072 0.738552
27073 0.744777
27074 0.605643
27075 0.449536
27076 0.696873
27077 0.470028
27078 0.324073
27079 0.745638
27080 0.713767
27081 0.521732
27082 0.276503
27083 0.482334
27084 0.930172
27085 0.778316
27086 0.738433
27087 0.601806
27088 0.625921
27089 0.660997
27090 0.641964
27091 0.804028
27092 0.824208
27093 0.710082
27094 0.422006
27095 0.651854
27096 0.367964
27097 0.41667
27098 0.726447
27099 0.565112
27100 0.692598
27101 0.586177
27102 0.562289
27103 0.384401
27104 0.401501
27105 0.622731
27106 0.648869
27107 0.792866
27108 0.687357
27109 0.394222
27110 0.716491
27111 0.728054
27112 0.485099
27113 0.501688
27114 0.52734
27115 0.482913
27116 0.603104
27117 0.762473
27118 0.517035
27119 0.59296
27120 0.625674
27121 0.654661
27122 0.920996
27123 0.629642
27124 0.671424
27125 0.585992
27126 0.713508
27127 0.616069
27128 0.624781
27129 0.642699
27130 0.624579
27131 0.651543
27132 0.654393
27133 0.472243
27134 0.917896
27135 0.62516
27136 0.968911
27137 0.618547
27138 0.713247
27139 0.884933
27140 0.630521
27141 0.670427
27142 0.693902
27143 0.65362
27144 0.700476
27145 0.628971
27146 0.77615
27147 0.418497
27148 0.471932
27149 0.728474
27150 0.654658
27151 0.461857
27152 0.879619
27153 0.650642
27154 0.744254
27155 0.53217
27156 0.572795
27157 0.749447
27158 0.460971
27159 0.722038
27160 0.735715
27161 0.748913
27162 0.828407
27163 0.745608
27164 0.509072
27165 0.515422
27166 0.845911
27167 0.797922
27168 0.682017
27169 0.752862
27170 0.817872
27171 0.479108
27172 0.558068
27173 0.435669
27174 0.511373
27175 0.579684
27176 0.402288
27177 0.659645
27178 0.774022
27179 0.407153
27180 0.640831
27181 0.78899
27182 0.632232
27183 0.617262
27184 0.731279
27185 0.763249
27186 0.652663
27187 0.573618
27188 0.742806
27189 0.593037
27190 0.730729
27191 0.79324
27192 0.563592
27193 0.699669
27194 0.617248
27195 0.832376
27196 0.850045
27197 0.718132
27198 0.588297
27199 0.409081
27200 0.795755
27201 0.483162
27202 0.827958
27203 0.413453
27204 0.723576
27205 0.913773
27206 0.685381
27207 0.726943
27208 0.751086
27209 0.933655
27210 0.93006
27211 0.681312
27212 0.657157
27213 0.77576
27214 0.784524
27215 0.65919
27216 0.823339
27217 0.681069
27218 0.668492
27219 0.658047
27220 0.590657
27221 0.685915
27222 0.573381
27223 0.622156
27224 0.766746
27225 0.895672
27226 0.836126
27227 0.893747
27228 0.762656
27229 0.645574
27230 0.876984
27231 0.307237
27232 0.793078
27233 0.270633
27234 0.518424
27235 0.395073
27236 0.720815
27237 0.695509
27238 0.688312
27239 0.381863
27240 0.486846
27241 0.764432
27242 0.559049
27243 0.765528
27244 0.606113
27245 0.812271
27246 0.758574
27247 0.577016
27248 0.536242
27249 0.671651
27250 0.878737
27251 0.65553
27252 0.823588
27253 0.708224
27254 0.630865
27255 0.762177
27256 0.796733
27257 0.663666
27258 0.637589
27259 0.922976
27260 0.737587
27261 0.884973
27262 0.874225
27263 0.812275
27264 0.606018
27265 0.684989
27266 0.763299
27267 0.636406
27268 0.707051
27269 0.725646
27270 0.789865
27271 0.624035
27272 0.591826
27273 0.736057
27274 0.88247
27275 0.549651
27276 0.550826
27277 0.719435
27278 0.716006
27279 0.676847
27280 0.488488
27281 0.697073
27282 0.633256
27283 0.902771
27284 0.801467
27285 0.860895
27286 0.816842
27287 0.804029
27288 0.743943
27289 0.838148
27290 0.824969
27291 0.801996
27292 0.783327
27293 0.835
27294 0.575149
27295 0.720333
27296 0.554007
27297 0.758245
27298 0.782421
27299 0.712932
27300 0.63257
27301 0.746078
27302 0.630451
27303 0.702986
27304 0.906983
27305 0.740893
27306 0.872841
27307 0.754477
27308 0.642649
27309 0.785776
27310 0.724837
27311 0.686687
27312 0.636516
27313 0.811119
27314 0.634835
27315 0.775195
27316 0.552161
27317 0.540643
27318 0.611993
27319 0.501562
27320 0.921223
27321 0.345608
27322 0.464082
27323 0.72712
27324 0.772663
27325 0.468604
27326 0.578669
27327 0.664704
27328 0.725756
27329 0.932772
27330 0.778985
27331 0.811368
27332 0.851948
27333 0.869207
27334 0.820356
27335 0.948424
27336 0.67234
27337 0.265234
27338 0.517766
27339 0.74178
27340 0.549133
27341 0.311681
27342 0.662517
27343 0.0801688
27344 0.450323
27345 0.530723
27346 0.589942
27347 0.707589
27348 0.618236
27349 0.741056
27350 0.770489
27351 0.537863
27352 0.520404
27353 0.540985
27354 0.750325
27355 0.48869
27356 0.523717
27357 0.501234
27358 0.407584
27359 0.967968
27360 0.937103
27361 0.547846
27362 0.500335
27363 0.420691
27364 0.287557
27365 0.487813
27366 0.825023
27367 0.905304
27368 0.443169
27369 0.446585
27370 0.528112
27371 0.567532
27372 0.750429
27373 0.61485
27374 0.760745
27375 0.731708
27376 0.725896
27377 0.614446
27378 0.606469
27379 0.506205
27380 0.647307
27381 0.786875
27382 0.1346
27383 0.545005
27384 0.906877
27385 0.433574
27386 0.379645
27387 0.449802
27388 0.411937
27389 0.607035
27390 0.695609
27391 0.656731
27392 0.792071
27393 0.799153
27394 0.419522
27395 0.491392
27396 0.593893
27397 0.499429
27398 0.564652
27399 0.778316
27400 0.331119
27401 0.55179
27402 0.502943
27403 0.514608
27404 0.643726
27405 0.751593
27406 0.246675
27407 0.406231
27408 0.723161
27409 0.674192
27410 0.490696
27411 0.682322
27412 0.736708
27413 0.899821
27414 0.72749
27415 0.82508
27416 0.813368
27417 0.649543
27418 0.818344
27419 0.775838
27420 0.576003
27421 0.663791
27422 0.554197
27423 0.50303
27424 0.909462
27425 0.183095
27426 0.56369
27427 0.693121
27428 0.469779
27429 0.324539
27430 0.591155
27431 0.745019
27432 0.793845
27433 0.646672
27434 0.799528
27435 0.844556
27436 0.913853
27437 0.624924
27438 0.74746
27439 0.691118
27440 0.496227
27441 0.822958
27442 0.31242
27443 0.415609
27444 0.745369
27445 0.596457
27446 0.70835
27447 0.465778
27448 0.632258
27449 0.510971
27450 0.731957
27451 0.63547
27452 0.107744
27453 0.422096
27454 0.365712
27455 0.532966
27456 0.1627
27457 0.295348
27458 0.735836
27459 0.802794
27460 0.890688
27461 0.798091
27462 0.453256
27463 0.902838
27464 0.79183
27465 0.436591
27466 0.780242
27467 0.453302
27468 0.629066
27469 0.663426
27470 0.616759
27471 0.606498
27472 0.45063
27473 0.636976
27474 0.74254
27475 0.849394
27476 0.784122
27477 0.787936
27478 0.543637
27479 0.430202
27480 0.673581
27481 0.712839
27482 0.841096
27483 0.601958
27484 0.116125
27485 0.878699
27486 0.506452
27487 0.523289
27488 0.715302
27489 0.603476
27490 0.610659
27491 0.53203
27492 0.214462
27493 0.769079
27494 0.542032
27495 0.495946
27496 0.66191
27497 0.791305
27498 0.7747
27499 0.711029
27500 0.527655
27501 0.509464
27502 0.822136
27503 0.906856
27504 0.586694
27505 0.590075
27506 0.669076
27507 0.834149
27508 0.818502
27509 0.632206
27510 0.552353
27511 0.818022
27512 0.881791
27513 0.684221
27514 0.725111
27515 0.571801
27516 0.717977
27517 0.678427
27518 0.947228
27519 0.367508
27520 0.529549
27521 0.864323
27522 0.801386
27523 0.653781
27524 0.421276
27525 0.361139
27526 0.447107
27527 0.864613
27528 0.779813
27529 0.787492
27530 0.829791
27531 0.778295
27532 0.701022
27533 0.593581
27534 0.531468
27535 0.620693
27536 0.311461
27537 0.74646
27538 0.666302
27539 0.546366
27540 0.666442
27541 0.429188
27542 0.770618
27543 0.212324
27544 0.57842
27545 0.46598
27546 0.128314
27547 0.157439
27548 0.576851
27549 0.767649
27550 0.685585
27551 0.566699
27552 0.749477
27553 0.691933
27554 0.70134
27555 0.721591
27556 0.867083
27557 0.939563
27558 0.950535
27559 0.643221
27560 0.330504
27561 0.492566
27562 0.337059
27563 0.478009
27564 0.437109
27565 0.822455
27566 0.483327
27567 0.640075
27568 0.605122
27569 0.739017
27570 0.288197
27571 0.752916
27572 0.734775
27573 0.611104
27574 0.709675
27575 0.793606
27576 0.696033
27577 0.595823
27578 0.702616
27579 0.657166
27580 0.643438
27581 0.701805
27582 0.892313
27583 0.856875
27584 0.865856
27585 0.125353
27586 0.777428
27587 0.79308
27588 0.7474
27589 0.612689
27590 0.880916
27591 0.654228
27592 0.521171
27593 0.836616
27594 0.820234
27595 0.957766
27596 0.686105
27597 0.751075
27598 0.910011
27599 0.758458
27600 0.883581
27601 0.861595
27602 0.816618
27603 0.481051
27604 0.420173
27605 0.601169
27606 0.745228
27607 0.528805
27608 0.400113
27609 0.420318
27610 0.827312
27611 0.66372
27612 0.608424
27613 0.489512
27614 0.408031
27615 0.690956
27616 0.884751
27617 0.0572564
27618 0.320166
27619 0.397446
27620 0.759554
27621 0.481236
27622 0.611136
27623 0.480175
27624 0.784191
27625 0.809707
27626 0.888649
27627 0.485843
27628 0.465081
27629 0.616715
27630 0.686327
27631 0.598955
27632 0.393743
27633 0.295328
27634 0.58303
27635 0.792965
27636 0.758007
27637 0.92711
27638 0.86847
27639 0.85553
27640 0.844829
27641 0.75194
27642 0.724744
27643 0.472989
27644 0.476562
27645 0.900487
27646 0.68678
27647 0.335264
27648 0.577004
27649 0.616223
27650 0.821096
27651 0.665511
27652 0.697221
27653 0.3286
27654 0.691058
27655 0.106991
27656 0.91315
27657 0.497282
27658 0.989308
27659 0.515748
27660 0.739939
27661 0.612266
27662 0.51756
27663 0.416001
27664 0.783991
27665 0.729892
27666 0.860473
27667 0.815378
27668 0.44398
27669 0.816592
27670 0.864267
27671 0.812794
27672 0.869081
27673 0.713406
27674 0.713629
27675 0.618916
27676 0.433908
27677 0.581819
27678 0.262553
27679 0.379294
27680 0.62386
27681 0.701622
27682 0.913858
27683 0.105855
27684 0.182173
27685 0.641209
27686 0.603664
27687 0.464579
27688 0.689965
27689 0.886923
27690 0.650103
27691 0.613862
27692 0.705204
27693 0.512942
27694 0.717033
27695 0.911284
27696 0.689633
27697 0.567439
27698 0.828855
27699 0.790025
27700 0.562739
27701 0.12943
27702 0.868858
27703 0.557269
27704 0.465572
27705 0.798338
27706 0.428832
27707 0.641489
27708 0.728827
27709 0.702348
27710 0.679812
27711 0.764454
27712 0.870166
27713 0.412987
27714 0.77062
27715 0.459947
27716 0.324973
27717 0.637127
27718 0.580824
27719 0.389016
27720 0.703547
27721 0.659839
27722 0.853453
27723 0.609971
27724 0.875217
27725 0.865897
27726 0.94293
27727 0.858514
27728 0.718373
27729 0.556451
27730 0.672371
27731 0.798131
27732 0.71995
27733 0.593433
27734 0.842911
27735 0.60558
27736 0.740903
27737 0.648116
27738 0.645508
27739 0.70264
27740 0.822414
27741 0.608304
27742 0.616158
27743 0.544859
27744 0.806648
27745 0.585055
27746 0.662207
27747 0.587091
27748 0.781892
27749 0.869917
27750 0.146444
27751 0.465722
27752 0.507371
27753 0.769029
27754 0.486064
27755 0.843456
27756 0.395285
27757 0.407302
27758 0.190895
27759 0.377968
27760 0.338643
27761 0.863812
27762 0.757673
27763 0.345358
27764 0.676931
27765 0.401682
27766 0.38772
27767 0.90197
27768 0.723477
27769 0.659993
27770 0.777388
27771 0.640354
27772 0.792729
27773 0.634321
27774 0.708408
27775 0.376454
27776 0.811006
27777 0.857589
27778 0.31564
27779 0.345274
27780 0.755891
27781 0.529117
27782 0.821886
27783 0.696312
27784 0.829045
27785 0.778133
27786 0.660136
27787 0.749161
27788 0.614513
27789 0.225757
27790 0.146869
27791 0.688542
27792 0.782689
27793 0.896023
27794 0.815943
27795 0.753175
27796 0.490356
27797 0.826603
27798 0.788958
27799 0.659613
27800 0.710676
27801 0.570283
27802 0.680614
27803 0.63892
27804 0.682343
27805 0.381305
27806 0.368026
27807 0.940744
27808 0.676271
27809 0.765294
27810 0.719677
27811 0.80413
27812 0.662626
27813 0.738424
27814 0.696211
27815 0.680813
27816 0.736945
27817 0.502105
27818 0.612376
27819 0.687
27820 0.562847
27821 0.816428
27822 0.813594
27823 0.781508
27824 0.570438
27825 0.849604
27826 0.600441
27827 0.855774
27828 0.751603
27829 0.797052
27830 0.678934
27831 0.762929
27832 0.16272
27833 0.375875
27834 0.345019
27835 0.25743
27836 0.81285
27837 0.77196
27838 0.862743
27839 0.447152
27840 0.190363
27841 0.281388
27842 0.125088
27843 0.585686
27844 0.372044
27845 0.380524
27846 0.573686
27847 0.797845
27848 0.712483
27849 0.816786
27850 0.47915
27851 0.552035
27852 0.496024
27853 0.629717
27854 0.497047
27855 0.740148
27856 0.235391
27857 0.265764
27858 0.825128
27859 0.756354
27860 0.202203
27861 0.306962
27862 0.630285
27863 0.845615
27864 0.812419
27865 0.255184
27866 0.419017
27867 0.537046
27868 0.100752
27869 0.644521
27870 0.776036
27871 0.821542
27872 0.703695
27873 0.76018
27874 0.493561
27875 0.75963
27876 0.636541
27877 0.909358
27878 0.554776
27879 0.666898
27880 0.61954
27881 0.71151
27882 0.874724
27883 0.500598
27884 0.843414
27885 0.542158
27886 0.623363
27887 0.553243
27888 0.610212
27889 0.784366
27890 0.492073
27891 0.213038
27892 0.574222
27893 0.835278
27894 0.620669
27895 0.630728
27896 0.257575
27897 0.470912
